timestamp,id_veiculo,tipo_veiculo,cruzamento,pos_x,pos_y,velocidade_kmh,aceleracao_ms2
2026-09-28 17:38:21,V0000,Moto,No_A_Centro,29.62,15.02,56.63,4.22
2026-09-28 17:38:22,V0000,Moto,No_A_Centro,48.27,11.87,78.27,4.69
2026-09-28 17:38:23,V0000,Moto,No_A_Centro,18.65,14.29,63.36,3.0
2026-09-28 17:38:24,V0000,Moto,No_A_Centro,6.71,31.26,65.41,1.11
2026-09-28 17:38:25,V0000,Moto,No_A_Centro,23.41,24.72,57.94,5.32
2026-09-28 17:38:26,V0000,Moto,No_A_Centro,24.23,17.58,72.19,4.27
2026-09-28 17:38:27,V0000,Moto,No_A_Centro,2.11,37.5,55.66,2.52
2026-09-28 17:38:28,V0000,Moto,No_A_Centro,11.87,1.89,73.85,3.15
2026-09-28 17:38:29,V0000,Moto,No_A_Centro,17.99,15.67,55.39,4.13
2026-09-28 17:38:30,V0000,Moto,No_A_Centro,41.38,0.39,63.08,0.83
2026-09-28 17:38:22,V0001,Carro,No_C_Leste,20.12,36.68,25.43,0.45
2026-09-28 17:38:23,V0001,Carro,No_C_Leste,28.75,30.01,37.81,0.48
2026-09-28 17:38:24,V0001,Carro,No_C_Leste,18.78,35.51,28.67,0.92
2026-09-28 17:38:25,V0001,Carro,No_C_Leste,48.97,43.81,43.02,-0.59
2026-09-28 17:38:26,V0001,Carro,No_C_Leste,42.69,48.78,36.39,0.03
2026-09-28 17:38:27,V0001,Carro,No_C_Leste,5.07,19.77,39.55,1.03
2026-09-28 17:38:28,V0001,Carro,No_C_Leste,47.48,31.23,39.34,0.07
2026-09-28 17:38:29,V0001,Carro,No_C_Leste,1.68,41.15,27.76,0.13
2026-09-28 17:38:30,V0001,Carro,No_C_Leste,33.6,2.64,28.51,0.31
2026-09-28 17:38:31,V0001,Carro,No_C_Leste,14.66,47.43,35.76,0.48
2026-09-28 17:38:23,V0002,Caminhao,No_B_Norte,39.51,0.74,35.01,0.34
2026-09-28 17:38:24,V0002,Caminhao,No_B_Norte,40.36,19.07,36.24,0.16
2026-09-28 17:38:25,V0002,Caminhao,No_B_Norte,37.87,15.77,44.89,0.42
2026-09-28 17:38:26,V0002,Caminhao,No_B_Norte,26.61,12.01,42.06,-0.18
2026-09-28 17:38:27,V0002,Caminhao,No_B_Norte,48.25,20.91,44.07,-0.88
2026-09-28 17:38:28,V0002,Caminhao,No_B_Norte,2.75,24.13,39.82,-0.75
2026-09-28 17:38:29,V0002,Caminhao,No_B_Norte,40.01,46.51,30.88,-0.26
2026-09-28 17:38:30,V0002,Caminhao,No_B_Norte,32.95,44.17,45.07,-0.72
2026-09-28 17:38:31,V0002,Caminhao,No_B_Norte,2.14,20.85,36.84,0.08
2026-09-28 17:38:32,V0002,Caminhao,No_B_Norte,24.25,6.48,40.02,0.79
2026-09-28 17:38:24,V0003,Carro,No_C_Leste,33.87,29.11,75.11,2.08
2026-09-28 17:38:25,V0003,Carro,No_C_Leste,15.85,11.32,62.53,3.07
2026-09-28 17:38:26,V0003,Carro,No_C_Leste,18.62,21.34,68.81,-0.59
2026-09-28 17:38:27,V0003,Carro,No_C_Leste,49.68,18.18,53.66,3.89
2026-09-28 17:38:28,V0003,Carro,No_C_Leste,21.09,21.12,58.07,1.42
2026-09-28 17:38:29,V0003,Carro,No_C_Leste,24.78,37.13,54.3,2.83
2026-09-28 17:38:30,V0003,Carro,No_C_Leste,24.1,31.61,65.7,3.84
2026-09-28 17:38:31,V0003,Carro,No_C_Leste,16.39,25.39,68.73,4.74
2026-09-28 17:38:32,V0003,Carro,No_C_Leste,19.63,25.27,68.32,3.45
2026-09-28 17:38:33,V0003,Carro,No_C_Leste,34.51,26.4,49.45,5.77
2026-09-28 17:38:25,V0004,Carro,No_A_Centro,8.92,35.47,76.11,9.63
2026-09-28 17:38:26,V0004,Carro,No_A_Centro,40.51,13.42,58.26,8.24
2026-09-28 17:38:27,V0004,Carro,No_A_Centro,42.65,13.0,78.96,4.91
2026-09-28 17:38:28,V0004,Carro,No_A_Centro,19.56,19.94,93.03,3.46
2026-09-28 17:38:29,V0004,Carro,No_A_Centro,40.43,42.96,76.88,1.81
2026-09-28 17:38:30,V0004,Carro,No_A_Centro,8.51,11.02,81.86,-0.26
2026-09-28 17:38:31,V0004,Carro,No_A_Centro,38.6,40.57,75.85,3.37
2026-09-28 17:38:32,V0004,Carro,No_A_Centro,40.75,4.82,93.64,2.54
2026-09-28 17:38:33,V0004,Carro,No_A_Centro,27.14,35.93,104.1,2.92
2026-09-28 17:38:34,V0004,Carro,No_A_Centro,6.16,37.14,74.87,5.32
2026-09-28 17:38:26,V0005,Carro,No_B_Norte,27.4,18.64,36.44,-0.55
2026-09-28 17:38:27,V0005,Carro,No_B_Norte,19.92,21.4,45.88,-0.87
2026-09-28 17:38:28,V0005,Carro,No_B_Norte,39.91,18.43,38.91,0.21
2026-09-28 17:38:29,V0005,Carro,No_B_Norte,9.64,45.53,39.79,0.73
2026-09-28 17:38:30,V0005,Carro,No_B_Norte,17.28,48.26,48.09,0.88
2026-09-28 17:38:31,V0005,Carro,No_B_Norte,32.49,39.6,40.26,1.09
2026-09-28 17:38:32,V0005,Carro,No_B_Norte,19.68,42.99,43.86,1.2
2026-09-28 17:38:33,V0005,Carro,No_B_Norte,40.27,31.33,39.67,0.43
2026-09-28 17:38:34,V0005,Carro,No_B_Norte,9.73,47.53,36.85,1.39
2026-09-28 17:38:35,V0005,Carro,No_B_Norte,36.48,44.59,38.15,1.44
2026-09-28 17:38:27,V0006,Carro,No_B_Norte,19.49,15.35,38.17,-0.89
2026-09-28 17:38:28,V0006,Carro,No_B_Norte,13.19,15.08,38.42,1.11
2026-09-28 17:38:29,V0006,Carro,No_B_Norte,35.5,4.17,46.65,0.27
2026-09-28 17:38:30,V0006,Carro,No_B_Norte,12.17,30.96,48.01,-0.68
2026-09-28 17:38:31,V0006,Carro,No_B_Norte,4.48,1.07,45.15,-0.68
2026-09-28 17:38:32,V0006,Carro,No_B_Norte,16.0,32.23,40.61,1.63
2026-09-28 17:38:33,V0006,Carro,No_B_Norte,17.39,44.78,40.42,-0.96
2026-09-28 17:38:34,V0006,Carro,No_B_Norte,24.67,19.66,31.47,1.53
2026-09-28 17:38:35,V0006,Carro,No_B_Norte,4.07,7.43,35.27,-2.03
2026-09-28 17:38:36,V0006,Carro,No_B_Norte,39.07,6.39,33.13,-0.27
2026-09-28 17:38:28,V0007,Carro,No_C_Leste,11.39,30.47,58.06,6.28
2026-09-28 17:38:29,V0007,Carro,No_C_Leste,41.71,16.24,75.64,4.25
2026-09-28 17:38:30,V0007,Carro,No_C_Leste,32.74,44.23,58.56,2.37
2026-09-28 17:38:31,V0007,Carro,No_C_Leste,18.9,24.23,60.71,3.39
2026-09-28 17:38:32,V0007,Carro,No_C_Leste,25.6,0.7,61.3,0.75
2026-09-28 17:38:33,V0007,Carro,No_C_Leste,49.94,23.16,71.61,5.74
2026-09-28 17:38:34,V0007,Carro,No_C_Leste,49.74,42.96,59.13,1.49
2026-09-28 17:38:35,V0007,Carro,No_C_Leste,1.89,10.23,75.48,0.51
2026-09-28 17:38:36,V0007,Carro,No_C_Leste,11.83,14.25,67.51,1.84
2026-09-28 17:38:37,V0007,Carro,No_C_Leste,20.71,3.26,71.33,1.36
2026-09-28 17:38:29,V0008,Moto,No_B_Norte,17.79,11.35,41.9,-0.38
2026-09-28 17:38:30,V0008,Moto,No_B_Norte,29.4,2.46,34.92,0.25
2026-09-28 17:38:31,V0008,Moto,No_B_Norte,12.64,24.28,41.3,-0.4
2026-09-28 17:38:32,V0008,Moto,No_B_Norte,9.47,39.47,39.85,-0.08
2026-09-28 17:38:33,V0008,Moto,No_B_Norte,37.56,28.46,34.43,0.29
2026-09-28 17:38:34,V0008,Moto,No_B_Norte,5.52,33.52,38.49,0.58
2026-09-28 17:38:35,V0008,Moto,No_B_Norte,31.53,16.88,37.48,-0.65
2026-09-28 17:38:36,V0008,Moto,No_B_Norte,46.23,0.94,32.89,-0.44
2026-09-28 17:38:37,V0008,Moto,No_B_Norte,36.77,31.9,41.36,-1.26
2026-09-28 17:38:38,V0008,Moto,No_B_Norte,40.47,6.71,35.24,-0.51
2026-09-28 17:38:30,V0009,Moto,No_B_Norte,36.08,14.24,38.19,-0.61
2026-09-28 17:38:31,V0009,Moto,No_B_Norte,45.56,30.11,37.07,-0.71
2026-09-28 17:38:32,V0009,Moto,No_B_Norte,26.26,5.71,47.92,0.38
2026-09-28 17:38:33,V0009,Moto,No_B_Norte,30.4,7.89,44.93,0.74
2026-09-28 17:38:34,V0009,Moto,No_B_Norte,10.12,47.46,43.01,-0.01
2026-09-28 17:38:35,V0009,Moto,No_B_Norte,18.46,29.02,43.25,-0.92
2026-09-28 17:38:36,V0009,Moto,No_B_Norte,20.76,27.68,37.33,0.48
2026-09-28 17:38:37,V0009,Moto,No_B_Norte,24.27,11.98,26.76,-0.68
2026-09-28 17:38:38,V0009,Moto,No_B_Norte,41.73,35.94,36.0,-0.39
2026-09-28 17:38:39,V0009,Moto,No_B_Norte,2.06,47.16,38.54,0.79
2026-09-28 17:38:31,V0010,Carro,No_C_Leste,3.08,45.52,82.16,10.17
2026-09-28 17:38:32,V0010,Carro,No_C_Leste,44.43,29.68,89.18,5.43
2026-09-28 17:38:33,V0010,Carro,No_C_Leste,16.72,4.94,83.17,4.25
2026-09-28 17:38:34,V0010,Carro,No_C_Leste,37.95,12.01,91.33,7.36
2026-09-28 17:38:35,V0010,Carro,No_C_Leste,44.82,3.23,74.76,6.0
2026-09-28 17:38:36,V0010,Carro,No_C_Leste,40.01,6.03,84.6,6.92
2026-09-28 17:38:37,V0010,Carro,No_C_Leste,31.21,13.21,84.53,3.44
2026-09-28 17:38:38,V0010,Carro,No_C_Leste,19.29,14.58,102.86,6.1
2026-09-28 17:38:39,V0010,Carro,No_C_Leste,31.41,23.94,85.95,5.38
2026-09-28 17:38:40,V0010,Carro,No_C_Leste,19.67,26.2,70.72,4.97
2026-09-28 17:38:32,V0011,Moto,No_C_Leste,10.99,23.02,38.18,-0.63
2026-09-28 17:38:33,V0011,Moto,No_C_Leste,48.59,42.71,37.45,-0.53
2026-09-28 17:38:34,V0011,Moto,No_C_Leste,8.6,1.69,33.56,-2.4
2026-09-28 17:38:35,V0011,Moto,No_C_Leste,12.19,43.43,39.1,0.47
2026-09-28 17:38:36,V0011,Moto,No_C_Leste,45.15,5.65,38.61,0.22
2026-09-28 17:38:37,V0011,Moto,No_C_Leste,14.35,6.76,39.27,-1.29
2026-09-28 17:38:38,V0011,Moto,No_C_Leste,27.66,5.15,37.11,0.67
2026-09-28 17:38:39,V0011,Moto,No_C_Leste,0.64,45.38,38.68,-0.12
2026-09-28 17:38:40,V0011,Moto,No_C_Leste,10.03,26.54,47.72,-0.75
2026-09-28 17:38:41,V0011,Moto,No_C_Leste,22.41,24.64,33.25,-0.5
2026-09-28 17:38:33,V0012,Carro,No_A_Centro,31.28,1.56,38.57,-1.86
2026-09-28 17:38:34,V0012,Carro,No_A_Centro,46.24,5.48,46.03,0.1
2026-09-28 17:38:35,V0012,Carro,No_A_Centro,42.75,17.18,31.89,-1.85
2026-09-28 17:38:36,V0012,Carro,No_A_Centro,15.2,39.9,38.98,0.47
2026-09-28 17:38:37,V0012,Carro,No_A_Centro,6.89,3.27,37.64,-0.51
2026-09-28 17:38:38,V0012,Carro,No_A_Centro,27.42,41.61,38.17,1.07
2026-09-28 17:38:39,V0012,Carro,No_A_Centro,29.39,2.17,44.33,0.22
2026-09-28 17:38:40,V0012,Carro,No_A_Centro,45.29,0.03,30.75,0.33
2026-09-28 17:38:41,V0012,Carro,No_A_Centro,35.27,13.65,41.17,0.87
2026-09-28 17:38:42,V0012,Carro,No_A_Centro,31.09,5.45,39.6,-1.57
2026-09-28 17:38:34,V0013,Carro,No_B_Norte,27.67,8.48,70.73,4.53
2026-09-28 17:38:35,V0013,Carro,No_B_Norte,11.11,11.0,69.82,2.59
2026-09-28 17:38:36,V0013,Carro,No_B_Norte,30.61,1.07,59.94,5.5
2026-09-28 17:38:37,V0013,Carro,No_B_Norte,25.13,31.43,63.52,5.53
2026-09-28 17:38:38,V0013,Carro,No_B_Norte,47.62,6.3,57.23,6.01
2026-09-28 17:38:39,V0013,Carro,No_B_Norte,36.11,16.02,71.16,5.33
2026-09-28 17:38:40,V0013,Carro,No_B_Norte,38.57,46.71,78.77,3.4
2026-09-28 17:38:41,V0013,Carro,No_B_Norte,30.44,7.06,64.01,6.74
2026-09-28 17:38:42,V0013,Carro,No_B_Norte,5.25,15.2,76.77,1.23
2026-09-28 17:38:43,V0013,Carro,No_B_Norte,45.55,23.36,73.01,1.8
2026-09-28 17:38:35,V0014,Carro,No_A_Centro,49.76,38.45,33.43,0.45
2026-09-28 17:38:36,V0014,Carro,No_A_Centro,8.39,33.92,38.75,-0.12
2026-09-28 17:38:37,V0014,Carro,No_A_Centro,1.37,26.07,37.7,-0.39
2026-09-28 17:38:38,V0014,Carro,No_A_Centro,14.93,7.35,31.14,2.02
2026-09-28 17:38:39,V0014,Carro,No_A_Centro,24.86,4.55,37.07,-0.24
2026-09-28 17:38:40,V0014,Carro,No_A_Centro,10.2,33.84,40.56,1.38
2026-09-28 17:38:41,V0014,Carro,No_A_Centro,11.41,36.48,39.92,1.06
2026-09-28 17:38:42,V0014,Carro,No_A_Centro,25.3,36.46,39.55,0.4
2026-09-28 17:38:43,V0014,Carro,No_A_Centro,23.35,30.91,49.35,-0.75
2026-09-28 17:38:44,V0014,Carro,No_A_Centro,16.74,10.76,47.84,-0.97
2026-09-28 17:38:36,V0015,Carro,No_C_Leste,1.06,32.29,43.1,0.41
2026-09-28 17:38:37,V0015,Carro,No_C_Leste,4.81,35.15,32.29,0.39
2026-09-28 17:38:38,V0015,Carro,No_C_Leste,36.91,0.55,47.84,1.38
2026-09-28 17:38:39,V0015,Carro,No_C_Leste,6.83,45.05,46.38,0.05
2026-09-28 17:38:40,V0015,Carro,No_C_Leste,36.65,15.2,52.79,-0.27
2026-09-28 17:38:41,V0015,Carro,No_C_Leste,39.01,23.13,34.57,0.42
2026-09-28 17:38:42,V0015,Carro,No_C_Leste,14.89,19.35,31.1,0.71
2026-09-28 17:38:43,V0015,Carro,No_C_Leste,34.07,46.21,43.21,0.23
2026-09-28 17:38:44,V0015,Carro,No_C_Leste,15.45,17.6,42.39,-0.54
2026-09-28 17:38:45,V0015,Carro,No_C_Leste,3.92,11.11,42.74,-0.9
2026-09-28 17:38:37,V0016,Carro,No_A_Centro,4.68,15.31,41.23,0.94
2026-09-28 17:38:38,V0016,Carro,No_A_Centro,41.13,32.77,46.83,0.01
2026-09-28 17:38:39,V0016,Carro,No_A_Centro,26.89,27.21,37.79,-1.79
2026-09-28 17:38:40,V0016,Carro,No_A_Centro,10.63,41.14,41.36,0.55
2026-09-28 17:38:41,V0016,Carro,No_A_Centro,13.25,1.59,30.53,-1.44
2026-09-28 17:38:42,V0016,Carro,No_A_Centro,35.93,35.23,42.15,0.5
2026-09-28 17:38:43,V0016,Carro,No_A_Centro,2.47,35.16,39.0,-1.29
2026-09-28 17:38:44,V0016,Carro,No_A_Centro,36.08,20.76,49.27,2.9
2026-09-28 17:38:45,V0016,Carro,No_A_Centro,0.16,11.17,35.42,-0.52
2026-09-28 17:38:46,V0016,Carro,No_A_Centro,49.71,3.13,42.24,-0.28
2026-09-28 17:38:38,V0017,Caminhao,No_C_Leste,30.98,1.81,90.01,2.81
2026-09-28 17:38:39,V0017,Caminhao,No_C_Leste,45.68,34.35,94.91,1.83
2026-09-28 17:38:40,V0017,Caminhao,No_C_Leste,45.46,48.12,74.59,7.37
2026-09-28 17:38:41,V0017,Caminhao,No_C_Leste,26.5,37.18,89.49,8.21
2026-09-28 17:38:42,V0017,Caminhao,No_C_Leste,12.12,22.55,84.23,3.73
2026-09-28 17:38:43,V0017,Caminhao,No_C_Leste,6.79,15.42,87.94,3.05
2026-09-28 17:38:44,V0017,Caminhao,No_C_Leste,13.84,49.8,72.71,1.82
2026-09-28 17:38:45,V0017,Caminhao,No_C_Leste,0.42,46.33,103.53,8.53
2026-09-28 17:38:46,V0017,Caminhao,No_C_Leste,40.52,42.77,81.29,1.55
2026-09-28 17:38:47,V0017,Caminhao,No_C_Leste,35.8,44.29,93.18,9.1
2026-09-28 17:38:39,V0018,Moto,No_C_Leste,48.09,48.96,42.1,-0.09
2026-09-28 17:38:40,V0018,Moto,No_C_Leste,8.34,43.2,30.5,-2.08
2026-09-28 17:38:41,V0018,Moto,No_C_Leste,21.1,45.54,35.58,0.1
2026-09-28 17:38:42,V0018,Moto,No_C_Leste,12.51,17.83,43.5,0.94
2026-09-28 17:38:43,V0018,Moto,No_C_Leste,14.4,34.7,41.74,-0.06
2026-09-28 17:38:44,V0018,Moto,No_C_Leste,18.4,47.18,37.93,2.01
2026-09-28 17:38:45,V0018,Moto,No_C_Leste,10.08,35.23,34.45,-0.43
2026-09-28 17:38:46,V0018,Moto,No_C_Leste,23.48,43.51,38.77,0.82
2026-09-28 17:38:47,V0018,Moto,No_C_Leste,14.86,34.12,35.44,1.56
2026-09-28 17:38:48,V0018,Moto,No_C_Leste,39.74,44.13,33.03,-1.71
2026-09-28 17:38:40,V0019,Carro,No_B_Norte,49.39,21.44,69.18,5.9
2026-09-28 17:38:41,V0019,Carro,No_B_Norte,14.24,8.17,78.06,-0.23
2026-09-28 17:38:42,V0019,Carro,No_B_Norte,14.16,22.82,50.57,1.27
2026-09-28 17:38:43,V0019,Carro,No_B_Norte,28.55,12.44,54.79,1.27
2026-09-28 17:38:44,V0019,Carro,No_B_Norte,43.47,32.69,51.95,4.9
2026-09-28 17:38:45,V0019,Carro,No_B_Norte,22.82,5.55,59.01,5.31
2026-09-28 17:38:46,V0019,Carro,No_B_Norte,26.46,9.39,68.39,2.21
2026-09-28 17:38:47,V0019,Carro,No_B_Norte,13.49,27.57,78.85,3.44
2026-09-28 17:38:48,V0019,Carro,No_B_Norte,47.3,18.79,64.34,1.91
2026-09-28 17:38:49,V0019,Carro,No_B_Norte,25.89,49.61,75.67,0.09
2026-09-28 17:38:41,V0020,Moto,No_C_Leste,24.94,49.17,39.97,-0.4
2026-09-28 17:38:42,V0020,Moto,No_C_Leste,4.51,35.31,37.79,0.61
2026-09-28 17:38:43,V0020,Moto,No_C_Leste,28.93,46.35,35.4,0.05
2026-09-28 17:38:44,V0020,Moto,No_C_Leste,22.89,38.35,39.45,-2.23
2026-09-28 17:38:45,V0020,Moto,No_C_Leste,24.2,44.75,47.73,0.69
2026-09-28 17:38:46,V0020,Moto,No_C_Leste,23.34,36.2,43.99,-0.62
2026-09-28 17:38:47,V0020,Moto,No_C_Leste,14.43,23.32,43.58,0.95
2026-09-28 17:38:48,V0020,Moto,No_C_Leste,34.01,31.85,29.87,0.4
2026-09-28 17:38:49,V0020,Moto,No_C_Leste,44.19,28.82,40.43,-0.99
2026-09-28 17:38:50,V0020,Moto,No_C_Leste,18.41,35.23,35.58,-0.68
2026-09-28 17:38:42,V0021,Carro,No_B_Norte,4.15,1.54,66.93,5.52
2026-09-28 17:38:43,V0021,Carro,No_B_Norte,41.62,40.74,63.05,3.52
2026-09-28 17:38:44,V0021,Carro,No_B_Norte,11.07,12.2,56.38,4.69
2026-09-28 17:38:45,V0021,Carro,No_B_Norte,9.23,39.51,61.36,4.12
2026-09-28 17:38:46,V0021,Carro,No_B_Norte,25.21,5.46,69.61,5.21
2026-09-28 17:38:47,V0021,Carro,No_B_Norte,23.85,10.83,59.74,6.03
2026-09-28 17:38:48,V0021,Carro,No_B_Norte,32.65,9.14,53.45,2.38
2026-09-28 17:38:49,V0021,Carro,No_B_Norte,33.85,25.42,79.08,2.16
2026-09-28 17:38:50,V0021,Carro,No_B_Norte,3.33,8.28,62.22,-0.37
2026-09-28 17:38:51,V0021,Carro,No_B_Norte,8.47,40.67,56.78,5.94
2026-09-28 17:38:43,V0022,Moto,No_A_Centro,46.82,16.99,38.32,1.08
2026-09-28 17:38:44,V0022,Moto,No_A_Centro,42.48,27.4,37.6,0.83
2026-09-28 17:38:45,V0022,Moto,No_A_Centro,40.83,7.93,38.86,1.11
2026-09-28 17:38:46,V0022,Moto,No_A_Centro,9.86,21.44,36.15,0.26
2026-09-28 17:38:47,V0022,Moto,No_A_Centro,11.47,49.45,39.86,-0.06
2026-09-28 17:38:48,V0022,Moto,No_A_Centro,5.45,40.43,42.53,1.34
2026-09-28 17:38:49,V0022,Moto,No_A_Centro,15.33,5.03,31.82,-0.06
2026-09-28 17:38:50,V0022,Moto,No_A_Centro,27.77,33.42,36.93,-1.92
2026-09-28 17:38:51,V0022,Moto,No_A_Centro,24.69,16.86,46.0,-0.1
2026-09-28 17:38:52,V0022,Moto,No_A_Centro,2.69,22.18,41.3,-0.31
2026-09-28 17:38:44,V0023,Carro,No_B_Norte,41.74,30.72,38.82,1.48
2026-09-28 17:38:45,V0023,Carro,No_B_Norte,17.83,46.15,33.11,0.63
2026-09-28 17:38:46,V0023,Carro,No_B_Norte,36.65,40.87,42.08,1.2
2026-09-28 17:38:47,V0023,Carro,No_B_Norte,34.57,1.58,40.14,-0.53
2026-09-28 17:38:48,V0023,Carro,No_B_Norte,7.07,44.49,39.39,-0.72
2026-09-28 17:38:49,V0023,Carro,No_B_Norte,38.4,48.63,37.17,0.36
2026-09-28 17:38:50,V0023,Carro,No_B_Norte,47.14,12.78,32.24,-1.43
2026-09-28 17:38:51,V0023,Carro,No_B_Norte,24.48,14.3,32.94,0.53
2026-09-28 17:38:52,V0023,Carro,No_B_Norte,48.11,10.69,40.3,2.37
2026-09-28 17:38:53,V0023,Carro,No_B_Norte,43.9,49.52,41.77,1.21
2026-09-28 17:38:45,V0024,Moto,No_A_Centro,15.39,7.74,69.5,1.62
2026-09-28 17:38:46,V0024,Moto,No_A_Centro,45.56,20.47,69.01,6.14
2026-09-28 17:38:47,V0024,Moto,No_A_Centro,25.39,12.68,62.2,2.99
2026-09-28 17:38:48,V0024,Moto,No_A_Centro,17.94,4.96,85.67,3.45
2026-09-28 17:38:49,V0024,Moto,No_A_Centro,32.94,16.5,71.92,5.56
2026-09-28 17:38:50,V0024,Moto,No_A_Centro,20.48,9.47,64.28,6.05
2026-09-28 17:38:51,V0024,Moto,No_A_Centro,42.19,30.21,67.76,4.06
2026-09-28 17:38:52,V0024,Moto,No_A_Centro,22.15,30.23,61.88,4.2
2026-09-28 17:38:53,V0024,Moto,No_A_Centro,21.69,23.08,55.7,0.65
2026-09-28 17:38:54,V0024,Moto,No_A_Centro,46.3,3.93,75.51,-0.35
2026-09-28 17:38:46,V0025,Onibus,No_C_Leste,11.9,2.28,40.93,0.12
2026-09-28 17:38:47,V0025,Onibus,No_C_Leste,8.86,25.74,39.56,1.22
2026-09-28 17:38:48,V0025,Onibus,No_C_Leste,14.84,20.87,42.57,0.46
2026-09-28 17:38:49,V0025,Onibus,No_C_Leste,45.15,5.79,42.7,-0.56
2026-09-28 17:38:50,V0025,Onibus,No_C_Leste,10.39,17.19,41.55,-0.08
2026-09-28 17:38:51,V0025,Onibus,No_C_Leste,32.39,36.55,47.94,0.68
2026-09-28 17:38:52,V0025,Onibus,No_C_Leste,35.11,3.94,41.27,0.04
2026-09-28 17:38:53,V0025,Onibus,No_C_Leste,37.69,10.89,40.9,2.01
2026-09-28 17:38:54,V0025,Onibus,No_C_Leste,13.92,15.44,38.49,-0.59
2026-09-28 17:38:55,V0025,Onibus,No_C_Leste,2.25,41.54,44.09,-1.11
2026-09-28 17:38:47,V0026,Carro,No_C_Leste,12.94,10.79,42.29,-0.53
2026-09-28 17:38:48,V0026,Carro,No_C_Leste,23.69,49.1,34.77,0.41
2026-09-28 17:38:49,V0026,Carro,No_C_Leste,8.26,5.5,43.6,2.19
2026-09-28 17:38:50,V0026,Carro,No_C_Leste,37.39,18.43,41.89,-0.58
2026-09-28 17:38:51,V0026,Carro,No_C_Leste,22.18,12.15,40.89,-0.1
2026-09-28 17:38:52,V0026,Carro,No_C_Leste,32.04,45.39,44.95,1.27
2026-09-28 17:38:53,V0026,Carro,No_C_Leste,37.24,7.41,38.14,0.76
2026-09-28 17:38:54,V0026,Carro,No_C_Leste,17.45,32.37,44.25,0.84
2026-09-28 17:38:55,V0026,Carro,No_C_Leste,6.89,18.25,38.42,-0.4
2026-09-28 17:38:56,V0026,Carro,No_C_Leste,17.35,24.0,39.5,0.99
2026-09-28 17:38:48,V0027,Onibus,No_A_Centro,14.25,1.56,71.69,2.77
2026-09-28 17:38:49,V0027,Onibus,No_A_Centro,9.56,16.36,88.31,2.0
2026-09-28 17:38:50,V0027,Onibus,No_A_Centro,0.52,14.36,67.93,5.07
2026-09-28 17:38:51,V0027,Onibus,No_A_Centro,37.77,30.35,57.35,0.76
2026-09-28 17:38:52,V0027,Onibus,No_A_Centro,39.52,4.77,68.11,4.89
2026-09-28 17:38:53,V0027,Onibus,No_A_Centro,25.97,3.05,67.49,-1.23
2026-09-28 17:38:54,V0027,Onibus,No_A_Centro,30.43,5.88,62.97,2.07
2026-09-28 17:38:55,V0027,Onibus,No_A_Centro,1.63,27.86,53.13,5.53
2026-09-28 17:38:56,V0027,Onibus,No_A_Centro,48.38,29.58,72.61,2.43
2026-09-28 17:38:57,V0027,Onibus,No_A_Centro,45.02,25.35,65.18,3.88
2026-09-28 17:38:49,V0028,Carro,No_A_Centro,16.86,46.86,45.79,0.81
2026-09-28 17:38:50,V0028,Carro,No_A_Centro,22.14,36.69,38.0,-0.63
2026-09-28 17:38:51,V0028,Carro,No_A_Centro,22.91,27.18,38.2,-0.79
2026-09-28 17:38:52,V0028,Carro,No_A_Centro,41.48,41.15,41.98,-1.01
2026-09-28 17:38:53,V0028,Carro,No_A_Centro,21.84,15.3,48.33,0.79
2026-09-28 17:38:54,V0028,Carro,No_A_Centro,28.62,20.29,29.12,0.11
2026-09-28 17:38:55,V0028,Carro,No_A_Centro,23.71,46.58,42.33,1.51
2026-09-28 17:38:56,V0028,Carro,No_A_Centro,15.31,11.59,47.62,1.99
2026-09-28 17:38:57,V0028,Carro,No_A_Centro,3.47,16.43,37.35,-0.24
2026-09-28 17:38:58,V0028,Carro,No_A_Centro,9.43,3.93,38.37,0.69
2026-09-28 17:38:50,V0029,Onibus,No_A_Centro,29.02,14.05,95.56,3.68
2026-09-28 17:38:51,V0029,Onibus,No_A_Centro,10.9,14.01,92.31,4.63
2026-09-28 17:38:52,V0029,Onibus,No_A_Centro,44.53,46.0,76.99,5.69
2026-09-28 17:38:53,V0029,Onibus,No_A_Centro,21.65,40.27,71.96,4.16
2026-09-28 17:38:54,V0029,Onibus,No_A_Centro,33.9,25.63,77.34,0.7
2026-09-28 17:38:55,V0029,Onibus,No_A_Centro,31.02,37.46,75.12,5.8
2026-09-28 17:38:56,V0029,Onibus,No_A_Centro,38.44,27.13,85.22,5.61
2026-09-28 17:38:57,V0029,Onibus,No_A_Centro,38.95,41.02,99.46,5.64
2026-09-28 17:38:58,V0029,Onibus,No_A_Centro,14.3,20.77,70.42,4.54
2026-09-28 17:38:59,V0029,Onibus,No_A_Centro,14.58,3.25,75.47,-1.12
2026-09-28 17:38:51,V0030,Moto,No_B_Norte,30.6,17.83,41.25,0.08
2026-09-28 17:38:52,V0030,Moto,No_B_Norte,0.73,22.31,29.62,1.07
2026-09-28 17:38:53,V0030,Moto,No_B_Norte,25.18,35.28,36.52,0.03
2026-09-28 17:38:54,V0030,Moto,No_B_Norte,38.35,10.51,39.25,0.31
2026-09-28 17:38:55,V0030,Moto,No_B_Norte,32.25,26.78,36.54,0.42
2026-09-28 17:38:56,V0030,Moto,No_B_Norte,39.57,33.6,36.64,0.87
2026-09-28 17:38:57,V0030,Moto,No_B_Norte,39.92,11.56,48.09,0.59
2026-09-28 17:38:58,V0030,Moto,No_B_Norte,34.44,16.1,42.93,-0.86
2026-09-28 17:38:59,V0030,Moto,No_B_Norte,48.62,4.42,33.28,0.96
2026-09-28 17:39:00,V0030,Moto,No_B_Norte,30.53,30.67,34.63,-0.65
2026-09-28 17:38:52,V0031,Carro,No_A_Centro,31.79,48.55,41.64,0.48
2026-09-28 17:38:53,V0031,Carro,No_A_Centro,43.85,49.9,40.2,1.87
2026-09-28 17:38:54,V0031,Carro,No_A_Centro,5.86,34.69,39.67,0.18
2026-09-28 17:38:55,V0031,Carro,No_A_Centro,11.42,34.39,41.85,-1.23
2026-09-28 17:38:56,V0031,Carro,No_A_Centro,43.42,13.0,52.79,0.89
2026-09-28 17:38:57,V0031,Carro,No_A_Centro,17.59,32.94,37.14,-0.63
2026-09-28 17:38:58,V0031,Carro,No_A_Centro,41.45,21.06,42.86,0.38
2026-09-28 17:38:59,V0031,Carro,No_A_Centro,7.3,34.1,40.32,0.32
2026-09-28 17:39:00,V0031,Carro,No_A_Centro,0.19,11.99,45.12,1.72
2026-09-28 17:39:01,V0031,Carro,No_A_Centro,9.84,20.4,32.73,-1.35
2026-09-28 17:38:53,V0032,Carro,No_B_Norte,0.81,6.1,34.22,-2.11
2026-09-28 17:38:54,V0032,Carro,No_B_Norte,35.01,3.52,38.41,0.54
2026-09-28 17:38:55,V0032,Carro,No_B_Norte,6.93,14.01,33.71,-0.62
2026-09-28 17:38:56,V0032,Carro,No_B_Norte,39.71,12.62,44.54,1.24
2026-09-28 17:38:57,V0032,Carro,No_B_Norte,22.25,27.33,47.6,-1.79
2026-09-28 17:38:58,V0032,Carro,No_B_Norte,13.69,36.56,40.46,-2.53
2026-09-28 17:38:59,V0032,Carro,No_B_Norte,35.79,42.11,44.26,1.66
2026-09-28 17:39:00,V0032,Carro,No_B_Norte,16.34,23.33,39.4,-1.64
2026-09-28 17:39:01,V0032,Carro,No_B_Norte,38.99,7.27,41.12,1.23
2026-09-28 17:39:02,V0032,Carro,No_B_Norte,39.47,41.78,43.32,-0.67
2026-09-28 17:38:54,V0033,Carro,No_C_Leste,28.32,44.5,42.74,0.78
2026-09-28 17:38:55,V0033,Carro,No_C_Leste,12.79,9.87,40.68,0.2
2026-09-28 17:38:56,V0033,Carro,No_C_Leste,31.2,2.82,42.49,0.45
2026-09-28 17:38:57,V0033,Carro,No_C_Leste,17.15,32.91,40.95,1.19
2026-09-28 17:38:58,V0033,Carro,No_C_Leste,30.57,26.87,38.76,-1.03
2026-09-28 17:38:59,V0033,Carro,No_C_Leste,12.29,22.79,42.98,0.41
2026-09-28 17:39:00,V0033,Carro,No_C_Leste,17.2,7.03,45.55,-0.62
2026-09-28 17:39:01,V0033,Carro,No_C_Leste,5.59,47.61,38.72,1.17
2026-09-28 17:39:02,V0033,Carro,No_C_Leste,28.05,10.28,38.44,-1.15
2026-09-28 17:39:03,V0033,Carro,No_C_Leste,27.89,19.39,42.18,1.45
2026-09-28 17:38:55,V0034,Carro,No_C_Leste,26.46,25.43,46.33,1.46
2026-09-28 17:38:56,V0034,Carro,No_C_Leste,18.92,8.6,42.43,-0.22
2026-09-28 17:38:57,V0034,Carro,No_C_Leste,11.4,2.49,42.91,-0.41
2026-09-28 17:38:58,V0034,Carro,No_C_Leste,28.38,18.46,32.56,-0.72
2026-09-28 17:38:59,V0034,Carro,No_C_Leste,0.84,32.46,50.15,0.55
2026-09-28 17:39:00,V0034,Carro,No_C_Leste,18.36,44.31,39.26,-0.28
2026-09-28 17:39:01,V0034,Carro,No_C_Leste,25.48,11.32,37.84,0.07
2026-09-28 17:39:02,V0034,Carro,No_C_Leste,37.98,43.26,39.32,-2.65
2026-09-28 17:39:03,V0034,Carro,No_C_Leste,18.42,34.4,47.17,-1.68
2026-09-28 17:39:04,V0034,Carro,No_C_Leste,21.41,20.14,39.35,-2.02
2026-09-28 17:38:56,V0035,Carro,No_C_Leste,40.45,15.42,41.26,-0.77
2026-09-28 17:38:57,V0035,Carro,No_C_Leste,15.66,7.23,49.04,0.13
2026-09-28 17:38:58,V0035,Carro,No_C_Leste,42.87,20.32,39.89,1.88
2026-09-28 17:38:59,V0035,Carro,No_C_Leste,8.63,45.34,38.04,1.48
2026-09-28 17:39:00,V0035,Carro,No_C_Leste,11.87,38.59,31.82,0.83
2026-09-28 17:39:01,V0035,Carro,No_C_Leste,7.35,27.66,38.29,-0.54
2026-09-28 17:39:02,V0035,Carro,No_C_Leste,14.28,19.79,44.93,1.15
2026-09-28 17:39:03,V0035,Carro,No_C_Leste,5.44,15.86,34.56,-1.62
2026-09-28 17:39:04,V0035,Carro,No_C_Leste,9.49,36.62,42.09,-0.91
2026-09-28 17:39:05,V0035,Carro,No_C_Leste,46.34,3.09,44.96,-1.12
2026-09-28 17:38:57,V0036,Carro,No_B_Norte,43.14,0.16,78.87,5.53
2026-09-28 17:38:58,V0036,Carro,No_B_Norte,47.75,35.87,64.9,0.03
2026-09-28 17:38:59,V0036,Carro,No_B_Norte,19.73,40.62,56.88,6.18
2026-09-28 17:39:00,V0036,Carro,No_B_Norte,39.61,27.14,67.93,3.46
2026-09-28 17:39:01,V0036,Carro,No_B_Norte,31.85,47.36,77.35,3.8
2026-09-28 17:39:02,V0036,Carro,No_B_Norte,3.77,28.38,74.15,4.39
2026-09-28 17:39:03,V0036,Carro,No_B_Norte,7.06,24.45,71.77,0.44
2026-09-28 17:39:04,V0036,Carro,No_B_Norte,28.41,12.7,62.42,2.15
2026-09-28 17:39:05,V0036,Carro,No_B_Norte,18.99,44.56,70.69,4.39
2026-09-28 17:39:06,V0036,Carro,No_B_Norte,4.6,46.31,59.86,-0.49
2026-09-28 17:38:58,V0037,Carro,No_C_Leste,7.5,44.48,65.2,4.41
2026-09-28 17:38:59,V0037,Carro,No_C_Leste,19.89,41.09,66.62,2.53
2026-09-28 17:39:00,V0037,Carro,No_C_Leste,13.04,4.77,76.23,5.1
2026-09-28 17:39:01,V0037,Carro,No_C_Leste,22.77,7.32,70.84,4.68
2026-09-28 17:39:02,V0037,Carro,No_C_Leste,23.77,25.79,66.6,0.51
2026-09-28 17:39:03,V0037,Carro,No_C_Leste,46.34,33.55,67.19,0.9
2026-09-28 17:39:04,V0037,Carro,No_C_Leste,3.49,47.76,63.74,0.06
2026-09-28 17:39:05,V0037,Carro,No_C_Leste,24.88,2.28,78.8,4.46
2026-09-28 17:39:06,V0037,Carro,No_C_Leste,25.59,1.15,54.48,2.1
2026-09-28 17:39:07,V0037,Carro,No_C_Leste,42.56,2.26,62.01,1.62
2026-09-28 17:38:59,V0038,Carro,No_A_Centro,29.57,31.33,34.85,-0.17
2026-09-28 17:39:00,V0038,Carro,No_A_Centro,5.24,38.04,44.39,1.13
2026-09-28 17:39:01,V0038,Carro,No_A_Centro,31.81,37.76,39.17,1.59
2026-09-28 17:39:02,V0038,Carro,No_A_Centro,30.21,10.0,41.05,0.55
2026-09-28 17:39:03,V0038,Carro,No_A_Centro,44.55,32.07,35.14,-1.31
2026-09-28 17:39:04,V0038,Carro,No_A_Centro,17.5,20.1,44.25,-0.81
2026-09-28 17:39:05,V0038,Carro,No_A_Centro,39.85,9.29,36.27,-0.16
2026-09-28 17:39:06,V0038,Carro,No_A_Centro,1.38,22.25,29.04,0.56
2026-09-28 17:39:07,V0038,Carro,No_A_Centro,8.43,5.35,41.16,0.98
2026-09-28 17:39:08,V0038,Carro,No_A_Centro,10.51,24.7,34.64,0.13
2026-09-28 17:39:00,V0039,Moto,No_B_Norte,46.87,31.89,36.21,0.73
2026-09-28 17:39:01,V0039,Moto,No_B_Norte,10.27,8.53,31.38,-1.63
2026-09-28 17:39:02,V0039,Moto,No_B_Norte,16.54,21.92,34.7,-1.08
2026-09-28 17:39:03,V0039,Moto,No_B_Norte,25.22,7.85,38.49,-1.11
2026-09-28 17:39:04,V0039,Moto,No_B_Norte,14.38,0.44,44.39,-1.41
2026-09-28 17:39:05,V0039,Moto,No_B_Norte,11.6,17.4,37.53,-1.32
2026-09-28 17:39:06,V0039,Moto,No_B_Norte,11.88,36.2,30.07,1.12
2026-09-28 17:39:07,V0039,Moto,No_B_Norte,13.48,46.83,38.12,1.04
2026-09-28 17:39:08,V0039,Moto,No_B_Norte,8.69,22.03,51.75,0.37
2026-09-28 17:39:09,V0039,Moto,No_B_Norte,28.45,20.7,46.73,0.08
2026-09-28 17:39:01,V0040,Caminhao,No_A_Centro,9.11,24.11,40.47,-0.13
2026-09-28 17:39:02,V0040,Caminhao,No_A_Centro,49.58,49.33,49.09,0.01
2026-09-28 17:39:03,V0040,Caminhao,No_A_Centro,13.13,26.85,51.84,1.14
2026-09-28 17:39:04,V0040,Caminhao,No_A_Centro,44.18,44.51,43.7,-0.49
2026-09-28 17:39:05,V0040,Caminhao,No_A_Centro,4.21,12.2,31.63,-0.53
2026-09-28 17:39:06,V0040,Caminhao,No_A_Centro,28.13,11.52,37.09,-0.61
2026-09-28 17:39:07,V0040,Caminhao,No_A_Centro,15.55,46.89,43.53,0.78
2026-09-28 17:39:08,V0040,Caminhao,No_A_Centro,35.75,0.47,41.03,-1.04
2026-09-28 17:39:09,V0040,Caminhao,No_A_Centro,46.58,9.26,31.93,-0.69
2026-09-28 17:39:10,V0040,Caminhao,No_A_Centro,35.94,41.91,39.82,-0.31
2026-09-28 17:39:02,V0041,Moto,No_C_Leste,41.97,45.89,43.14,0.84
2026-09-28 17:39:03,V0041,Moto,No_C_Leste,17.15,30.14,34.79,0.92
2026-09-28 17:39:04,V0041,Moto,No_C_Leste,24.45,10.24,38.3,-0.27
2026-09-28 17:39:05,V0041,Moto,No_C_Leste,29.53,24.65,35.3,0.62
2026-09-28 17:39:06,V0041,Moto,No_C_Leste,29.79,11.91,39.44,-0.65
2026-09-28 17:39:07,V0041,Moto,No_C_Leste,11.33,28.39,41.39,-0.17
2026-09-28 17:39:08,V0041,Moto,No_C_Leste,41.08,20.09,47.18,0.1
2026-09-28 17:39:09,V0041,Moto,No_C_Leste,18.96,12.14,43.95,-0.65
2026-09-28 17:39:10,V0041,Moto,No_C_Leste,9.1,5.43,38.13,-0.58
2026-09-28 17:39:11,V0041,Moto,No_C_Leste,47.52,47.29,42.33,-0.52
2026-09-28 17:39:03,V0042,Moto,No_C_Leste,11.33,28.58,41.74,-1.33
2026-09-28 17:39:04,V0042,Moto,No_C_Leste,49.97,6.11,41.38,-1.59
2026-09-28 17:39:05,V0042,Moto,No_C_Leste,12.85,46.35,33.07,-0.78
2026-09-28 17:39:06,V0042,Moto,No_C_Leste,27.0,41.21,35.94,1.26
2026-09-28 17:39:07,V0042,Moto,No_C_Leste,15.88,6.38,39.09,-0.58
2026-09-28 17:39:08,V0042,Moto,No_C_Leste,0.62,35.89,40.54,-0.5
2026-09-28 17:39:09,V0042,Moto,No_C_Leste,27.43,26.33,47.39,-0.01
2026-09-28 17:39:10,V0042,Moto,No_C_Leste,15.91,24.72,42.16,-0.58
2026-09-28 17:39:11,V0042,Moto,No_C_Leste,14.2,38.39,35.11,0.36
2026-09-28 17:39:12,V0042,Moto,No_C_Leste,33.5,23.21,44.06,-1.58
2026-09-28 17:39:04,V0043,Carro,No_B_Norte,3.46,28.15,82.01,6.44
2026-09-28 17:39:05,V0043,Carro,No_B_Norte,49.66,41.74,73.6,4.3
2026-09-28 17:39:06,V0043,Carro,No_B_Norte,29.01,2.39,78.74,3.22
2026-09-28 17:39:07,V0043,Carro,No_B_Norte,10.99,44.46,57.6,4.24
2026-09-28 17:39:08,V0043,Carro,No_B_Norte,28.24,7.84,61.29,-0.98
2026-09-28 17:39:09,V0043,Carro,No_B_Norte,26.78,35.44,54.94,4.78
2026-09-28 17:39:10,V0043,Carro,No_B_Norte,11.07,16.35,72.76,0.47
2026-09-28 17:39:11,V0043,Carro,No_B_Norte,2.12,27.03,81.55,3.64
2026-09-28 17:39:12,V0043,Carro,No_B_Norte,5.46,19.9,51.85,3.06
2026-09-28 17:39:13,V0043,Carro,No_B_Norte,2.15,27.78,57.83,2.14
2026-09-28 17:39:05,V0044,Caminhao,No_A_Centro,32.36,20.61,42.42,-0.95
2026-09-28 17:39:06,V0044,Caminhao,No_A_Centro,16.88,43.53,44.01,-0.26
2026-09-28 17:39:07,V0044,Caminhao,No_A_Centro,9.75,48.82,33.42,0.32
2026-09-28 17:39:08,V0044,Caminhao,No_A_Centro,15.43,28.48,38.92,0.44
2026-09-28 17:39:09,V0044,Caminhao,No_A_Centro,8.96,12.37,43.84,-0.18
2026-09-28 17:39:10,V0044,Caminhao,No_A_Centro,42.72,5.22,43.17,0.75
2026-09-28 17:39:11,V0044,Caminhao,No_A_Centro,31.47,23.34,35.89,0.55
2026-09-28 17:39:12,V0044,Caminhao,No_A_Centro,3.27,25.46,42.59,1.49
2026-09-28 17:39:13,V0044,Caminhao,No_A_Centro,2.48,29.82,50.03,1.83
2026-09-28 17:39:14,V0044,Caminhao,No_A_Centro,29.37,35.13,39.09,-1.02
2026-09-28 17:39:06,V0045,Carro,No_C_Leste,36.55,44.69,74.8,3.8
2026-09-28 17:39:07,V0045,Carro,No_C_Leste,32.56,26.32,57.05,1.2
2026-09-28 17:39:08,V0045,Carro,No_C_Leste,38.3,2.47,72.44,3.39
2026-09-28 17:39:09,V0045,Carro,No_C_Leste,22.89,37.55,74.18,6.03
2026-09-28 17:39:10,V0045,Carro,No_C_Leste,3.98,12.81,72.3,2.61
2026-09-28 17:39:11,V0045,Carro,No_C_Leste,11.96,20.68,66.46,3.26
2026-09-28 17:39:12,V0045,Carro,No_C_Leste,3.4,22.4,73.08,5.43
2026-09-28 17:39:13,V0045,Carro,No_C_Leste,38.1,24.09,77.83,2.22
2026-09-28 17:39:14,V0045,Carro,No_C_Leste,32.91,23.05,66.03,3.68
2026-09-28 17:39:15,V0045,Carro,No_C_Leste,1.35,16.07,57.82,1.53
2026-09-28 17:39:07,V0046,Carro,No_A_Centro,45.11,24.87,35.11,1.18
2026-09-28 17:39:08,V0046,Carro,No_A_Centro,32.91,48.83,39.33,-0.61
2026-09-28 17:39:09,V0046,Carro,No_A_Centro,41.56,21.06,46.03,0.43
2026-09-28 17:39:10,V0046,Carro,No_A_Centro,20.43,24.89,45.25,0.38
2026-09-28 17:39:11,V0046,Carro,No_A_Centro,33.45,10.89,40.34,1.31
2026-09-28 17:39:12,V0046,Carro,No_A_Centro,7.65,46.64,42.45,0.0
2026-09-28 17:39:13,V0046,Carro,No_A_Centro,20.68,2.34,42.84,-0.63
2026-09-28 17:39:14,V0046,Carro,No_A_Centro,33.17,31.13,40.78,-0.16
2026-09-28 17:39:15,V0046,Carro,No_A_Centro,14.91,45.64,35.83,1.17
2026-09-28 17:39:16,V0046,Carro,No_A_Centro,14.65,10.96,42.35,-0.3
2026-09-28 17:39:08,V0047,Carro,No_A_Centro,11.4,0.61,58.81,0.62
2026-09-28 17:39:09,V0047,Carro,No_A_Centro,30.11,5.17,63.62,2.38
2026-09-28 17:39:10,V0047,Carro,No_A_Centro,35.74,26.26,55.22,1.4
2026-09-28 17:39:11,V0047,Carro,No_A_Centro,28.0,48.15,73.31,2.02
2026-09-28 17:39:12,V0047,Carro,No_A_Centro,49.85,1.75,69.39,3.39
2026-09-28 17:39:13,V0047,Carro,No_A_Centro,28.31,9.86,69.55,2.43
2026-09-28 17:39:14,V0047,Carro,No_A_Centro,9.5,47.4,71.06,-1.66
2026-09-28 17:39:15,V0047,Carro,No_A_Centro,0.48,44.17,74.1,3.99
2026-09-28 17:39:16,V0047,Carro,No_A_Centro,33.84,43.23,70.8,1.85
2026-09-28 17:39:17,V0047,Carro,No_A_Centro,11.17,40.88,66.26,4.59
2026-09-28 17:39:09,V0048,Moto,No_B_Norte,34.3,6.56,49.84,-0.46
2026-09-28 17:39:10,V0048,Moto,No_B_Norte,20.94,43.79,43.4,1.1
2026-09-28 17:39:11,V0048,Moto,No_B_Norte,6.31,25.19,41.14,0.73
2026-09-28 17:39:12,V0048,Moto,No_B_Norte,37.97,37.66,41.0,1.18
2026-09-28 17:39:13,V0048,Moto,No_B_Norte,26.34,16.39,48.32,1.95
2026-09-28 17:39:14,V0048,Moto,No_B_Norte,30.97,5.88,36.9,-1.18
2026-09-28 17:39:15,V0048,Moto,No_B_Norte,13.61,38.63,39.93,-0.74
2026-09-28 17:39:16,V0048,Moto,No_B_Norte,3.78,29.95,39.7,0.4
2026-09-28 17:39:17,V0048,Moto,No_B_Norte,17.45,21.18,38.84,-0.47
2026-09-28 17:39:18,V0048,Moto,No_B_Norte,34.77,43.47,33.7,-0.58
2026-09-28 17:39:10,V0049,Carro,No_B_Norte,43.37,25.37,41.22,-0.95
2026-09-28 17:39:11,V0049,Carro,No_B_Norte,40.78,4.89,44.1,-0.27
2026-09-28 17:39:12,V0049,Carro,No_B_Norte,17.56,49.14,47.67,-1.0
2026-09-28 17:39:13,V0049,Carro,No_B_Norte,25.64,23.19,37.63,-1.53
2026-09-28 17:39:14,V0049,Carro,No_B_Norte,20.34,40.77,38.41,-0.8
2026-09-28 17:39:15,V0049,Carro,No_B_Norte,44.54,8.1,44.18,-0.28
2026-09-28 17:39:16,V0049,Carro,No_B_Norte,26.94,15.94,41.97,1.2
2026-09-28 17:39:17,V0049,Carro,No_B_Norte,2.81,40.0,55.31,0.33
2026-09-28 17:39:18,V0049,Carro,No_B_Norte,48.93,24.99,33.99,0.3
2026-09-28 17:39:19,V0049,Carro,No_B_Norte,17.79,44.87,48.36,0.11
2026-09-28 17:39:11,V0050,Moto,No_B_Norte,21.68,20.52,61.07,0.81
2026-09-28 17:39:12,V0050,Moto,No_B_Norte,41.69,28.16,64.03,4.96
2026-09-28 17:39:13,V0050,Moto,No_B_Norte,3.08,19.02,65.56,-0.57
2026-09-28 17:39:14,V0050,Moto,No_B_Norte,33.51,0.41,67.89,0.65
2026-09-28 17:39:15,V0050,Moto,No_B_Norte,2.4,23.37,64.42,3.57
2026-09-28 17:39:16,V0050,Moto,No_B_Norte,31.37,43.92,77.4,2.81
2026-09-28 17:39:17,V0050,Moto,No_B_Norte,44.38,5.5,61.15,1.99
2026-09-28 17:39:18,V0050,Moto,No_B_Norte,17.27,14.52,59.45,3.95
2026-09-28 17:39:19,V0050,Moto,No_B_Norte,36.15,28.91,67.81,5.74
2026-09-28 17:39:20,V0050,Moto,No_B_Norte,12.77,28.16,65.67,1.35
2026-09-28 17:39:12,V0051,Carro,No_B_Norte,42.26,46.95,65.44,3.7
2026-09-28 17:39:13,V0051,Carro,No_B_Norte,35.07,45.25,78.14,2.28
2026-09-28 17:39:14,V0051,Carro,No_B_Norte,27.86,26.4,54.59,1.89
2026-09-28 17:39:15,V0051,Carro,No_B_Norte,39.49,43.92,71.47,2.16
2026-09-28 17:39:16,V0051,Carro,No_B_Norte,35.1,25.25,69.48,4.92
2026-09-28 17:39:17,V0051,Carro,No_B_Norte,7.7,19.29,72.72,4.81
2026-09-28 17:39:18,V0051,Carro,No_B_Norte,33.45,35.5,64.42,5.4
2026-09-28 17:39:19,V0051,Carro,No_B_Norte,20.48,38.61,71.12,2.65
2026-09-28 17:39:20,V0051,Carro,No_B_Norte,32.3,37.11,70.11,2.98
2026-09-28 17:39:21,V0051,Carro,No_B_Norte,45.15,36.36,64.74,2.62
2026-09-28 17:39:13,V0052,Carro,No_B_Norte,3.18,44.77,67.95,5.87
2026-09-28 17:39:14,V0052,Carro,No_B_Norte,33.15,40.43,59.31,2.3
2026-09-28 17:39:15,V0052,Carro,No_B_Norte,17.98,23.48,68.09,4.67
2026-09-28 17:39:16,V0052,Carro,No_B_Norte,7.08,32.26,65.06,0.33
2026-09-28 17:39:17,V0052,Carro,No_B_Norte,33.02,0.52,76.58,4.75
2026-09-28 17:39:18,V0052,Carro,No_B_Norte,17.08,40.91,64.49,0.82
2026-09-28 17:39:19,V0052,Carro,No_B_Norte,0.56,39.35,66.04,3.68
2026-09-28 17:39:20,V0052,Carro,No_B_Norte,16.94,3.47,65.06,1.86
2026-09-28 17:39:21,V0052,Carro,No_B_Norte,37.21,5.81,83.21,6.27
2026-09-28 17:39:22,V0052,Carro,No_B_Norte,36.97,12.93,48.73,6.0
2026-09-28 17:39:14,V0053,Carro,No_C_Leste,5.93,14.31,36.43,1.2
2026-09-28 17:39:15,V0053,Carro,No_C_Leste,33.43,49.56,39.27,1.89
2026-09-28 17:39:16,V0053,Carro,No_C_Leste,16.52,23.57,37.71,-1.43
2026-09-28 17:39:17,V0053,Carro,No_C_Leste,26.37,19.62,42.76,-1.57
2026-09-28 17:39:18,V0053,Carro,No_C_Leste,34.32,20.76,41.31,-1.88
2026-09-28 17:39:19,V0053,Carro,No_C_Leste,44.97,43.12,39.5,0.23
2026-09-28 17:39:20,V0053,Carro,No_C_Leste,18.84,33.14,36.28,-0.53
2026-09-28 17:39:21,V0053,Carro,No_C_Leste,35.59,35.37,46.16,0.43
2026-09-28 17:39:22,V0053,Carro,No_C_Leste,20.13,42.28,45.27,1.11
2026-09-28 17:39:23,V0053,Carro,No_C_Leste,21.49,21.89,39.19,-1.51
2026-09-28 17:39:15,V0054,Carro,No_A_Centro,16.49,13.11,67.1,6.08
2026-09-28 17:39:16,V0054,Carro,No_A_Centro,27.82,28.72,43.43,1.91
2026-09-28 17:39:17,V0054,Carro,No_A_Centro,14.3,21.69,73.53,2.59
2026-09-28 17:39:18,V0054,Carro,No_A_Centro,13.19,5.37,61.43,-0.17
2026-09-28 17:39:19,V0054,Carro,No_A_Centro,20.37,3.31,59.72,4.21
2026-09-28 17:39:20,V0054,Carro,No_A_Centro,1.7,27.92,65.57,2.43
2026-09-28 17:39:21,V0054,Carro,No_A_Centro,13.45,31.91,58.55,-2.0
2026-09-28 17:39:22,V0054,Carro,No_A_Centro,21.59,42.58,59.33,2.54
2026-09-28 17:39:23,V0054,Carro,No_A_Centro,20.69,8.83,67.13,3.74
2026-09-28 17:39:24,V0054,Carro,No_A_Centro,9.56,5.95,62.17,1.48
2026-09-28 17:39:16,V0055,Carro,No_A_Centro,27.54,48.93,68.51,2.8
2026-09-28 17:39:17,V0055,Carro,No_A_Centro,7.9,44.74,82.52,4.07
2026-09-28 17:39:18,V0055,Carro,No_A_Centro,21.63,33.46,79.03,-2.45
2026-09-28 17:39:19,V0055,Carro,No_A_Centro,42.04,43.92,76.57,0.0
2026-09-28 17:39:20,V0055,Carro,No_A_Centro,0.59,49.59,57.99,4.6
2026-09-28 17:39:21,V0055,Carro,No_A_Centro,22.87,45.82,70.24,4.07
2026-09-28 17:39:22,V0055,Carro,No_A_Centro,17.97,39.23,66.27,1.74
2026-09-28 17:39:23,V0055,Carro,No_A_Centro,28.07,42.76,51.85,6.38
2026-09-28 17:39:24,V0055,Carro,No_A_Centro,0.75,27.01,65.6,2.03
2026-09-28 17:39:25,V0055,Carro,No_A_Centro,0.88,2.27,60.61,3.75
2026-09-28 17:39:17,V0056,Carro,No_B_Norte,23.34,7.75,54.71,8.31
2026-09-28 17:39:18,V0056,Carro,No_B_Norte,9.09,4.63,84.15,9.33
2026-09-28 17:39:19,V0056,Carro,No_B_Norte,31.96,8.91,72.48,-1.96
2026-09-28 17:39:20,V0056,Carro,No_B_Norte,5.52,44.15,84.64,3.18
2026-09-28 17:39:21,V0056,Carro,No_B_Norte,37.51,28.58,80.31,2.87
2026-09-28 17:39:22,V0056,Carro,No_B_Norte,5.52,20.77,99.52,0.98
2026-09-28 17:39:23,V0056,Carro,No_B_Norte,43.22,10.26,81.93,3.76
2026-09-28 17:39:24,V0056,Carro,No_B_Norte,38.2,49.56,92.77,10.74
2026-09-28 17:39:25,V0056,Carro,No_B_Norte,21.59,10.9,98.16,3.08
2026-09-28 17:39:26,V0056,Carro,No_B_Norte,26.19,11.5,80.89,7.21
2026-09-28 17:39:18,V0057,Carro,No_B_Norte,5.18,39.98,30.91,-1.06
2026-09-28 17:39:19,V0057,Carro,No_B_Norte,31.99,40.52,29.46,-0.66
2026-09-28 17:39:20,V0057,Carro,No_B_Norte,13.19,25.7,33.66,-0.81
2026-09-28 17:39:21,V0057,Carro,No_B_Norte,28.27,23.26,44.67,-0.51
2026-09-28 17:39:22,V0057,Carro,No_B_Norte,1.57,36.94,47.01,-0.14
2026-09-28 17:39:23,V0057,Carro,No_B_Norte,49.58,28.4,33.35,0.11
2026-09-28 17:39:24,V0057,Carro,No_B_Norte,37.46,24.96,42.99,-0.08
2026-09-28 17:39:25,V0057,Carro,No_B_Norte,3.44,8.51,31.79,-0.82
2026-09-28 17:39:26,V0057,Carro,No_B_Norte,37.68,13.84,52.83,0.3
2026-09-28 17:39:27,V0057,Carro,No_B_Norte,24.1,16.59,42.08,-0.11
2026-09-28 17:39:19,V0058,Carro,No_C_Leste,29.68,21.84,57.06,4.2
2026-09-28 17:39:20,V0058,Carro,No_C_Leste,25.07,31.73,73.24,4.02
2026-09-28 17:39:21,V0058,Carro,No_C_Leste,45.55,30.79,60.62,6.47
2026-09-28 17:39:22,V0058,Carro,No_C_Leste,15.33,27.71,73.56,5.15
2026-09-28 17:39:23,V0058,Carro,No_C_Leste,47.96,3.79,76.29,2.42
2026-09-28 17:39:24,V0058,Carro,No_C_Leste,20.81,46.99,75.29,1.72
2026-09-28 17:39:25,V0058,Carro,No_C_Leste,11.74,16.5,67.68,4.57
2026-09-28 17:39:26,V0058,Carro,No_C_Leste,28.22,36.19,69.47,1.39
2026-09-28 17:39:27,V0058,Carro,No_C_Leste,24.17,26.84,64.59,-0.25
2026-09-28 17:39:28,V0058,Carro,No_C_Leste,29.26,18.49,72.61,1.33
2026-09-28 17:39:20,V0059,Moto,No_A_Centro,9.27,13.48,41.99,0.32
2026-09-28 17:39:21,V0059,Moto,No_A_Centro,44.7,19.28,25.26,0.76
2026-09-28 17:39:22,V0059,Moto,No_A_Centro,3.69,15.16,47.99,-0.37
2026-09-28 17:39:23,V0059,Moto,No_A_Centro,43.23,23.1,48.15,-1.6
2026-09-28 17:39:24,V0059,Moto,No_A_Centro,49.6,3.18,39.32,-0.18
2026-09-28 17:39:25,V0059,Moto,No_A_Centro,5.43,40.68,42.67,0.65
2026-09-28 17:39:26,V0059,Moto,No_A_Centro,37.71,27.52,46.21,0.71
2026-09-28 17:39:27,V0059,Moto,No_A_Centro,17.76,26.43,40.54,-0.51
2026-09-28 17:39:28,V0059,Moto,No_A_Centro,13.97,46.72,35.7,0.07
2026-09-28 17:39:29,V0059,Moto,No_A_Centro,2.01,9.71,42.14,1.57
2026-09-28 17:39:21,V0060,Carro,No_B_Norte,8.14,28.38,62.16,3.81
2026-09-28 17:39:22,V0060,Carro,No_B_Norte,28.21,0.73,68.01,2.52
2026-09-28 17:39:23,V0060,Carro,No_B_Norte,28.96,9.11,50.01,2.59
2026-09-28 17:39:24,V0060,Carro,No_B_Norte,25.42,3.38,53.81,3.37
2026-09-28 17:39:25,V0060,Carro,No_B_Norte,49.64,2.9,82.78,3.23
2026-09-28 17:39:26,V0060,Carro,No_B_Norte,5.89,16.06,51.62,2.55
2026-09-28 17:39:27,V0060,Carro,No_B_Norte,48.25,28.54,57.16,2.16
2026-09-28 17:39:28,V0060,Carro,No_B_Norte,12.73,41.65,54.74,7.13
2026-09-28 17:39:29,V0060,Carro,No_B_Norte,38.21,6.83,59.77,2.33
2026-09-28 17:39:30,V0060,Carro,No_B_Norte,11.1,35.42,65.02,2.45
2026-09-28 17:39:22,V0061,Carro,No_A_Centro,48.67,9.25,39.65,0.86
2026-09-28 17:39:23,V0061,Carro,No_A_Centro,28.16,34.24,36.84,-0.93
2026-09-28 17:39:24,V0061,Carro,No_A_Centro,7.53,32.09,35.43,1.48
2026-09-28 17:39:25,V0061,Carro,No_A_Centro,11.89,34.26,34.93,-1.23
2026-09-28 17:39:26,V0061,Carro,No_A_Centro,1.15,38.12,36.11,0.4
2026-09-28 17:39:27,V0061,Carro,No_A_Centro,28.75,21.95,31.4,-0.93
2026-09-28 17:39:28,V0061,Carro,No_A_Centro,43.31,7.04,38.23,1.03
2026-09-28 17:39:29,V0061,Carro,No_A_Centro,16.7,17.36,40.29,-1.99
2026-09-28 17:39:30,V0061,Carro,No_A_Centro,22.75,32.11,36.68,1.54
2026-09-28 17:39:31,V0061,Carro,No_A_Centro,7.65,17.72,33.81,-1.21
2026-09-28 17:39:23,V0062,Onibus,No_A_Centro,42.63,23.44,34.39,0.19
2026-09-28 17:39:24,V0062,Onibus,No_A_Centro,37.85,24.43,43.97,-0.29
2026-09-28 17:39:25,V0062,Onibus,No_A_Centro,46.97,4.68,38.01,0.28
2026-09-28 17:39:26,V0062,Onibus,No_A_Centro,45.26,22.76,36.93,-0.09
2026-09-28 17:39:27,V0062,Onibus,No_A_Centro,11.48,29.61,47.87,-1.24
2026-09-28 17:39:28,V0062,Onibus,No_A_Centro,47.89,14.28,48.3,-0.09
2026-09-28 17:39:29,V0062,Onibus,No_A_Centro,5.04,0.76,38.36,-0.3
2026-09-28 17:39:30,V0062,Onibus,No_A_Centro,37.5,49.05,44.1,1.67
2026-09-28 17:39:31,V0062,Onibus,No_A_Centro,11.86,18.72,47.84,0.49
2026-09-28 17:39:32,V0062,Onibus,No_A_Centro,17.04,35.16,43.64,0.16
2026-09-28 17:39:24,V0063,Carro,No_C_Leste,3.27,22.26,35.03,0.79
2026-09-28 17:39:25,V0063,Carro,No_C_Leste,41.54,0.99,35.85,3.19
2026-09-28 17:39:26,V0063,Carro,No_C_Leste,33.58,31.85,39.1,-0.08
2026-09-28 17:39:27,V0063,Carro,No_C_Leste,6.87,49.46,39.64,0.69
2026-09-28 17:39:28,V0063,Carro,No_C_Leste,2.6,17.48,44.94,-0.27
2026-09-28 17:39:29,V0063,Carro,No_C_Leste,5.9,11.27,24.59,0.76
2026-09-28 17:39:30,V0063,Carro,No_C_Leste,24.74,11.55,37.6,0.43
2026-09-28 17:39:31,V0063,Carro,No_C_Leste,14.73,0.02,40.19,-0.11
2026-09-28 17:39:32,V0063,Carro,No_C_Leste,12.64,2.71,39.49,-1.77
2026-09-28 17:39:33,V0063,Carro,No_C_Leste,20.05,40.72,36.16,0.44
2026-09-28 17:39:25,V0064,Caminhao,No_C_Leste,34.59,9.81,75.67,3.6
2026-09-28 17:39:26,V0064,Caminhao,No_C_Leste,13.13,6.88,72.71,6.14
2026-09-28 17:39:27,V0064,Caminhao,No_C_Leste,12.89,13.21,63.13,5.14
2026-09-28 17:39:28,V0064,Caminhao,No_C_Leste,31.02,28.52,53.17,3.79
2026-09-28 17:39:29,V0064,Caminhao,No_C_Leste,41.78,7.14,75.87,-0.64
2026-09-28 17:39:30,V0064,Caminhao,No_C_Leste,5.15,23.62,53.72,2.68
2026-09-28 17:39:31,V0064,Caminhao,No_C_Leste,37.13,41.44,58.13,3.66
2026-09-28 17:39:32,V0064,Caminhao,No_C_Leste,21.68,38.39,60.26,3.81
2026-09-28 17:39:33,V0064,Caminhao,No_C_Leste,32.36,22.42,82.07,1.25
2026-09-28 17:39:34,V0064,Caminhao,No_C_Leste,11.55,43.47,66.53,-1.18
2026-09-28 17:39:26,V0065,Moto,No_A_Centro,44.61,47.72,75.75,5.88
2026-09-28 17:39:27,V0065,Moto,No_A_Centro,3.89,32.15,62.71,2.54
2026-09-28 17:39:28,V0065,Moto,No_A_Centro,6.69,0.23,46.74,5.48
2026-09-28 17:39:29,V0065,Moto,No_A_Centro,26.97,15.72,69.14,3.12
2026-09-28 17:39:30,V0065,Moto,No_A_Centro,1.38,24.89,58.99,3.08
2026-09-28 17:39:31,V0065,Moto,No_A_Centro,6.85,10.76,61.91,4.07
2026-09-28 17:39:32,V0065,Moto,No_A_Centro,30.41,0.92,73.05,4.57
2026-09-28 17:39:33,V0065,Moto,No_A_Centro,45.79,21.27,60.21,2.0
2026-09-28 17:39:34,V0065,Moto,No_A_Centro,6.95,6.93,72.82,1.68
2026-09-28 17:39:35,V0065,Moto,No_A_Centro,35.89,18.59,59.54,3.86
2026-09-28 17:39:27,V0066,Onibus,No_A_Centro,1.93,42.47,62.98,2.13
2026-09-28 17:39:28,V0066,Onibus,No_A_Centro,43.76,15.57,58.16,0.84
2026-09-28 17:39:29,V0066,Onibus,No_A_Centro,14.42,33.37,55.43,5.65
2026-09-28 17:39:30,V0066,Onibus,No_A_Centro,34.23,15.01,60.31,3.23
2026-09-28 17:39:31,V0066,Onibus,No_A_Centro,2.22,5.21,63.49,2.63
2026-09-28 17:39:32,V0066,Onibus,No_A_Centro,31.5,12.07,71.67,1.44
2026-09-28 17:39:33,V0066,Onibus,No_A_Centro,9.4,48.38,63.57,4.12
2026-09-28 17:39:34,V0066,Onibus,No_A_Centro,17.83,28.6,59.69,5.41
2026-09-28 17:39:35,V0066,Onibus,No_A_Centro,27.87,32.48,61.22,3.08
2026-09-28 17:39:36,V0066,Onibus,No_A_Centro,5.12,14.69,61.15,4.24
2026-09-28 17:39:28,V0067,Carro,No_B_Norte,31.42,26.62,34.01,0.78
2026-09-28 17:39:29,V0067,Carro,No_B_Norte,1.89,49.59,38.08,0.03
2026-09-28 17:39:30,V0067,Carro,No_B_Norte,8.79,26.54,34.47,-0.07
2026-09-28 17:39:31,V0067,Carro,No_B_Norte,21.26,42.92,44.63,-0.04
2026-09-28 17:39:32,V0067,Carro,No_B_Norte,40.82,46.59,47.71,0.84
2026-09-28 17:39:33,V0067,Carro,No_B_Norte,37.63,16.8,41.01,0.93
2026-09-28 17:39:34,V0067,Carro,No_B_Norte,36.17,20.46,48.12,0.21
2026-09-28 17:39:35,V0067,Carro,No_B_Norte,25.66,14.47,46.81,0.56
2026-09-28 17:39:36,V0067,Carro,No_B_Norte,36.8,5.21,36.03,0.52
2026-09-28 17:39:37,V0067,Carro,No_B_Norte,16.34,33.0,35.66,0.99
2026-09-28 17:39:29,V0068,Carro,No_A_Centro,27.67,48.85,39.2,1.16
2026-09-28 17:39:30,V0068,Carro,No_A_Centro,17.54,22.99,36.27,-0.25
2026-09-28 17:39:31,V0068,Carro,No_A_Centro,10.46,23.97,40.77,1.84
2026-09-28 17:39:32,V0068,Carro,No_A_Centro,4.54,13.49,35.96,1.93
2026-09-28 17:39:33,V0068,Carro,No_A_Centro,18.92,18.64,46.47,-0.06
2026-09-28 17:39:34,V0068,Carro,No_A_Centro,8.45,20.25,37.07,0.94
2026-09-28 17:39:35,V0068,Carro,No_A_Centro,30.04,5.64,39.95,-0.7
2026-09-28 17:39:36,V0068,Carro,No_A_Centro,40.16,49.53,45.06,0.64
2026-09-28 17:39:37,V0068,Carro,No_A_Centro,39.69,9.57,33.92,0.2
2026-09-28 17:39:38,V0068,Carro,No_A_Centro,48.82,17.79,35.27,-0.87
2026-09-28 17:39:30,V0069,Carro,No_A_Centro,39.88,11.29,61.96,6.84
2026-09-28 17:39:31,V0069,Carro,No_A_Centro,0.6,12.08,60.31,6.59
2026-09-28 17:39:32,V0069,Carro,No_A_Centro,25.92,11.4,62.71,2.62
2026-09-28 17:39:33,V0069,Carro,No_A_Centro,6.81,23.46,76.67,6.72
2026-09-28 17:39:34,V0069,Carro,No_A_Centro,33.74,29.4,65.19,0.47
2026-09-28 17:39:35,V0069,Carro,No_A_Centro,24.74,20.33,54.13,2.89
2026-09-28 17:39:36,V0069,Carro,No_A_Centro,5.06,32.56,70.04,5.84
2026-09-28 17:39:37,V0069,Carro,No_A_Centro,26.02,38.68,80.69,1.45
2026-09-28 17:39:38,V0069,Carro,No_A_Centro,42.56,18.19,59.38,7.04
2026-09-28 17:39:39,V0069,Carro,No_A_Centro,45.34,29.45,69.74,2.22
2026-09-28 17:39:31,V0070,Moto,No_B_Norte,46.24,47.54,39.5,-1.31
2026-09-28 17:39:32,V0070,Moto,No_B_Norte,45.55,19.41,29.74,-1.73
2026-09-28 17:39:33,V0070,Moto,No_B_Norte,33.54,22.79,44.59,-0.12
2026-09-28 17:39:34,V0070,Moto,No_B_Norte,23.28,29.47,40.85,0.84
2026-09-28 17:39:35,V0070,Moto,No_B_Norte,2.6,4.26,35.14,-2.21
2026-09-28 17:39:36,V0070,Moto,No_B_Norte,27.53,23.24,43.05,-1.22
2026-09-28 17:39:37,V0070,Moto,No_B_Norte,22.27,11.14,43.44,-0.71
2026-09-28 17:39:38,V0070,Moto,No_B_Norte,31.98,21.64,41.31,0.61
2026-09-28 17:39:39,V0070,Moto,No_B_Norte,24.89,33.99,35.96,1.81
2026-09-28 17:39:40,V0070,Moto,No_B_Norte,49.0,32.8,30.83,-0.37
2026-09-28 17:39:32,V0071,Carro,No_A_Centro,32.02,28.57,84.41,5.92
2026-09-28 17:39:33,V0071,Carro,No_A_Centro,24.31,20.2,74.69,8.55
2026-09-28 17:39:34,V0071,Carro,No_A_Centro,0.13,37.28,80.11,3.99
2026-09-28 17:39:35,V0071,Carro,No_A_Centro,31.29,43.01,88.36,3.55
2026-09-28 17:39:36,V0071,Carro,No_A_Centro,41.55,37.12,93.53,2.0
2026-09-28 17:39:37,V0071,Carro,No_A_Centro,37.85,7.67,76.79,8.49
2026-09-28 17:39:38,V0071,Carro,No_A_Centro,15.33,17.93,84.74,2.95
2026-09-28 17:39:39,V0071,Carro,No_A_Centro,17.09,17.24,93.94,7.14
2026-09-28 17:39:40,V0071,Carro,No_A_Centro,43.23,47.68,98.16,5.59
2026-09-28 17:39:41,V0071,Carro,No_A_Centro,48.61,21.63,90.53,4.06
2026-09-28 17:39:33,V0072,Carro,No_B_Norte,5.12,18.92,43.17,-0.48
2026-09-28 17:39:34,V0072,Carro,No_B_Norte,41.5,7.53,46.33,0.44
2026-09-28 17:39:35,V0072,Carro,No_B_Norte,23.56,22.82,36.94,0.26
2026-09-28 17:39:36,V0072,Carro,No_B_Norte,9.71,1.2,36.86,0.2
2026-09-28 17:39:37,V0072,Carro,No_B_Norte,3.66,33.96,39.39,0.69
2026-09-28 17:39:38,V0072,Carro,No_B_Norte,49.3,11.81,36.89,-0.13
2026-09-28 17:39:39,V0072,Carro,No_B_Norte,43.71,44.24,37.73,1.16
2026-09-28 17:39:40,V0072,Carro,No_B_Norte,36.77,4.42,37.61,1.68
2026-09-28 17:39:41,V0072,Carro,No_B_Norte,6.76,0.82,43.61,-0.73
2026-09-28 17:39:42,V0072,Carro,No_B_Norte,11.45,42.56,45.65,-0.93
2026-09-28 17:39:34,V0073,Carro,No_B_Norte,40.06,46.9,34.73,0.41
2026-09-28 17:39:35,V0073,Carro,No_B_Norte,45.71,25.07,43.58,-1.55
2026-09-28 17:39:36,V0073,Carro,No_B_Norte,4.33,39.47,41.58,0.12
2026-09-28 17:39:37,V0073,Carro,No_B_Norte,27.38,48.32,35.58,-1.52
2026-09-28 17:39:38,V0073,Carro,No_B_Norte,9.21,3.26,47.35,0.06
2026-09-28 17:39:39,V0073,Carro,No_B_Norte,13.7,19.49,43.41,0.97
2026-09-28 17:39:40,V0073,Carro,No_B_Norte,49.63,18.35,44.06,2.09
2026-09-28 17:39:41,V0073,Carro,No_B_Norte,33.23,34.49,44.01,-1.56
2026-09-28 17:39:42,V0073,Carro,No_B_Norte,39.94,19.84,32.68,-0.01
2026-09-28 17:39:43,V0073,Carro,No_B_Norte,10.75,24.59,40.95,1.03
2026-09-28 17:39:35,V0074,Carro,No_A_Centro,44.04,27.42,73.81,6.44
2026-09-28 17:39:36,V0074,Carro,No_A_Centro,32.24,2.16,54.73,3.22
2026-09-28 17:39:37,V0074,Carro,No_A_Centro,39.58,35.21,68.41,4.84
2026-09-28 17:39:38,V0074,Carro,No_A_Centro,34.25,8.0,65.29,2.67
2026-09-28 17:39:39,V0074,Carro,No_A_Centro,1.16,12.29,63.49,2.48
2026-09-28 17:39:40,V0074,Carro,No_A_Centro,17.29,14.91,62.84,1.59
2026-09-28 17:39:41,V0074,Carro,No_A_Centro,22.88,8.89,64.75,2.83
2026-09-28 17:39:42,V0074,Carro,No_A_Centro,19.39,29.99,46.85,5.64
2026-09-28 17:39:43,V0074,Carro,No_A_Centro,1.99,8.35,70.67,4.94
2026-09-28 17:39:44,V0074,Carro,No_A_Centro,3.11,9.7,77.84,4.32
2026-09-28 17:39:36,V0075,Carro,No_B_Norte,36.61,14.84,31.89,-0.61
2026-09-28 17:39:37,V0075,Carro,No_B_Norte,13.14,7.43,34.26,0.31
2026-09-28 17:39:38,V0075,Carro,No_B_Norte,5.94,26.78,40.71,-1.8
2026-09-28 17:39:39,V0075,Carro,No_B_Norte,44.4,43.78,37.34,0.77
2026-09-28 17:39:40,V0075,Carro,No_B_Norte,0.71,25.14,37.33,-0.28
2026-09-28 17:39:41,V0075,Carro,No_B_Norte,9.43,13.65,40.18,-0.86
2026-09-28 17:39:42,V0075,Carro,No_B_Norte,48.14,49.11,36.74,-0.11
2026-09-28 17:39:43,V0075,Carro,No_B_Norte,31.85,34.11,32.56,-0.17
2026-09-28 17:39:44,V0075,Carro,No_B_Norte,7.96,40.36,38.75,0.46
2026-09-28 17:39:45,V0075,Carro,No_B_Norte,34.13,44.25,43.86,0.15
2026-09-28 17:39:37,V0076,Carro,No_A_Centro,19.75,22.37,69.31,3.34
2026-09-28 17:39:38,V0076,Carro,No_A_Centro,0.88,22.96,70.4,2.02
2026-09-28 17:39:39,V0076,Carro,No_A_Centro,29.33,17.42,66.06,5.63
2026-09-28 17:39:40,V0076,Carro,No_A_Centro,34.89,9.37,50.03,3.12
2026-09-28 17:39:41,V0076,Carro,No_A_Centro,19.5,45.27,80.66,2.66
2026-09-28 17:39:42,V0076,Carro,No_A_Centro,3.24,41.81,72.64,1.06
2026-09-28 17:39:43,V0076,Carro,No_A_Centro,24.23,38.34,48.83,0.51
2026-09-28 17:39:44,V0076,Carro,No_A_Centro,24.67,22.93,72.17,0.04
2026-09-28 17:39:45,V0076,Carro,No_A_Centro,34.2,14.71,70.99,6.47
2026-09-28 17:39:46,V0076,Carro,No_A_Centro,29.66,4.97,66.15,1.22
2026-09-28 17:39:38,V0077,Carro,No_B_Norte,44.41,36.7,80.13,2.45
2026-09-28 17:39:39,V0077,Carro,No_B_Norte,26.03,20.95,55.25,1.62
2026-09-28 17:39:40,V0077,Carro,No_B_Norte,6.03,0.47,74.97,5.79
2026-09-28 17:39:41,V0077,Carro,No_B_Norte,24.78,18.92,76.65,0.16
2026-09-28 17:39:42,V0077,Carro,No_B_Norte,39.24,17.81,57.77,3.51
2026-09-28 17:39:43,V0077,Carro,No_B_Norte,14.94,19.21,66.91,2.76
2026-09-28 17:39:44,V0077,Carro,No_B_Norte,5.22,7.01,68.92,3.07
2026-09-28 17:39:45,V0077,Carro,No_B_Norte,42.36,39.69,41.94,-3.79
2026-09-28 17:39:46,V0077,Carro,No_B_Norte,9.79,34.56,57.39,1.57
2026-09-28 17:39:47,V0077,Carro,No_B_Norte,24.14,4.22,62.49,1.66
2026-09-28 17:39:39,V0078,Carro,No_A_Centro,3.35,33.59,80.3,1.53
2026-09-28 17:39:40,V0078,Carro,No_A_Centro,13.82,6.72,61.43,0.44
2026-09-28 17:39:41,V0078,Carro,No_A_Centro,34.18,10.65,60.0,2.59
2026-09-28 17:39:42,V0078,Carro,No_A_Centro,45.2,3.56,60.07,3.42
2026-09-28 17:39:43,V0078,Carro,No_A_Centro,26.65,47.91,65.54,3.55
2026-09-28 17:39:44,V0078,Carro,No_A_Centro,36.0,37.16,70.26,6.29
2026-09-28 17:39:45,V0078,Carro,No_A_Centro,31.99,38.27,72.68,1.82
2026-09-28 17:39:46,V0078,Carro,No_A_Centro,28.11,10.34,55.21,4.8
2026-09-28 17:39:47,V0078,Carro,No_A_Centro,43.68,1.06,82.7,1.27
2026-09-28 17:39:48,V0078,Carro,No_A_Centro,2.64,12.53,68.13,2.96
2026-09-28 17:39:40,V0079,Caminhao,No_C_Leste,21.44,35.72,44.23,0.16
2026-09-28 17:39:41,V0079,Caminhao,No_C_Leste,7.69,37.93,50.3,-0.92
2026-09-28 17:39:42,V0079,Caminhao,No_C_Leste,20.48,13.17,41.95,-1.28
2026-09-28 17:39:43,V0079,Caminhao,No_C_Leste,23.3,5.55,37.75,-2.16
2026-09-28 17:39:44,V0079,Caminhao,No_C_Leste,12.26,28.2,42.89,1.08
2026-09-28 17:39:45,V0079,Caminhao,No_C_Leste,6.43,22.9,39.32,0.52
2026-09-28 17:39:46,V0079,Caminhao,No_C_Leste,6.21,3.27,40.36,1.43
2026-09-28 17:39:47,V0079,Caminhao,No_C_Leste,16.31,48.03,40.19,-0.36
2026-09-28 17:39:48,V0079,Caminhao,No_C_Leste,27.11,20.01,41.42,0.02
2026-09-28 17:39:49,V0079,Caminhao,No_C_Leste,25.38,1.39,39.97,-0.57
2026-09-28 17:39:41,V0080,Carro,No_C_Leste,4.13,8.13,79.49,8.93
2026-09-28 17:39:42,V0080,Carro,No_C_Leste,17.08,7.84,92.14,1.53
2026-09-28 17:39:43,V0080,Carro,No_C_Leste,8.29,10.47,82.34,1.82
2026-09-28 17:39:44,V0080,Carro,No_C_Leste,9.66,40.31,102.07,3.53
2026-09-28 17:39:45,V0080,Carro,No_C_Leste,30.3,28.21,89.05,2.93
2026-09-28 17:39:46,V0080,Carro,No_C_Leste,44.79,39.04,82.41,2.15
2026-09-28 17:39:47,V0080,Carro,No_C_Leste,44.81,0.9,82.41,5.47
2026-09-28 17:39:48,V0080,Carro,No_C_Leste,46.48,17.29,82.94,9.41
2026-09-28 17:39:49,V0080,Carro,No_C_Leste,21.63,30.2,82.32,5.52
2026-09-28 17:39:50,V0080,Carro,No_C_Leste,0.15,28.77,72.39,6.55
2026-09-28 17:39:42,V0081,Carro,No_C_Leste,13.74,12.74,85.91,3.03
2026-09-28 17:39:43,V0081,Carro,No_C_Leste,39.0,15.22,83.27,3.34
2026-09-28 17:39:44,V0081,Carro,No_C_Leste,0.47,34.14,73.42,6.78
2026-09-28 17:39:45,V0081,Carro,No_C_Leste,32.71,14.57,86.65,7.88
2026-09-28 17:39:46,V0081,Carro,No_C_Leste,48.16,7.82,76.81,6.65
2026-09-28 17:39:47,V0081,Carro,No_C_Leste,15.96,45.06,87.58,4.72
2026-09-28 17:39:48,V0081,Carro,No_C_Leste,4.91,37.06,94.54,4.51
2026-09-28 17:39:49,V0081,Carro,No_C_Leste,26.26,40.19,80.97,4.78
2026-09-28 17:39:50,V0081,Carro,No_C_Leste,37.95,21.48,74.27,8.99
2026-09-28 17:39:51,V0081,Carro,No_C_Leste,0.46,19.66,82.84,3.54
2026-09-28 17:39:43,V0082,Moto,No_C_Leste,48.84,23.79,42.99,0.2
2026-09-28 17:39:44,V0082,Moto,No_C_Leste,1.86,15.57,41.61,0.41
2026-09-28 17:39:45,V0082,Moto,No_C_Leste,14.79,14.79,44.23,1.26
2026-09-28 17:39:46,V0082,Moto,No_C_Leste,42.42,32.51,34.52,0.71
2026-09-28 17:39:47,V0082,Moto,No_C_Leste,43.21,9.35,28.22,1.56
2026-09-28 17:39:48,V0082,Moto,No_C_Leste,16.91,16.77,39.22,0.23
2026-09-28 17:39:49,V0082,Moto,No_C_Leste,37.1,8.78,43.32,-0.5
2026-09-28 17:39:50,V0082,Moto,No_C_Leste,38.54,25.61,35.4,-0.45
2026-09-28 17:39:51,V0082,Moto,No_C_Leste,30.8,24.62,39.69,0.04
2026-09-28 17:39:52,V0082,Moto,No_C_Leste,29.31,36.02,36.51,-0.91
2026-09-28 17:39:44,V0083,Onibus,No_C_Leste,4.07,40.89,52.43,0.78
2026-09-28 17:39:45,V0083,Onibus,No_C_Leste,6.04,36.57,55.59,3.46
2026-09-28 17:39:46,V0083,Onibus,No_C_Leste,48.47,23.36,63.78,2.21
2026-09-28 17:39:47,V0083,Onibus,No_C_Leste,34.46,23.23,67.92,0.9
2026-09-28 17:39:48,V0083,Onibus,No_C_Leste,36.61,31.77,71.7,2.98
2026-09-28 17:39:49,V0083,Onibus,No_C_Leste,42.05,43.74,66.07,2.63
2026-09-28 17:39:50,V0083,Onibus,No_C_Leste,16.32,0.3,80.26,2.79
2026-09-28 17:39:51,V0083,Onibus,No_C_Leste,20.69,15.65,64.77,2.81
2026-09-28 17:39:52,V0083,Onibus,No_C_Leste,11.84,37.3,57.59,2.24
2026-09-28 17:39:53,V0083,Onibus,No_C_Leste,34.7,25.53,46.68,3.36
2026-09-28 17:39:45,V0084,Moto,No_B_Norte,11.62,13.87,45.36,0.09
2026-09-28 17:39:46,V0084,Moto,No_B_Norte,3.58,48.0,46.91,0.49
2026-09-28 17:39:47,V0084,Moto,No_B_Norte,45.04,37.39,40.57,-2.55
2026-09-28 17:39:48,V0084,Moto,No_B_Norte,3.47,26.07,29.6,-1.16
2026-09-28 17:39:49,V0084,Moto,No_B_Norte,19.89,40.26,41.38,0.01
2026-09-28 17:39:50,V0084,Moto,No_B_Norte,43.36,24.02,41.27,-0.42
2026-09-28 17:39:51,V0084,Moto,No_B_Norte,12.37,2.79,38.12,-0.14
2026-09-28 17:39:52,V0084,Moto,No_B_Norte,16.74,48.57,48.13,-0.05
2026-09-28 17:39:53,V0084,Moto,No_B_Norte,39.03,35.34,46.99,0.6
2026-09-28 17:39:54,V0084,Moto,No_B_Norte,4.92,17.5,43.68,0.83
2026-09-28 17:39:46,V0085,Carro,No_B_Norte,22.12,12.57,61.52,1.04
2026-09-28 17:39:47,V0085,Carro,No_B_Norte,36.21,41.62,70.7,1.6
2026-09-28 17:39:48,V0085,Carro,No_B_Norte,20.0,32.78,64.91,2.81
2026-09-28 17:39:49,V0085,Carro,No_B_Norte,44.03,15.75,85.97,4.92
2026-09-28 17:39:50,V0085,Carro,No_B_Norte,36.82,40.0,72.7,2.97
2026-09-28 17:39:51,V0085,Carro,No_B_Norte,46.76,13.65,60.01,1.78
2026-09-28 17:39:52,V0085,Carro,No_B_Norte,22.21,4.76,57.99,3.1
2026-09-28 17:39:53,V0085,Carro,No_B_Norte,36.01,24.3,57.28,3.91
2026-09-28 17:39:54,V0085,Carro,No_B_Norte,9.49,43.23,59.67,2.56
2026-09-28 17:39:55,V0085,Carro,No_B_Norte,32.52,34.27,65.86,5.48
2026-09-28 17:39:47,V0086,Carro,No_C_Leste,16.2,5.53,35.43,0.88
2026-09-28 17:39:48,V0086,Carro,No_C_Leste,39.63,4.6,46.05,-0.22
2026-09-28 17:39:49,V0086,Carro,No_C_Leste,15.65,29.02,39.9,0.62
2026-09-28 17:39:50,V0086,Carro,No_C_Leste,4.0,48.84,40.12,0.7
2026-09-28 17:39:51,V0086,Carro,No_C_Leste,15.55,45.24,41.21,0.27
2026-09-28 17:39:52,V0086,Carro,No_C_Leste,28.36,49.23,46.72,-0.06
2026-09-28 17:39:53,V0086,Carro,No_C_Leste,3.98,18.06,40.09,-0.64
2026-09-28 17:39:54,V0086,Carro,No_C_Leste,31.18,44.51,40.98,0.7
2026-09-28 17:39:55,V0086,Carro,No_C_Leste,39.32,23.33,38.58,-0.6
2026-09-28 17:39:56,V0086,Carro,No_C_Leste,34.1,6.65,36.16,0.94
2026-09-28 17:39:48,V0087,Carro,No_A_Centro,38.2,37.3,85.28,13.05
2026-09-28 17:39:49,V0087,Carro,No_A_Centro,35.33,12.59,83.17,8.91
2026-09-28 17:39:50,V0087,Carro,No_A_Centro,36.3,1.78,93.01,3.83
2026-09-28 17:39:51,V0087,Carro,No_A_Centro,18.82,26.55,96.06,-1.15
2026-09-28 17:39:52,V0087,Carro,No_A_Centro,6.56,31.5,73.26,4.54
2026-09-28 17:39:53,V0087,Carro,No_A_Centro,22.94,3.68,76.6,5.71
2026-09-28 17:39:54,V0087,Carro,No_A_Centro,35.16,27.97,77.3,4.42
2026-09-28 17:39:55,V0087,Carro,No_A_Centro,23.0,24.58,76.62,3.4
2026-09-28 17:39:56,V0087,Carro,No_A_Centro,3.49,38.65,103.61,3.21
2026-09-28 17:39:57,V0087,Carro,No_A_Centro,22.66,25.32,93.32,2.85
2026-09-28 17:39:49,V0088,Carro,No_A_Centro,3.41,1.49,70.84,2.79
2026-09-28 17:39:50,V0088,Carro,No_A_Centro,37.81,15.93,64.47,0.81
2026-09-28 17:39:51,V0088,Carro,No_A_Centro,47.65,11.12,56.49,3.8
2026-09-28 17:39:52,V0088,Carro,No_A_Centro,26.42,23.66,60.74,1.98
2026-09-28 17:39:53,V0088,Carro,No_A_Centro,22.99,30.69,80.56,7.71
2026-09-28 17:39:54,V0088,Carro,No_A_Centro,24.05,5.11,59.8,0.86
2026-09-28 17:39:55,V0088,Carro,No_A_Centro,26.91,37.75,71.98,5.25
2026-09-28 17:39:56,V0088,Carro,No_A_Centro,39.24,39.85,68.73,1.3
2026-09-28 17:39:57,V0088,Carro,No_A_Centro,31.05,29.33,61.82,3.33
2026-09-28 17:39:58,V0088,Carro,No_A_Centro,26.72,33.96,57.37,3.93
2026-09-28 17:39:50,V0089,Moto,No_A_Centro,47.96,46.88,38.64,1.59
2026-09-28 17:39:51,V0089,Moto,No_A_Centro,26.75,6.07,35.44,-0.54
2026-09-28 17:39:52,V0089,Moto,No_A_Centro,20.91,43.01,43.44,1.5
2026-09-28 17:39:53,V0089,Moto,No_A_Centro,41.33,2.01,43.29,-0.24
2026-09-28 17:39:54,V0089,Moto,No_A_Centro,12.87,7.54,40.71,-0.28
2026-09-28 17:39:55,V0089,Moto,No_A_Centro,34.08,37.06,43.49,-0.97
2026-09-28 17:39:56,V0089,Moto,No_A_Centro,35.33,33.45,37.51,1.38
2026-09-28 17:39:57,V0089,Moto,No_A_Centro,6.47,15.58,36.39,-0.3
2026-09-28 17:39:58,V0089,Moto,No_A_Centro,24.4,32.31,38.98,0.7
2026-09-28 17:39:59,V0089,Moto,No_A_Centro,13.09,31.89,48.98,-0.87
2026-09-28 17:39:51,V0090,Carro,No_C_Leste,22.33,0.17,48.88,1.71
2026-09-28 17:39:52,V0090,Carro,No_C_Leste,34.81,3.96,26.18,-0.08
2026-09-28 17:39:53,V0090,Carro,No_C_Leste,2.35,24.5,25.64,-1.17
2026-09-28 17:39:54,V0090,Carro,No_C_Leste,24.18,32.42,37.71,-0.73
2026-09-28 17:39:55,V0090,Carro,No_C_Leste,49.88,33.71,41.25,0.55
2026-09-28 17:39:56,V0090,Carro,No_C_Leste,8.4,0.4,41.32,1.28
2026-09-28 17:39:57,V0090,Carro,No_C_Leste,41.34,32.88,41.69,-0.23
2026-09-28 17:39:58,V0090,Carro,No_C_Leste,17.28,21.95,44.86,1.16
2026-09-28 17:39:59,V0090,Carro,No_C_Leste,20.94,46.35,49.42,-2.17
2026-09-28 17:40:00,V0090,Carro,No_C_Leste,38.35,40.19,47.97,0.28
2026-09-28 17:39:52,V0091,Carro,No_A_Centro,44.32,20.75,39.17,2.32
2026-09-28 17:39:53,V0091,Carro,No_A_Centro,14.07,47.13,32.41,-0.33
2026-09-28 17:39:54,V0091,Carro,No_A_Centro,44.4,33.85,52.26,1.42
2026-09-28 17:39:55,V0091,Carro,No_A_Centro,5.08,45.55,39.67,-1.03
2026-09-28 17:39:56,V0091,Carro,No_A_Centro,38.68,40.08,39.21,0.41
2026-09-28 17:39:57,V0091,Carro,No_A_Centro,43.11,16.64,41.17,-0.61
2026-09-28 17:39:58,V0091,Carro,No_A_Centro,1.14,1.32,46.69,0.51
2026-09-28 17:39:59,V0091,Carro,No_A_Centro,4.87,49.81,41.25,-0.89
2026-09-28 17:40:00,V0091,Carro,No_A_Centro,23.48,20.83,42.75,0.5
2026-09-28 17:40:01,V0091,Carro,No_A_Centro,44.15,17.11,40.6,-2.49
2026-09-28 17:39:53,V0092,Moto,No_C_Leste,35.26,8.96,37.43,-0.13
2026-09-28 17:39:54,V0092,Moto,No_C_Leste,19.72,5.12,39.77,-0.99
2026-09-28 17:39:55,V0092,Moto,No_C_Leste,46.34,15.95,40.29,0.91
2026-09-28 17:39:56,V0092,Moto,No_C_Leste,44.63,44.21,44.34,0.1
2026-09-28 17:39:57,V0092,Moto,No_C_Leste,0.01,35.62,43.8,-0.18
2026-09-28 17:39:58,V0092,Moto,No_C_Leste,31.32,10.9,44.06,0.17
2026-09-28 17:39:59,V0092,Moto,No_C_Leste,21.52,35.15,38.2,-0.71
2026-09-28 17:40:00,V0092,Moto,No_C_Leste,36.29,27.67,36.05,0.53
2026-09-28 17:40:01,V0092,Moto,No_C_Leste,45.37,3.91,32.0,-1.37
2026-09-28 17:40:02,V0092,Moto,No_C_Leste,9.32,42.01,40.71,0.54
2026-09-28 17:39:54,V0093,Carro,No_B_Norte,38.6,0.74,67.4,3.33
2026-09-28 17:39:55,V0093,Carro,No_B_Norte,24.62,14.95,69.54,5.34
2026-09-28 17:39:56,V0093,Carro,No_B_Norte,10.88,30.12,89.28,2.54
2026-09-28 17:39:57,V0093,Carro,No_B_Norte,24.74,41.37,86.8,7.36
2026-09-28 17:39:58,V0093,Carro,No_B_Norte,39.87,3.35,88.17,4.49
2026-09-28 17:39:59,V0093,Carro,No_B_Norte,47.6,4.91,80.7,2.31
2026-09-28 17:40:00,V0093,Carro,No_B_Norte,8.07,7.97,88.66,7.86
2026-09-28 17:40:01,V0093,Carro,No_B_Norte,16.17,22.29,110.43,7.37
2026-09-28 17:40:02,V0093,Carro,No_B_Norte,25.87,15.06,95.17,2.3
2026-09-28 17:40:03,V0093,Carro,No_B_Norte,17.53,13.43,90.2,3.41
2026-09-28 17:39:55,V0094,Carro,No_A_Centro,28.5,10.35,64.22,0.25
2026-09-28 17:39:56,V0094,Carro,No_A_Centro,25.74,28.88,68.15,5.33
2026-09-28 17:39:57,V0094,Carro,No_A_Centro,17.68,22.86,63.09,5.28
2026-09-28 17:39:58,V0094,Carro,No_A_Centro,48.57,28.99,64.13,1.71
2026-09-28 17:39:59,V0094,Carro,No_A_Centro,22.92,32.35,75.0,3.99
2026-09-28 17:40:00,V0094,Carro,No_A_Centro,26.54,33.67,55.26,1.56
2026-09-28 17:40:01,V0094,Carro,No_A_Centro,49.96,17.74,59.6,3.91
2026-09-28 17:40:02,V0094,Carro,No_A_Centro,15.78,6.07,68.72,0.27
2026-09-28 17:40:03,V0094,Carro,No_A_Centro,26.06,35.06,59.45,3.79
2026-09-28 17:40:04,V0094,Carro,No_A_Centro,38.89,10.16,62.48,0.21
2026-09-28 17:39:56,V0095,Carro,No_A_Centro,20.01,46.27,43.46,-0.25
2026-09-28 17:39:57,V0095,Carro,No_A_Centro,28.62,25.75,37.56,-0.91
2026-09-28 17:39:58,V0095,Carro,No_A_Centro,22.57,8.96,40.97,0.29
2026-09-28 17:39:59,V0095,Carro,No_A_Centro,24.13,44.79,34.45,0.62
2026-09-28 17:40:00,V0095,Carro,No_A_Centro,27.25,40.75,37.21,0.28
2026-09-28 17:40:01,V0095,Carro,No_A_Centro,35.72,22.65,40.32,-0.61
2026-09-28 17:40:02,V0095,Carro,No_A_Centro,38.86,4.86,43.96,0.09
2026-09-28 17:40:03,V0095,Carro,No_A_Centro,15.1,16.56,37.35,1.25
2026-09-28 17:40:04,V0095,Carro,No_A_Centro,47.98,43.56,43.29,-1.11
2026-09-28 17:40:05,V0095,Carro,No_A_Centro,0.27,17.19,36.01,1.35
2026-09-28 17:39:57,V0096,Moto,No_A_Centro,0.2,0.79,46.3,2.95
2026-09-28 17:39:58,V0096,Moto,No_A_Centro,16.11,49.81,42.97,0.65
2026-09-28 17:39:59,V0096,Moto,No_A_Centro,36.0,49.61,40.77,-1.64
2026-09-28 17:40:00,V0096,Moto,No_A_Centro,32.8,32.66,41.44,-0.05
2026-09-28 17:40:01,V0096,Moto,No_A_Centro,27.22,42.61,46.38,-1.49
2026-09-28 17:40:02,V0096,Moto,No_A_Centro,3.11,5.79,39.56,1.33
2026-09-28 17:40:03,V0096,Moto,No_A_Centro,45.89,44.13,49.3,0.09
2026-09-28 17:40:04,V0096,Moto,No_A_Centro,5.63,20.87,48.52,-0.53
2026-09-28 17:40:05,V0096,Moto,No_A_Centro,47.72,16.21,42.7,2.03
2026-09-28 17:40:06,V0096,Moto,No_A_Centro,13.98,22.35,26.11,1.14
2026-09-28 17:39:58,V0097,Moto,No_B_Norte,47.21,21.47,42.04,1.55
2026-09-28 17:39:59,V0097,Moto,No_B_Norte,31.59,10.93,44.87,0.05
2026-09-28 17:40:00,V0097,Moto,No_B_Norte,4.0,32.27,37.76,0.24
2026-09-28 17:40:01,V0097,Moto,No_B_Norte,38.06,21.44,39.35,-0.5
2026-09-28 17:40:02,V0097,Moto,No_B_Norte,26.73,26.31,43.7,-0.82
2026-09-28 17:40:03,V0097,Moto,No_B_Norte,7.87,14.34,47.2,0.7
2026-09-28 17:40:04,V0097,Moto,No_B_Norte,47.57,23.34,39.68,-0.63
2026-09-28 17:40:05,V0097,Moto,No_B_Norte,13.64,26.93,45.22,-0.3
2026-09-28 17:40:06,V0097,Moto,No_B_Norte,4.26,42.49,49.48,-0.19
2026-09-28 17:40:07,V0097,Moto,No_B_Norte,40.04,15.14,36.26,0.61
2026-09-28 17:39:59,V0098,Moto,No_A_Centro,37.02,7.45,36.62,0.43
2026-09-28 17:40:00,V0098,Moto,No_A_Centro,37.11,17.01,37.94,-1.11
2026-09-28 17:40:01,V0098,Moto,No_A_Centro,35.52,16.42,30.72,0.43
2026-09-28 17:40:02,V0098,Moto,No_A_Centro,4.06,12.25,37.6,1.53
2026-09-28 17:40:03,V0098,Moto,No_A_Centro,33.58,35.84,39.47,-0.54
2026-09-28 17:40:04,V0098,Moto,No_A_Centro,33.44,40.56,36.47,0.28
2026-09-28 17:40:05,V0098,Moto,No_A_Centro,30.4,11.25,39.77,-0.86
2026-09-28 17:40:06,V0098,Moto,No_A_Centro,49.97,5.36,44.17,-0.87
2026-09-28 17:40:07,V0098,Moto,No_A_Centro,41.04,25.99,36.47,0.96
2026-09-28 17:40:08,V0098,Moto,No_A_Centro,4.99,33.28,46.27,0.86
2026-09-28 17:40:00,V0099,Carro,No_C_Leste,2.66,26.12,36.82,1.22
2026-09-28 17:40:01,V0099,Carro,No_C_Leste,13.0,37.41,39.4,0.82
2026-09-28 17:40:02,V0099,Carro,No_C_Leste,20.67,20.11,33.76,0.47
2026-09-28 17:40:03,V0099,Carro,No_C_Leste,39.82,0.39,37.72,-1.29
2026-09-28 17:40:04,V0099,Carro,No_C_Leste,16.37,11.69,45.26,-1.35
2026-09-28 17:40:05,V0099,Carro,No_C_Leste,13.76,40.45,42.62,0.76
2026-09-28 17:40:06,V0099,Carro,No_C_Leste,24.88,25.29,37.84,0.64
2026-09-28 17:40:07,V0099,Carro,No_C_Leste,41.53,28.42,40.47,-0.01
2026-09-28 17:40:08,V0099,Carro,No_C_Leste,19.0,10.71,30.6,-1.3
2026-09-28 17:40:09,V0099,Carro,No_C_Leste,12.78,4.29,29.76,-0.2
2026-09-28 17:40:01,V0100,Moto,No_C_Leste,44.94,46.89,42.22,1.41
2026-09-28 17:40:02,V0100,Moto,No_C_Leste,5.37,36.78,35.51,0.71
2026-09-28 17:40:03,V0100,Moto,No_C_Leste,34.19,24.2,39.77,-0.4
2026-09-28 17:40:04,V0100,Moto,No_C_Leste,46.19,10.06,46.13,0.73
2026-09-28 17:40:05,V0100,Moto,No_C_Leste,17.89,14.17,37.54,-0.98
2026-09-28 17:40:06,V0100,Moto,No_C_Leste,30.31,33.0,47.21,-0.66
2026-09-28 17:40:07,V0100,Moto,No_C_Leste,31.34,23.83,38.94,-0.67
2026-09-28 17:40:08,V0100,Moto,No_C_Leste,32.46,10.43,39.72,0.93
2026-09-28 17:40:09,V0100,Moto,No_C_Leste,39.04,22.07,43.51,0.99
2026-09-28 17:40:10,V0100,Moto,No_C_Leste,5.01,32.08,36.52,-0.12
2026-09-28 17:40:02,V0101,Carro,No_A_Centro,42.79,43.54,37.89,-1.36
2026-09-28 17:40:03,V0101,Carro,No_A_Centro,10.9,0.8,43.91,-0.22
2026-09-28 17:40:04,V0101,Carro,No_A_Centro,18.34,12.32,37.78,-1.63
2026-09-28 17:40:05,V0101,Carro,No_A_Centro,48.18,31.66,42.94,-0.0
2026-09-28 17:40:06,V0101,Carro,No_A_Centro,46.84,15.08,43.83,1.27
2026-09-28 17:40:07,V0101,Carro,No_A_Centro,13.29,4.7,34.58,-0.4
2026-09-28 17:40:08,V0101,Carro,No_A_Centro,41.95,46.78,44.6,0.73
2026-09-28 17:40:09,V0101,Carro,No_A_Centro,4.31,8.63,32.34,-0.95
2026-09-28 17:40:10,V0101,Carro,No_A_Centro,23.88,1.3,45.37,1.32
2026-09-28 17:40:11,V0101,Carro,No_A_Centro,14.08,35.84,48.52,-1.2
2026-09-28 17:40:03,V0102,Carro,No_B_Norte,19.22,45.34,74.54,2.37
2026-09-28 17:40:04,V0102,Carro,No_B_Norte,5.03,1.55,67.6,1.07
2026-09-28 17:40:05,V0102,Carro,No_B_Norte,21.53,0.06,59.61,2.62
2026-09-28 17:40:06,V0102,Carro,No_B_Norte,1.58,12.6,63.3,3.64
2026-09-28 17:40:07,V0102,Carro,No_B_Norte,36.89,47.87,61.85,4.93
2026-09-28 17:40:08,V0102,Carro,No_B_Norte,10.2,15.99,59.07,3.07
2026-09-28 17:40:09,V0102,Carro,No_B_Norte,6.21,2.94,69.61,1.69
2026-09-28 17:40:10,V0102,Carro,No_B_Norte,37.85,5.29,62.37,4.1
2026-09-28 17:40:11,V0102,Carro,No_B_Norte,42.25,49.74,55.72,1.85
2026-09-28 17:40:12,V0102,Carro,No_B_Norte,37.68,33.34,72.02,1.36
2026-09-28 17:40:04,V0103,Moto,No_C_Leste,6.32,4.13,41.03,1.05
2026-09-28 17:40:05,V0103,Moto,No_C_Leste,22.73,4.76,45.7,-0.36
2026-09-28 17:40:06,V0103,Moto,No_C_Leste,10.41,6.6,44.63,0.46
2026-09-28 17:40:07,V0103,Moto,No_C_Leste,18.7,23.29,36.87,0.49
2026-09-28 17:40:08,V0103,Moto,No_C_Leste,40.1,23.83,37.68,-0.09
2026-09-28 17:40:09,V0103,Moto,No_C_Leste,34.18,2.91,42.85,-0.6
2026-09-28 17:40:10,V0103,Moto,No_C_Leste,15.17,4.19,39.38,-0.87
2026-09-28 17:40:11,V0103,Moto,No_C_Leste,14.4,30.58,45.04,-0.42
2026-09-28 17:40:12,V0103,Moto,No_C_Leste,10.76,25.59,46.68,-0.48
2026-09-28 17:40:13,V0103,Moto,No_C_Leste,37.81,19.82,36.29,-0.32
2026-09-28 17:40:05,V0104,Carro,No_C_Leste,36.23,36.34,47.4,0.77
2026-09-28 17:40:06,V0104,Carro,No_C_Leste,36.7,27.57,45.86,0.2
2026-09-28 17:40:07,V0104,Carro,No_C_Leste,8.68,35.41,38.58,-1.04
2026-09-28 17:40:08,V0104,Carro,No_C_Leste,49.13,10.24,52.0,0.6
2026-09-28 17:40:09,V0104,Carro,No_C_Leste,47.41,36.28,39.88,-2.19
2026-09-28 17:40:10,V0104,Carro,No_C_Leste,41.66,47.08,40.64,1.51
2026-09-28 17:40:11,V0104,Carro,No_C_Leste,48.84,35.06,39.12,-0.1
2026-09-28 17:40:12,V0104,Carro,No_C_Leste,48.58,26.73,34.71,0.67
2026-09-28 17:40:13,V0104,Carro,No_C_Leste,0.29,31.55,32.39,-0.31
2026-09-28 17:40:14,V0104,Carro,No_C_Leste,43.69,7.66,38.92,-0.48
2026-09-28 17:40:06,V0105,Carro,No_B_Norte,15.54,42.38,63.46,2.72
2026-09-28 17:40:07,V0105,Carro,No_B_Norte,43.04,39.44,69.99,1.86
2026-09-28 17:40:08,V0105,Carro,No_B_Norte,29.63,3.05,69.46,5.17
2026-09-28 17:40:09,V0105,Carro,No_B_Norte,17.61,43.18,63.65,1.07
2026-09-28 17:40:10,V0105,Carro,No_B_Norte,32.94,30.57,54.22,3.71
2026-09-28 17:40:11,V0105,Carro,No_B_Norte,37.48,24.6,77.97,5.0
2026-09-28 17:40:12,V0105,Carro,No_B_Norte,22.8,44.53,61.57,4.28
2026-09-28 17:40:13,V0105,Carro,No_B_Norte,43.83,4.87,71.16,4.09
2026-09-28 17:40:14,V0105,Carro,No_B_Norte,4.53,17.35,61.46,2.21
2026-09-28 17:40:15,V0105,Carro,No_B_Norte,2.03,2.46,64.42,2.65
2026-09-28 17:40:07,V0106,Moto,No_C_Leste,18.1,25.65,70.75,3.94
2026-09-28 17:40:08,V0106,Moto,No_C_Leste,17.48,19.97,59.19,1.14
2026-09-28 17:40:09,V0106,Moto,No_C_Leste,23.92,17.75,57.83,4.74
2026-09-28 17:40:10,V0106,Moto,No_C_Leste,37.4,17.61,64.6,4.3
2026-09-28 17:40:11,V0106,Moto,No_C_Leste,14.36,0.53,66.31,3.09
2026-09-28 17:40:12,V0106,Moto,No_C_Leste,44.68,2.96,56.22,2.13
2026-09-28 17:40:13,V0106,Moto,No_C_Leste,32.19,35.43,58.66,1.46
2026-09-28 17:40:14,V0106,Moto,No_C_Leste,39.7,25.49,83.91,3.19
2026-09-28 17:40:15,V0106,Moto,No_C_Leste,11.84,5.99,60.32,-1.4
2026-09-28 17:40:16,V0106,Moto,No_C_Leste,45.35,38.59,63.49,8.15
2026-09-28 17:40:08,V0107,Carro,No_C_Leste,48.92,34.14,47.53,-0.13
2026-09-28 17:40:09,V0107,Carro,No_C_Leste,29.72,40.66,41.46,-0.6
2026-09-28 17:40:10,V0107,Carro,No_C_Leste,36.2,49.81,46.13,-1.38
2026-09-28 17:40:11,V0107,Carro,No_C_Leste,10.61,28.74,41.15,-1.22
2026-09-28 17:40:12,V0107,Carro,No_C_Leste,15.23,17.58,39.21,0.47
2026-09-28 17:40:13,V0107,Carro,No_C_Leste,34.19,11.9,43.05,0.18
2026-09-28 17:40:14,V0107,Carro,No_C_Leste,44.11,34.33,38.14,0.22
2026-09-28 17:40:15,V0107,Carro,No_C_Leste,29.39,24.48,39.5,0.83
2026-09-28 17:40:16,V0107,Carro,No_C_Leste,47.73,19.44,30.37,-0.56
2026-09-28 17:40:17,V0107,Carro,No_C_Leste,37.85,12.5,35.91,1.55
2026-09-28 17:40:09,V0108,Moto,No_C_Leste,40.68,7.61,35.4,-0.37
2026-09-28 17:40:10,V0108,Moto,No_C_Leste,2.7,41.66,42.32,-0.33
2026-09-28 17:40:11,V0108,Moto,No_C_Leste,45.31,43.5,40.21,-0.08
2026-09-28 17:40:12,V0108,Moto,No_C_Leste,49.84,44.58,49.52,-0.26
2026-09-28 17:40:13,V0108,Moto,No_C_Leste,19.55,1.15,47.04,0.61
2026-09-28 17:40:14,V0108,Moto,No_C_Leste,9.09,37.8,40.67,-1.46
2026-09-28 17:40:15,V0108,Moto,No_C_Leste,47.08,38.55,46.88,0.76
2026-09-28 17:40:16,V0108,Moto,No_C_Leste,44.81,34.3,38.51,-1.32
2026-09-28 17:40:17,V0108,Moto,No_C_Leste,6.73,30.43,47.58,-0.7
2026-09-28 17:40:18,V0108,Moto,No_C_Leste,37.31,30.48,38.94,-0.36
2026-09-28 17:40:10,V0109,Onibus,No_A_Centro,16.79,39.92,89.6,4.18
2026-09-28 17:40:11,V0109,Onibus,No_A_Centro,20.96,23.27,110.31,11.18
2026-09-28 17:40:12,V0109,Onibus,No_A_Centro,21.12,41.73,91.03,8.88
2026-09-28 17:40:13,V0109,Onibus,No_A_Centro,11.83,43.69,67.0,2.5
2026-09-28 17:40:14,V0109,Onibus,No_A_Centro,21.41,15.8,79.73,8.69
2026-09-28 17:40:15,V0109,Onibus,No_A_Centro,32.17,1.25,74.69,3.36
2026-09-28 17:40:16,V0109,Onibus,No_A_Centro,7.71,25.38,90.16,4.82
2026-09-28 17:40:17,V0109,Onibus,No_A_Centro,20.33,20.47,84.0,1.04
2026-09-28 17:40:18,V0109,Onibus,No_A_Centro,45.53,39.24,92.62,4.25
2026-09-28 17:40:19,V0109,Onibus,No_A_Centro,18.6,13.48,81.56,6.25
2026-09-28 17:40:11,V0110,Carro,No_B_Norte,21.74,27.75,38.32,0.97
2026-09-28 17:40:12,V0110,Carro,No_B_Norte,18.51,41.7,39.17,0.37
2026-09-28 17:40:13,V0110,Carro,No_B_Norte,23.32,36.42,44.73,-1.23
2026-09-28 17:40:14,V0110,Carro,No_B_Norte,48.47,15.47,41.51,-0.34
2026-09-28 17:40:15,V0110,Carro,No_B_Norte,45.16,11.69,36.48,-2.09
2026-09-28 17:40:16,V0110,Carro,No_B_Norte,34.91,4.5,39.8,0.95
2026-09-28 17:40:17,V0110,Carro,No_B_Norte,11.1,22.68,40.54,-1.81
2026-09-28 17:40:18,V0110,Carro,No_B_Norte,45.98,46.8,37.22,-0.28
2026-09-28 17:40:19,V0110,Carro,No_B_Norte,5.8,28.14,32.75,0.52
2026-09-28 17:40:20,V0110,Carro,No_B_Norte,3.57,23.71,40.82,1.98
2026-09-28 17:40:12,V0111,Carro,No_B_Norte,13.73,18.4,60.65,2.42
2026-09-28 17:40:13,V0111,Carro,No_B_Norte,25.23,32.02,71.95,2.97
2026-09-28 17:40:14,V0111,Carro,No_B_Norte,6.97,26.51,61.9,4.19
2026-09-28 17:40:15,V0111,Carro,No_B_Norte,3.81,28.35,76.2,1.83
2026-09-28 17:40:16,V0111,Carro,No_B_Norte,16.87,1.28,60.88,3.76
2026-09-28 17:40:17,V0111,Carro,No_B_Norte,30.44,14.64,54.69,5.34
2026-09-28 17:40:18,V0111,Carro,No_B_Norte,39.88,27.37,72.77,1.35
2026-09-28 17:40:19,V0111,Carro,No_B_Norte,30.35,39.11,68.82,6.28
2026-09-28 17:40:20,V0111,Carro,No_B_Norte,17.31,49.4,67.37,4.06
2026-09-28 17:40:21,V0111,Carro,No_B_Norte,29.29,34.25,47.49,6.17
2026-09-28 17:40:13,V0112,Carro,No_B_Norte,9.72,48.17,81.53,5.9
2026-09-28 17:40:14,V0112,Carro,No_B_Norte,36.44,7.67,60.41,0.64
2026-09-28 17:40:15,V0112,Carro,No_B_Norte,45.59,28.5,70.88,1.47
2026-09-28 17:40:16,V0112,Carro,No_B_Norte,11.87,18.67,69.65,3.36
2026-09-28 17:40:17,V0112,Carro,No_B_Norte,18.41,22.17,56.47,4.09
2026-09-28 17:40:18,V0112,Carro,No_B_Norte,17.02,17.95,81.72,2.7
2026-09-28 17:40:19,V0112,Carro,No_B_Norte,38.76,49.72,53.15,-0.52
2026-09-28 17:40:20,V0112,Carro,No_B_Norte,30.19,1.79,69.78,1.72
2026-09-28 17:40:21,V0112,Carro,No_B_Norte,45.45,32.54,57.33,0.03
2026-09-28 17:40:22,V0112,Carro,No_B_Norte,7.5,44.92,51.42,2.28
2026-09-28 17:40:14,V0113,Carro,No_C_Leste,18.33,0.73,42.86,0.22
2026-09-28 17:40:15,V0113,Carro,No_C_Leste,27.18,45.17,43.14,0.64
2026-09-28 17:40:16,V0113,Carro,No_C_Leste,29.2,20.42,44.58,-0.24
2026-09-28 17:40:17,V0113,Carro,No_C_Leste,17.59,11.92,41.08,0.94
2026-09-28 17:40:18,V0113,Carro,No_C_Leste,0.64,49.49,46.4,0.33
2026-09-28 17:40:19,V0113,Carro,No_C_Leste,2.9,23.37,40.53,-0.66
2026-09-28 17:40:20,V0113,Carro,No_C_Leste,40.45,10.27,38.81,0.21
2026-09-28 17:40:21,V0113,Carro,No_C_Leste,34.33,2.0,34.42,0.55
2026-09-28 17:40:22,V0113,Carro,No_C_Leste,16.33,0.37,40.01,-0.23
2026-09-28 17:40:23,V0113,Carro,No_C_Leste,44.38,16.42,46.81,-0.92
2026-09-28 17:40:15,V0114,Moto,No_B_Norte,43.39,42.65,73.17,3.24
2026-09-28 17:40:16,V0114,Moto,No_B_Norte,48.05,8.23,75.39,8.5
2026-09-28 17:40:17,V0114,Moto,No_B_Norte,34.25,31.02,94.95,3.56
2026-09-28 17:40:18,V0114,Moto,No_B_Norte,21.49,26.92,86.68,6.39
2026-09-28 17:40:19,V0114,Moto,No_B_Norte,0.24,0.16,62.23,2.16
2026-09-28 17:40:20,V0114,Moto,No_B_Norte,49.21,44.36,78.94,-0.71
2026-09-28 17:40:21,V0114,Moto,No_B_Norte,9.38,17.9,102.5,-0.64
2026-09-28 17:40:22,V0114,Moto,No_B_Norte,40.27,18.81,76.09,2.43
2026-09-28 17:40:23,V0114,Moto,No_B_Norte,45.38,10.11,87.2,9.75
2026-09-28 17:40:24,V0114,Moto,No_B_Norte,24.58,10.2,88.83,7.22
2026-09-28 17:40:16,V0115,Carro,No_C_Leste,5.19,30.4,72.49,7.79
2026-09-28 17:40:17,V0115,Carro,No_C_Leste,13.62,45.34,63.5,3.86
2026-09-28 17:40:18,V0115,Carro,No_C_Leste,46.3,41.64,65.82,3.93
2026-09-28 17:40:19,V0115,Carro,No_C_Leste,44.09,31.95,69.93,5.21
2026-09-28 17:40:20,V0115,Carro,No_C_Leste,13.84,1.97,61.67,2.54
2026-09-28 17:40:21,V0115,Carro,No_C_Leste,22.55,21.1,66.13,4.2
2026-09-28 17:40:22,V0115,Carro,No_C_Leste,1.18,27.15,71.48,4.83
2026-09-28 17:40:23,V0115,Carro,No_C_Leste,0.47,39.56,47.13,3.77
2026-09-28 17:40:24,V0115,Carro,No_C_Leste,11.27,45.9,55.48,1.17
2026-09-28 17:40:25,V0115,Carro,No_C_Leste,4.6,38.72,66.18,4.54
2026-09-28 17:40:17,V0116,Carro,No_B_Norte,10.69,49.68,39.26,-0.97
2026-09-28 17:40:18,V0116,Carro,No_B_Norte,36.7,18.64,43.29,0.26
2026-09-28 17:40:19,V0116,Carro,No_B_Norte,30.59,32.51,31.91,-0.6
2026-09-28 17:40:20,V0116,Carro,No_B_Norte,27.19,41.3,41.67,0.68
2026-09-28 17:40:21,V0116,Carro,No_B_Norte,29.07,12.05,41.28,-0.58
2026-09-28 17:40:22,V0116,Carro,No_B_Norte,30.77,29.98,37.75,-0.55
2026-09-28 17:40:23,V0116,Carro,No_B_Norte,41.47,37.46,42.69,-1.2
2026-09-28 17:40:24,V0116,Carro,No_B_Norte,18.74,15.02,33.48,-0.19
2026-09-28 17:40:25,V0116,Carro,No_B_Norte,46.03,3.62,33.82,-1.5
2026-09-28 17:40:26,V0116,Carro,No_B_Norte,40.14,11.36,34.54,-0.73
2026-09-28 17:40:18,V0117,Carro,No_B_Norte,1.76,1.77,39.98,0.78
2026-09-28 17:40:19,V0117,Carro,No_B_Norte,2.55,17.75,50.01,1.74
2026-09-28 17:40:20,V0117,Carro,No_B_Norte,10.08,45.06,39.63,1.05
2026-09-28 17:40:21,V0117,Carro,No_B_Norte,28.33,10.31,40.62,-1.23
2026-09-28 17:40:22,V0117,Carro,No_B_Norte,31.38,18.4,35.07,1.21
2026-09-28 17:40:23,V0117,Carro,No_B_Norte,43.0,16.77,43.19,-0.81
2026-09-28 17:40:24,V0117,Carro,No_B_Norte,15.27,38.78,37.45,-0.79
2026-09-28 17:40:25,V0117,Carro,No_B_Norte,21.12,25.23,46.58,-1.65
2026-09-28 17:40:26,V0117,Carro,No_B_Norte,44.22,36.82,40.79,-2.38
2026-09-28 17:40:27,V0117,Carro,No_B_Norte,16.65,4.47,52.99,0.23
2026-09-28 17:40:19,V0118,Carro,No_A_Centro,12.87,19.83,43.34,0.14
2026-09-28 17:40:20,V0118,Carro,No_A_Centro,15.84,47.33,39.25,0.25
2026-09-28 17:40:21,V0118,Carro,No_A_Centro,42.49,36.93,35.6,0.57
2026-09-28 17:40:22,V0118,Carro,No_A_Centro,15.87,45.54,39.89,-0.48
2026-09-28 17:40:23,V0118,Carro,No_A_Centro,34.94,1.75,38.59,-0.63
2026-09-28 17:40:24,V0118,Carro,No_A_Centro,43.17,41.55,47.11,-0.49
2026-09-28 17:40:25,V0118,Carro,No_A_Centro,5.29,45.63,34.85,-0.51
2026-09-28 17:40:26,V0118,Carro,No_A_Centro,25.25,22.31,42.93,0.17
2026-09-28 17:40:27,V0118,Carro,No_A_Centro,38.22,31.88,47.19,0.14
2026-09-28 17:40:28,V0118,Carro,No_A_Centro,22.17,47.96,31.81,-1.46
2026-09-28 17:40:20,V0119,Carro,No_A_Centro,35.29,46.56,65.89,2.41
2026-09-28 17:40:21,V0119,Carro,No_A_Centro,33.7,37.8,70.48,1.85
2026-09-28 17:40:22,V0119,Carro,No_A_Centro,11.75,25.83,62.61,4.27
2026-09-28 17:40:23,V0119,Carro,No_A_Centro,41.01,10.25,49.48,2.62
2026-09-28 17:40:24,V0119,Carro,No_A_Centro,33.91,11.46,75.6,0.46
2026-09-28 17:40:25,V0119,Carro,No_A_Centro,17.57,34.55,70.99,0.98
2026-09-28 17:40:26,V0119,Carro,No_A_Centro,48.1,25.74,61.46,5.28
2026-09-28 17:40:27,V0119,Carro,No_A_Centro,26.42,29.35,61.52,1.6
2026-09-28 17:40:28,V0119,Carro,No_A_Centro,8.02,5.83,55.88,2.56
2026-09-28 17:40:29,V0119,Carro,No_A_Centro,9.6,6.21,67.3,2.67
2026-09-28 17:40:21,V0120,Carro,No_C_Leste,24.54,41.97,66.4,1.29
2026-09-28 17:40:22,V0120,Carro,No_C_Leste,42.64,0.37,63.18,2.8
2026-09-28 17:40:23,V0120,Carro,No_C_Leste,15.42,31.78,53.96,5.04
2026-09-28 17:40:24,V0120,Carro,No_C_Leste,36.52,10.37,61.59,0.56
2026-09-28 17:40:25,V0120,Carro,No_C_Leste,45.27,7.39,78.47,0.58
2026-09-28 17:40:26,V0120,Carro,No_C_Leste,40.41,8.07,67.98,2.13
2026-09-28 17:40:27,V0120,Carro,No_C_Leste,33.21,14.43,73.03,2.93
2026-09-28 17:40:28,V0120,Carro,No_C_Leste,32.65,25.12,59.49,2.91
2026-09-28 17:40:29,V0120,Carro,No_C_Leste,48.5,30.36,47.55,0.88
2026-09-28 17:40:30,V0120,Carro,No_C_Leste,22.92,16.7,73.54,0.73
2026-09-28 17:40:22,V0121,Carro,No_C_Leste,44.09,23.3,69.76,6.09
2026-09-28 17:40:23,V0121,Carro,No_C_Leste,4.22,18.61,64.82,2.32
2026-09-28 17:40:24,V0121,Carro,No_C_Leste,30.09,2.15,79.69,3.85
2026-09-28 17:40:25,V0121,Carro,No_C_Leste,45.81,28.47,65.38,1.19
2026-09-28 17:40:26,V0121,Carro,No_C_Leste,24.06,45.58,60.9,3.64
2026-09-28 17:40:27,V0121,Carro,No_C_Leste,11.87,32.73,74.34,2.98
2026-09-28 17:40:28,V0121,Carro,No_C_Leste,1.12,49.16,56.02,4.93
2026-09-28 17:40:29,V0121,Carro,No_C_Leste,48.3,20.73,60.91,1.7
2026-09-28 17:40:30,V0121,Carro,No_C_Leste,0.49,10.2,46.18,-1.52
2026-09-28 17:40:31,V0121,Carro,No_C_Leste,34.99,13.31,76.72,1.1
2026-09-28 17:40:23,V0122,Carro,No_B_Norte,44.14,12.28,66.33,3.54
2026-09-28 17:40:24,V0122,Carro,No_B_Norte,36.67,48.29,74.35,2.56
2026-09-28 17:40:25,V0122,Carro,No_B_Norte,5.95,34.78,68.3,1.23
2026-09-28 17:40:26,V0122,Carro,No_B_Norte,21.98,5.75,69.35,1.3
2026-09-28 17:40:27,V0122,Carro,No_B_Norte,47.07,18.78,71.21,2.36
2026-09-28 17:40:28,V0122,Carro,No_B_Norte,42.18,7.49,65.86,2.41
2026-09-28 17:40:29,V0122,Carro,No_B_Norte,39.31,7.12,60.75,1.68
2026-09-28 17:40:30,V0122,Carro,No_B_Norte,11.63,38.05,59.37,1.73
2026-09-28 17:40:31,V0122,Carro,No_B_Norte,1.62,22.45,62.9,2.79
2026-09-28 17:40:32,V0122,Carro,No_B_Norte,44.72,1.67,62.55,1.2
2026-09-28 17:40:24,V0123,Carro,No_A_Centro,19.69,17.45,59.47,5.32
2026-09-28 17:40:25,V0123,Carro,No_A_Centro,22.86,10.03,64.96,2.33
2026-09-28 17:40:26,V0123,Carro,No_A_Centro,16.38,4.89,64.59,2.25
2026-09-28 17:40:27,V0123,Carro,No_A_Centro,6.61,44.5,48.98,0.48
2026-09-28 17:40:28,V0123,Carro,No_A_Centro,1.84,20.08,63.77,2.8
2026-09-28 17:40:29,V0123,Carro,No_A_Centro,13.18,28.55,59.37,2.19
2026-09-28 17:40:30,V0123,Carro,No_A_Centro,42.67,28.28,30.07,3.7
2026-09-28 17:40:31,V0123,Carro,No_A_Centro,40.07,3.83,66.67,1.95
2026-09-28 17:40:32,V0123,Carro,No_A_Centro,15.15,45.3,59.77,-0.27
2026-09-28 17:40:33,V0123,Carro,No_A_Centro,24.0,39.01,58.02,4.64
2026-09-28 17:40:25,V0124,Carro,No_C_Leste,46.62,14.75,44.5,0.51
2026-09-28 17:40:26,V0124,Carro,No_C_Leste,3.97,3.02,47.25,0.38
2026-09-28 17:40:27,V0124,Carro,No_C_Leste,32.27,33.88,34.2,-0.37
2026-09-28 17:40:28,V0124,Carro,No_C_Leste,0.09,13.89,29.67,0.15
2026-09-28 17:40:29,V0124,Carro,No_C_Leste,19.82,23.46,34.65,0.56
2026-09-28 17:40:30,V0124,Carro,No_C_Leste,48.23,3.95,34.31,-1.48
2026-09-28 17:40:31,V0124,Carro,No_C_Leste,25.14,27.61,37.89,-0.75
2026-09-28 17:40:32,V0124,Carro,No_C_Leste,48.56,6.65,44.76,-0.63
2026-09-28 17:40:33,V0124,Carro,No_C_Leste,12.46,14.72,41.61,-1.97
2026-09-28 17:40:34,V0124,Carro,No_C_Leste,22.2,16.55,46.38,-1.1
2026-09-28 17:40:26,V0125,Moto,No_C_Leste,26.74,46.33,68.64,2.3
2026-09-28 17:40:27,V0125,Moto,No_C_Leste,4.29,8.01,106.36,3.19
2026-09-28 17:40:28,V0125,Moto,No_C_Leste,3.28,31.62,68.92,1.48
2026-09-28 17:40:29,V0125,Moto,No_C_Leste,18.44,16.38,89.79,2.92
2026-09-28 17:40:30,V0125,Moto,No_C_Leste,14.7,7.25,94.92,5.03
2026-09-28 17:40:31,V0125,Moto,No_C_Leste,24.73,31.24,67.06,3.71
2026-09-28 17:40:32,V0125,Moto,No_C_Leste,48.42,19.02,83.54,6.64
2026-09-28 17:40:33,V0125,Moto,No_C_Leste,41.4,10.02,81.18,6.95
2026-09-28 17:40:34,V0125,Moto,No_C_Leste,30.85,36.58,83.38,2.55
2026-09-28 17:40:35,V0125,Moto,No_C_Leste,34.22,20.37,60.95,4.35
2026-09-28 17:40:27,V0126,Carro,No_A_Centro,31.35,40.14,39.73,0.05
2026-09-28 17:40:28,V0126,Carro,No_A_Centro,12.58,28.88,32.4,-1.24
2026-09-28 17:40:29,V0126,Carro,No_A_Centro,14.95,24.77,38.48,-0.2
2026-09-28 17:40:30,V0126,Carro,No_A_Centro,31.89,14.4,38.03,-1.51
2026-09-28 17:40:31,V0126,Carro,No_A_Centro,46.67,28.98,35.22,0.64
2026-09-28 17:40:32,V0126,Carro,No_A_Centro,47.71,17.2,33.46,1.14
2026-09-28 17:40:33,V0126,Carro,No_A_Centro,12.69,40.96,45.82,0.56
2026-09-28 17:40:34,V0126,Carro,No_A_Centro,6.16,3.07,35.34,-0.13
2026-09-28 17:40:35,V0126,Carro,No_A_Centro,0.84,35.54,34.01,1.44
2026-09-28 17:40:36,V0126,Carro,No_A_Centro,12.11,36.48,39.51,-0.86
2026-09-28 17:40:28,V0127,Moto,No_C_Leste,23.52,39.04,31.9,-0.33
2026-09-28 17:40:29,V0127,Moto,No_C_Leste,3.15,6.91,46.24,-0.3
2026-09-28 17:40:30,V0127,Moto,No_C_Leste,5.61,8.16,56.68,-0.8
2026-09-28 17:40:31,V0127,Moto,No_C_Leste,37.44,27.34,40.53,-0.12
2026-09-28 17:40:32,V0127,Moto,No_C_Leste,9.73,45.13,49.74,1.73
2026-09-28 17:40:33,V0127,Moto,No_C_Leste,10.94,48.59,40.55,0.19
2026-09-28 17:40:34,V0127,Moto,No_C_Leste,4.91,2.98,43.19,2.39
2026-09-28 17:40:35,V0127,Moto,No_C_Leste,5.8,21.38,46.97,-0.17
2026-09-28 17:40:36,V0127,Moto,No_C_Leste,49.25,4.83,41.56,-0.56
2026-09-28 17:40:37,V0127,Moto,No_C_Leste,7.35,37.81,45.34,-1.11
2026-09-28 17:40:29,V0128,Carro,No_C_Leste,40.21,41.7,93.06,5.97
2026-09-28 17:40:30,V0128,Carro,No_C_Leste,32.47,14.74,71.8,-0.2
2026-09-28 17:40:31,V0128,Carro,No_C_Leste,12.76,26.65,85.72,4.14
2026-09-28 17:40:32,V0128,Carro,No_C_Leste,0.86,21.88,78.3,9.43
2026-09-28 17:40:33,V0128,Carro,No_C_Leste,45.96,38.32,62.17,9.98
2026-09-28 17:40:34,V0128,Carro,No_C_Leste,1.16,28.02,97.84,2.62
2026-09-28 17:40:35,V0128,Carro,No_C_Leste,49.47,32.92,81.63,6.28
2026-09-28 17:40:36,V0128,Carro,No_C_Leste,39.25,23.44,88.36,1.14
2026-09-28 17:40:37,V0128,Carro,No_C_Leste,30.98,36.0,68.82,4.89
2026-09-28 17:40:38,V0128,Carro,No_C_Leste,38.63,22.31,72.6,5.29
2026-09-28 17:40:30,V0129,Carro,No_A_Centro,40.52,23.28,47.11,-0.24
2026-09-28 17:40:31,V0129,Carro,No_A_Centro,44.9,24.65,41.6,0.05
2026-09-28 17:40:32,V0129,Carro,No_A_Centro,4.84,9.28,38.1,-1.05
2026-09-28 17:40:33,V0129,Carro,No_A_Centro,49.67,35.53,31.51,-0.09
2026-09-28 17:40:34,V0129,Carro,No_A_Centro,38.92,37.78,34.06,-1.67
2026-09-28 17:40:35,V0129,Carro,No_A_Centro,39.82,34.48,41.2,-1.35
2026-09-28 17:40:36,V0129,Carro,No_A_Centro,46.97,18.37,42.64,0.7
2026-09-28 17:40:37,V0129,Carro,No_A_Centro,30.2,38.28,46.36,0.05
2026-09-28 17:40:38,V0129,Carro,No_A_Centro,17.9,18.82,41.01,0.22
2026-09-28 17:40:39,V0129,Carro,No_A_Centro,39.55,19.81,38.18,0.64
2026-09-28 17:40:31,V0130,Moto,No_A_Centro,19.12,4.92,89.23,5.42
2026-09-28 17:40:32,V0130,Moto,No_A_Centro,44.73,27.12,87.06,8.64
2026-09-28 17:40:33,V0130,Moto,No_A_Centro,40.6,41.1,70.67,6.37
2026-09-28 17:40:34,V0130,Moto,No_A_Centro,1.36,15.12,79.3,7.28
2026-09-28 17:40:35,V0130,Moto,No_A_Centro,6.88,10.47,102.58,0.99
2026-09-28 17:40:36,V0130,Moto,No_A_Centro,12.37,39.28,54.1,1.58
2026-09-28 17:40:37,V0130,Moto,No_A_Centro,23.97,17.28,95.09,7.27
2026-09-28 17:40:38,V0130,Moto,No_A_Centro,17.75,38.31,50.06,5.53
2026-09-28 17:40:39,V0130,Moto,No_A_Centro,31.07,24.31,91.75,10.57
2026-09-28 17:40:40,V0130,Moto,No_A_Centro,46.36,28.22,74.51,4.4
2026-09-28 17:40:32,V0131,Carro,No_A_Centro,34.38,35.25,99.03,3.26
2026-09-28 17:40:33,V0131,Carro,No_A_Centro,34.78,8.83,77.76,-0.78
2026-09-28 17:40:34,V0131,Carro,No_A_Centro,37.08,30.14,94.04,7.28
2026-09-28 17:40:35,V0131,Carro,No_A_Centro,33.73,17.43,88.91,6.39
2026-09-28 17:40:36,V0131,Carro,No_A_Centro,11.17,39.42,75.14,5.9
2026-09-28 17:40:37,V0131,Carro,No_A_Centro,49.21,37.16,92.09,3.69
2026-09-28 17:40:38,V0131,Carro,No_A_Centro,13.56,7.6,71.6,6.48
2026-09-28 17:40:39,V0131,Carro,No_A_Centro,9.02,16.78,86.39,1.59
2026-09-28 17:40:40,V0131,Carro,No_A_Centro,42.69,7.23,83.36,5.79
2026-09-28 17:40:41,V0131,Carro,No_A_Centro,17.12,8.88,97.66,-1.48
2026-09-28 17:40:33,V0132,Onibus,No_A_Centro,42.08,6.23,43.62,-0.03
2026-09-28 17:40:34,V0132,Onibus,No_A_Centro,20.3,13.07,45.37,0.39
2026-09-28 17:40:35,V0132,Onibus,No_A_Centro,4.5,44.15,32.37,0.38
2026-09-28 17:40:36,V0132,Onibus,No_A_Centro,28.46,33.63,37.21,-0.61
2026-09-28 17:40:37,V0132,Onibus,No_A_Centro,4.28,26.76,37.21,-2.96
2026-09-28 17:40:38,V0132,Onibus,No_A_Centro,13.94,11.17,43.68,0.32
2026-09-28 17:40:39,V0132,Onibus,No_A_Centro,49.69,34.47,34.1,-0.18
2026-09-28 17:40:40,V0132,Onibus,No_A_Centro,49.77,40.77,36.67,-1.64
2026-09-28 17:40:41,V0132,Onibus,No_A_Centro,13.95,6.71,45.41,1.93
2026-09-28 17:40:42,V0132,Onibus,No_A_Centro,28.29,49.0,37.98,1.28
2026-09-28 17:40:34,V0133,Moto,No_B_Norte,11.43,32.92,78.79,9.08
2026-09-28 17:40:35,V0133,Moto,No_B_Norte,2.82,36.71,85.3,4.64
2026-09-28 17:40:36,V0133,Moto,No_B_Norte,12.83,24.21,89.38,7.83
2026-09-28 17:40:37,V0133,Moto,No_B_Norte,13.64,3.6,77.74,0.01
2026-09-28 17:40:38,V0133,Moto,No_B_Norte,29.7,41.81,101.35,3.41
2026-09-28 17:40:39,V0133,Moto,No_B_Norte,46.37,25.06,85.13,5.54
2026-09-28 17:40:40,V0133,Moto,No_B_Norte,10.32,12.9,99.54,7.19
2026-09-28 17:40:41,V0133,Moto,No_B_Norte,41.42,3.97,84.78,-0.41
2026-09-28 17:40:42,V0133,Moto,No_B_Norte,39.95,4.78,94.21,0.92
2026-09-28 17:40:43,V0133,Moto,No_B_Norte,38.03,15.4,82.28,4.06
2026-09-28 17:40:35,V0134,Moto,No_A_Centro,25.83,46.93,64.73,0.82
2026-09-28 17:40:36,V0134,Moto,No_A_Centro,21.89,30.3,69.02,4.49
2026-09-28 17:40:37,V0134,Moto,No_A_Centro,4.35,21.13,58.19,3.34
2026-09-28 17:40:38,V0134,Moto,No_A_Centro,31.75,20.82,62.38,4.15
2026-09-28 17:40:39,V0134,Moto,No_A_Centro,7.91,20.74,71.73,5.79
2026-09-28 17:40:40,V0134,Moto,No_A_Centro,39.08,47.97,70.13,2.55
2026-09-28 17:40:41,V0134,Moto,No_A_Centro,2.72,25.34,65.78,1.33
2026-09-28 17:40:42,V0134,Moto,No_A_Centro,10.37,32.87,60.77,3.27
2026-09-28 17:40:43,V0134,Moto,No_A_Centro,24.12,34.47,61.44,3.46
2026-09-28 17:40:44,V0134,Moto,No_A_Centro,21.5,17.51,63.5,1.47
2026-09-28 17:40:36,V0135,Moto,No_A_Centro,48.97,20.29,38.45,0.39
2026-09-28 17:40:37,V0135,Moto,No_A_Centro,38.51,21.42,30.53,-0.22
2026-09-28 17:40:38,V0135,Moto,No_A_Centro,33.48,32.34,36.39,0.13
2026-09-28 17:40:39,V0135,Moto,No_A_Centro,12.75,45.14,40.48,0.18
2026-09-28 17:40:40,V0135,Moto,No_A_Centro,31.19,40.74,33.12,0.45
2026-09-28 17:40:41,V0135,Moto,No_A_Centro,11.95,40.47,31.76,0.47
2026-09-28 17:40:42,V0135,Moto,No_A_Centro,2.46,24.98,47.54,2.11
2026-09-28 17:40:43,V0135,Moto,No_A_Centro,6.81,4.07,45.08,1.7
2026-09-28 17:40:44,V0135,Moto,No_A_Centro,44.89,19.72,43.99,0.97
2026-09-28 17:40:45,V0135,Moto,No_A_Centro,34.57,36.92,30.83,3.01
2026-09-28 17:40:37,V0136,Carro,No_C_Leste,28.5,37.96,34.58,-0.31
2026-09-28 17:40:38,V0136,Carro,No_C_Leste,21.16,35.92,43.16,1.25
2026-09-28 17:40:39,V0136,Carro,No_C_Leste,20.45,7.23,38.96,0.01
2026-09-28 17:40:40,V0136,Carro,No_C_Leste,8.05,6.16,39.53,-0.74
2026-09-28 17:40:41,V0136,Carro,No_C_Leste,20.45,25.1,29.19,1.3
2026-09-28 17:40:42,V0136,Carro,No_C_Leste,32.85,47.83,44.35,0.19
2026-09-28 17:40:43,V0136,Carro,No_C_Leste,34.39,5.96,43.91,0.71
2026-09-28 17:40:44,V0136,Carro,No_C_Leste,12.61,8.91,37.57,0.0
2026-09-28 17:40:45,V0136,Carro,No_C_Leste,34.69,31.84,39.32,1.14
2026-09-28 17:40:46,V0136,Carro,No_C_Leste,44.95,20.6,36.58,-1.43
2026-09-28 17:40:38,V0137,Moto,No_B_Norte,18.7,7.5,79.15,5.14
2026-09-28 17:40:39,V0137,Moto,No_B_Norte,9.76,45.67,60.65,-0.11
2026-09-28 17:40:40,V0137,Moto,No_B_Norte,10.58,21.93,62.81,2.79
2026-09-28 17:40:41,V0137,Moto,No_B_Norte,10.39,44.29,65.42,5.71
2026-09-28 17:40:42,V0137,Moto,No_B_Norte,37.49,45.05,51.01,4.36
2026-09-28 17:40:43,V0137,Moto,No_B_Norte,6.8,45.71,58.61,1.71
2026-09-28 17:40:44,V0137,Moto,No_B_Norte,19.61,39.32,58.61,2.37
2026-09-28 17:40:45,V0137,Moto,No_B_Norte,5.39,36.31,69.81,3.49
2026-09-28 17:40:46,V0137,Moto,No_B_Norte,22.81,18.58,70.81,0.13
2026-09-28 17:40:47,V0137,Moto,No_B_Norte,34.66,6.53,65.46,5.8
2026-09-28 17:40:39,V0138,Carro,No_A_Centro,36.44,34.44,63.25,4.43
2026-09-28 17:40:40,V0138,Carro,No_A_Centro,44.58,27.09,67.91,5.25
2026-09-28 17:40:41,V0138,Carro,No_A_Centro,42.59,4.77,58.73,5.22
2026-09-28 17:40:42,V0138,Carro,No_A_Centro,45.89,13.57,52.48,4.77
2026-09-28 17:40:43,V0138,Carro,No_A_Centro,32.66,46.15,65.36,2.82
2026-09-28 17:40:44,V0138,Carro,No_A_Centro,36.68,44.03,48.74,2.07
2026-09-28 17:40:45,V0138,Carro,No_A_Centro,36.44,40.94,54.01,1.33
2026-09-28 17:40:46,V0138,Carro,No_A_Centro,10.16,24.43,54.18,4.25
2026-09-28 17:40:47,V0138,Carro,No_A_Centro,17.71,40.64,65.85,3.27
2026-09-28 17:40:48,V0138,Carro,No_A_Centro,47.69,0.27,65.62,7.67
2026-09-28 17:40:40,V0139,Carro,No_A_Centro,32.46,30.51,82.38,5.98
2026-09-28 17:40:41,V0139,Carro,No_A_Centro,19.88,3.07,94.69,3.66
2026-09-28 17:40:42,V0139,Carro,No_A_Centro,12.66,8.54,104.12,4.23
2026-09-28 17:40:43,V0139,Carro,No_A_Centro,28.51,47.59,76.95,7.53
2026-09-28 17:40:44,V0139,Carro,No_A_Centro,34.01,40.84,84.61,4.25
2026-09-28 17:40:45,V0139,Carro,No_A_Centro,1.17,35.38,88.54,5.35
2026-09-28 17:40:46,V0139,Carro,No_A_Centro,41.96,38.22,73.84,2.32
2026-09-28 17:40:47,V0139,Carro,No_A_Centro,18.91,4.21,79.12,6.67
2026-09-28 17:40:48,V0139,Carro,No_A_Centro,6.25,49.24,88.13,4.47
2026-09-28 17:40:49,V0139,Carro,No_A_Centro,1.57,30.71,81.66,9.23
2026-09-28 17:40:41,V0140,Carro,No_B_Norte,2.71,32.16,63.83,3.51
2026-09-28 17:40:42,V0140,Carro,No_B_Norte,19.5,26.3,72.35,4.67
2026-09-28 17:40:43,V0140,Carro,No_B_Norte,18.25,25.58,69.45,0.86
2026-09-28 17:40:44,V0140,Carro,No_B_Norte,31.31,37.84,61.76,3.6
2026-09-28 17:40:45,V0140,Carro,No_B_Norte,19.36,16.76,60.73,3.57
2026-09-28 17:40:46,V0140,Carro,No_B_Norte,35.84,18.29,69.01,6.13
2026-09-28 17:40:47,V0140,Carro,No_B_Norte,8.2,33.61,68.87,0.57
2026-09-28 17:40:48,V0140,Carro,No_B_Norte,45.9,7.31,71.76,3.97
2026-09-28 17:40:49,V0140,Carro,No_B_Norte,21.97,46.16,73.6,-0.64
2026-09-28 17:40:50,V0140,Carro,No_B_Norte,34.39,1.29,68.65,5.06
2026-09-28 17:40:42,V0141,Moto,No_C_Leste,3.95,38.08,59.83,-0.97
2026-09-28 17:40:43,V0141,Moto,No_C_Leste,39.79,48.34,69.55,6.29
2026-09-28 17:40:44,V0141,Moto,No_C_Leste,14.98,18.71,75.7,1.45
2026-09-28 17:40:45,V0141,Moto,No_C_Leste,29.4,17.15,64.08,2.82
2026-09-28 17:40:46,V0141,Moto,No_C_Leste,27.13,36.77,74.04,5.2
2026-09-28 17:40:47,V0141,Moto,No_C_Leste,29.2,20.48,68.15,5.13
2026-09-28 17:40:48,V0141,Moto,No_C_Leste,26.28,46.38,61.23,7.23
2026-09-28 17:40:49,V0141,Moto,No_C_Leste,43.09,45.35,64.21,1.66
2026-09-28 17:40:50,V0141,Moto,No_C_Leste,27.31,35.94,69.57,2.14
2026-09-28 17:40:51,V0141,Moto,No_C_Leste,12.57,2.34,55.75,4.0
2026-09-28 17:40:43,V0142,Carro,No_C_Leste,27.42,6.8,40.74,-2.81
2026-09-28 17:40:44,V0142,Carro,No_C_Leste,37.61,47.31,33.99,0.46
2026-09-28 17:40:45,V0142,Carro,No_C_Leste,4.97,33.38,38.16,-1.15
2026-09-28 17:40:46,V0142,Carro,No_C_Leste,30.29,29.59,44.88,-0.39
2026-09-28 17:40:47,V0142,Carro,No_C_Leste,28.54,36.53,31.92,0.08
2026-09-28 17:40:48,V0142,Carro,No_C_Leste,29.79,6.27,36.05,-3.46
2026-09-28 17:40:49,V0142,Carro,No_C_Leste,23.4,7.86,35.64,0.06
2026-09-28 17:40:50,V0142,Carro,No_C_Leste,47.06,28.06,41.34,-0.78
2026-09-28 17:40:51,V0142,Carro,No_C_Leste,19.53,17.36,45.18,0.83
2026-09-28 17:40:52,V0142,Carro,No_C_Leste,22.94,27.29,40.11,-0.32
2026-09-28 17:40:44,V0143,Carro,No_B_Norte,8.49,12.02,45.72,-2.0
2026-09-28 17:40:45,V0143,Carro,No_B_Norte,36.81,44.34,43.11,-0.19
2026-09-28 17:40:46,V0143,Carro,No_B_Norte,33.08,49.47,39.89,-0.14
2026-09-28 17:40:47,V0143,Carro,No_B_Norte,3.3,29.73,47.07,-0.48
2026-09-28 17:40:48,V0143,Carro,No_B_Norte,24.06,43.78,46.93,0.3
2026-09-28 17:40:49,V0143,Carro,No_B_Norte,32.61,11.37,45.39,0.09
2026-09-28 17:40:50,V0143,Carro,No_B_Norte,18.28,12.04,41.16,0.32
2026-09-28 17:40:51,V0143,Carro,No_B_Norte,48.18,49.03,40.5,-0.07
2026-09-28 17:40:52,V0143,Carro,No_B_Norte,21.63,47.26,37.3,-0.28
2026-09-28 17:40:53,V0143,Carro,No_B_Norte,21.72,45.14,28.96,-0.16
2026-09-28 17:40:45,V0144,Carro,No_C_Leste,41.38,28.02,40.87,-0.92
2026-09-28 17:40:46,V0144,Carro,No_C_Leste,13.88,36.29,45.8,-1.23
2026-09-28 17:40:47,V0144,Carro,No_C_Leste,5.18,28.74,41.95,0.4
2026-09-28 17:40:48,V0144,Carro,No_C_Leste,2.56,42.66,40.32,-0.92
2026-09-28 17:40:49,V0144,Carro,No_C_Leste,37.49,42.22,40.96,0.58
2026-09-28 17:40:50,V0144,Carro,No_C_Leste,38.47,33.34,42.23,0.91
2026-09-28 17:40:51,V0144,Carro,No_C_Leste,0.3,16.99,40.47,-1.48
2026-09-28 17:40:52,V0144,Carro,No_C_Leste,49.39,13.34,41.91,0.29
2026-09-28 17:40:53,V0144,Carro,No_C_Leste,24.91,29.46,41.5,-0.21
2026-09-28 17:40:54,V0144,Carro,No_C_Leste,29.28,4.5,34.45,0.19
2026-09-28 17:40:46,V0145,Carro,No_A_Centro,35.83,22.82,36.84,0.02
2026-09-28 17:40:47,V0145,Carro,No_A_Centro,18.52,40.94,38.18,2.76
2026-09-28 17:40:48,V0145,Carro,No_A_Centro,46.0,5.21,39.62,0.88
2026-09-28 17:40:49,V0145,Carro,No_A_Centro,36.54,9.95,39.59,0.3
2026-09-28 17:40:50,V0145,Carro,No_A_Centro,42.31,0.5,44.12,0.44
2026-09-28 17:40:51,V0145,Carro,No_A_Centro,9.3,49.56,33.8,0.24
2026-09-28 17:40:52,V0145,Carro,No_A_Centro,14.33,48.54,46.14,-1.0
2026-09-28 17:40:53,V0145,Carro,No_A_Centro,1.82,33.04,49.87,-0.25
2026-09-28 17:40:54,V0145,Carro,No_A_Centro,1.73,30.09,36.46,-0.67
2026-09-28 17:40:55,V0145,Carro,No_A_Centro,21.27,23.95,45.21,1.45
2026-09-28 17:40:47,V0146,Onibus,No_C_Leste,34.55,18.72,33.13,0.62
2026-09-28 17:40:48,V0146,Onibus,No_C_Leste,39.99,31.38,45.32,0.28
2026-09-28 17:40:49,V0146,Onibus,No_C_Leste,43.01,7.16,43.88,-1.97
2026-09-28 17:40:50,V0146,Onibus,No_C_Leste,39.81,40.38,36.15,-0.0
2026-09-28 17:40:51,V0146,Onibus,No_C_Leste,37.01,19.75,36.05,0.49
2026-09-28 17:40:52,V0146,Onibus,No_C_Leste,45.96,41.34,37.91,1.04
2026-09-28 17:40:53,V0146,Onibus,No_C_Leste,1.7,15.42,44.31,1.85
2026-09-28 17:40:54,V0146,Onibus,No_C_Leste,13.76,41.08,39.86,-0.03
2026-09-28 17:40:55,V0146,Onibus,No_C_Leste,33.56,31.56,37.5,0.71
2026-09-28 17:40:56,V0146,Onibus,No_C_Leste,38.3,19.63,33.42,-0.67
2026-09-28 17:40:48,V0147,Onibus,No_B_Norte,5.16,32.05,46.83,-1.72
2026-09-28 17:40:49,V0147,Onibus,No_B_Norte,14.78,5.92,40.77,-0.19
2026-09-28 17:40:50,V0147,Onibus,No_B_Norte,41.13,5.51,45.57,1.32
2026-09-28 17:40:51,V0147,Onibus,No_B_Norte,49.81,8.18,38.37,-0.4
2026-09-28 17:40:52,V0147,Onibus,No_B_Norte,34.19,12.65,41.02,0.61
2026-09-28 17:40:53,V0147,Onibus,No_B_Norte,27.98,20.61,36.63,-0.53
2026-09-28 17:40:54,V0147,Onibus,No_B_Norte,17.37,22.89,41.79,1.15
2026-09-28 17:40:55,V0147,Onibus,No_B_Norte,43.71,31.17,42.73,-0.05
2026-09-28 17:40:56,V0147,Onibus,No_B_Norte,6.24,0.23,36.62,-0.77
2026-09-28 17:40:57,V0147,Onibus,No_B_Norte,24.92,23.11,44.83,0.1
2026-09-28 17:40:49,V0148,Carro,No_B_Norte,20.51,19.3,57.78,4.04
2026-09-28 17:40:50,V0148,Carro,No_B_Norte,6.07,41.79,48.82,2.27
2026-09-28 17:40:51,V0148,Carro,No_B_Norte,5.31,8.5,45.91,5.83
2026-09-28 17:40:52,V0148,Carro,No_B_Norte,27.09,26.32,83.79,6.41
2026-09-28 17:40:53,V0148,Carro,No_B_Norte,0.44,7.61,72.1,4.04
2026-09-28 17:40:54,V0148,Carro,No_B_Norte,48.87,31.21,63.05,3.21
2026-09-28 17:40:55,V0148,Carro,No_B_Norte,34.0,19.44,71.57,2.12
2026-09-28 17:40:56,V0148,Carro,No_B_Norte,18.97,25.67,70.16,3.16
2026-09-28 17:40:57,V0148,Carro,No_B_Norte,4.53,21.28,62.36,4.82
2026-09-28 17:40:58,V0148,Carro,No_B_Norte,25.0,11.68,61.63,2.97
2026-09-28 17:40:50,V0149,Carro,No_C_Leste,32.54,24.09,42.52,-0.56
2026-09-28 17:40:51,V0149,Carro,No_C_Leste,11.28,29.61,36.27,-0.26
2026-09-28 17:40:52,V0149,Carro,No_C_Leste,49.09,48.87,32.96,0.25
2026-09-28 17:40:53,V0149,Carro,No_C_Leste,11.62,41.4,40.51,1.31
2026-09-28 17:40:54,V0149,Carro,No_C_Leste,11.2,10.16,46.19,0.4
2026-09-28 17:40:55,V0149,Carro,No_C_Leste,1.41,30.67,38.42,1.34
2026-09-28 17:40:56,V0149,Carro,No_C_Leste,23.97,39.69,43.86,0.89
2026-09-28 17:40:57,V0149,Carro,No_C_Leste,0.4,34.55,37.96,1.13
2026-09-28 17:40:58,V0149,Carro,No_C_Leste,40.22,31.48,39.69,1.2
2026-09-28 17:40:59,V0149,Carro,No_C_Leste,49.74,39.96,42.34,-1.12
2026-09-28 17:40:51,V0150,Onibus,No_B_Norte,20.6,4.4,34.36,0.63
2026-09-28 17:40:52,V0150,Onibus,No_B_Norte,37.85,2.75,32.09,-1.31
2026-09-28 17:40:53,V0150,Onibus,No_B_Norte,21.32,17.98,38.28,-0.06
2026-09-28 17:40:54,V0150,Onibus,No_B_Norte,17.17,33.19,43.68,0.14
2026-09-28 17:40:55,V0150,Onibus,No_B_Norte,37.93,2.48,31.6,0.03
2026-09-28 17:40:56,V0150,Onibus,No_B_Norte,45.63,4.45,43.8,-0.61
2026-09-28 17:40:57,V0150,Onibus,No_B_Norte,43.0,47.81,53.59,0.58
2026-09-28 17:40:58,V0150,Onibus,No_B_Norte,15.37,23.22,40.0,1.86
2026-09-28 17:40:59,V0150,Onibus,No_B_Norte,34.96,18.13,46.25,-0.58
2026-09-28 17:41:00,V0150,Onibus,No_B_Norte,36.5,9.54,34.42,-0.78
2026-09-28 17:40:52,V0151,Carro,No_B_Norte,24.81,46.75,44.78,-1.7
2026-09-28 17:40:53,V0151,Carro,No_B_Norte,49.19,13.3,37.6,1.57
2026-09-28 17:40:54,V0151,Carro,No_B_Norte,12.54,41.19,47.29,-1.13
2026-09-28 17:40:55,V0151,Carro,No_B_Norte,33.66,9.58,36.52,1.03
2026-09-28 17:40:56,V0151,Carro,No_B_Norte,42.95,43.73,43.92,0.26
2026-09-28 17:40:57,V0151,Carro,No_B_Norte,4.95,38.98,47.87,-0.07
2026-09-28 17:40:58,V0151,Carro,No_B_Norte,33.03,7.39,38.71,-0.65
2026-09-28 17:40:59,V0151,Carro,No_B_Norte,45.69,38.03,39.17,0.57
2026-09-28 17:41:00,V0151,Carro,No_B_Norte,34.66,45.82,37.89,0.21
2026-09-28 17:41:01,V0151,Carro,No_B_Norte,44.51,7.97,41.55,1.14
2026-09-28 17:40:53,V0152,Moto,No_A_Centro,16.93,4.84,46.7,-0.76
2026-09-28 17:40:54,V0152,Moto,No_A_Centro,3.98,45.84,40.59,0.91
2026-09-28 17:40:55,V0152,Moto,No_A_Centro,26.72,25.06,36.58,-0.51
2026-09-28 17:40:56,V0152,Moto,No_A_Centro,4.28,23.5,35.71,-0.86
2026-09-28 17:40:57,V0152,Moto,No_A_Centro,25.08,1.92,31.22,-0.02
2026-09-28 17:40:58,V0152,Moto,No_A_Centro,10.94,41.48,39.35,-0.15
2026-09-28 17:40:59,V0152,Moto,No_A_Centro,37.43,18.02,31.62,-1.31
2026-09-28 17:41:00,V0152,Moto,No_A_Centro,13.08,21.34,47.69,-1.66
2026-09-28 17:41:01,V0152,Moto,No_A_Centro,8.53,11.49,38.91,1.6
2026-09-28 17:41:02,V0152,Moto,No_A_Centro,40.23,37.67,42.6,-0.76
2026-09-28 17:40:54,V0153,Carro,No_B_Norte,2.64,44.8,69.63,1.33
2026-09-28 17:40:55,V0153,Carro,No_B_Norte,34.16,25.62,80.07,0.88
2026-09-28 17:40:56,V0153,Carro,No_B_Norte,43.09,31.07,66.78,2.84
2026-09-28 17:40:57,V0153,Carro,No_B_Norte,28.88,23.08,77.77,6.57
2026-09-28 17:40:58,V0153,Carro,No_B_Norte,39.46,9.53,64.06,5.42
2026-09-28 17:40:59,V0153,Carro,No_B_Norte,16.3,35.38,69.13,3.81
2026-09-28 17:41:00,V0153,Carro,No_B_Norte,46.91,36.8,74.46,3.99
2026-09-28 17:41:01,V0153,Carro,No_B_Norte,36.22,13.28,65.87,-0.42
2026-09-28 17:41:02,V0153,Carro,No_B_Norte,46.63,44.61,54.01,2.38
2026-09-28 17:41:03,V0153,Carro,No_B_Norte,45.85,42.31,63.03,4.67
2026-09-28 17:40:55,V0154,Carro,No_B_Norte,8.47,43.86,42.62,-1.67
2026-09-28 17:40:56,V0154,Carro,No_B_Norte,47.02,39.08,37.4,0.39
2026-09-28 17:40:57,V0154,Carro,No_B_Norte,21.37,46.24,38.68,-0.37
2026-09-28 17:40:58,V0154,Carro,No_B_Norte,37.45,13.34,30.9,0.96
2026-09-28 17:40:59,V0154,Carro,No_B_Norte,4.72,40.68,38.35,0.95
2026-09-28 17:41:00,V0154,Carro,No_B_Norte,45.43,2.69,36.38,0.44
2026-09-28 17:41:01,V0154,Carro,No_B_Norte,2.7,46.7,39.28,0.06
2026-09-28 17:41:02,V0154,Carro,No_B_Norte,20.03,31.54,37.01,0.17
2026-09-28 17:41:03,V0154,Carro,No_B_Norte,23.49,49.01,31.73,-0.01
2026-09-28 17:41:04,V0154,Carro,No_B_Norte,17.25,43.93,37.08,-1.17
2026-09-28 17:40:56,V0155,Carro,No_A_Centro,36.21,8.52,73.31,3.09
2026-09-28 17:40:57,V0155,Carro,No_A_Centro,27.11,29.99,66.93,3.39
2026-09-28 17:40:58,V0155,Carro,No_A_Centro,35.67,3.82,59.58,2.85
2026-09-28 17:40:59,V0155,Carro,No_A_Centro,48.47,14.57,73.39,2.58
2026-09-28 17:41:00,V0155,Carro,No_A_Centro,31.83,8.74,62.28,5.21
2026-09-28 17:41:01,V0155,Carro,No_A_Centro,42.61,37.72,72.31,1.95
2026-09-28 17:41:02,V0155,Carro,No_A_Centro,18.45,9.46,49.2,1.03
2026-09-28 17:41:03,V0155,Carro,No_A_Centro,7.23,22.82,72.04,4.96
2026-09-28 17:41:04,V0155,Carro,No_A_Centro,43.18,19.84,41.05,4.0
2026-09-28 17:41:05,V0155,Carro,No_A_Centro,32.43,12.4,63.88,2.54
2026-09-28 17:40:57,V0156,Carro,No_A_Centro,41.25,2.72,33.35,-1.09
2026-09-28 17:40:58,V0156,Carro,No_A_Centro,10.26,43.56,42.38,-1.58
2026-09-28 17:40:59,V0156,Carro,No_A_Centro,15.17,5.78,31.08,0.15
2026-09-28 17:41:00,V0156,Carro,No_A_Centro,7.61,24.9,35.95,0.31
2026-09-28 17:41:01,V0156,Carro,No_A_Centro,32.43,17.93,37.9,0.57
2026-09-28 17:41:02,V0156,Carro,No_A_Centro,5.46,26.85,40.03,-0.47
2026-09-28 17:41:03,V0156,Carro,No_A_Centro,45.2,32.15,31.04,0.66
2026-09-28 17:41:04,V0156,Carro,No_A_Centro,42.6,42.68,41.97,1.3
2026-09-28 17:41:05,V0156,Carro,No_A_Centro,18.29,12.5,34.56,-1.88
2026-09-28 17:41:06,V0156,Carro,No_A_Centro,31.44,19.87,41.58,1.71
2026-09-28 17:40:58,V0157,Carro,No_B_Norte,43.51,8.78,59.4,4.88
2026-09-28 17:40:59,V0157,Carro,No_B_Norte,39.75,26.56,48.26,3.82
2026-09-28 17:41:00,V0157,Carro,No_B_Norte,44.86,18.89,67.5,2.82
2026-09-28 17:41:01,V0157,Carro,No_B_Norte,38.09,23.56,54.51,0.96
2026-09-28 17:41:02,V0157,Carro,No_B_Norte,35.51,1.0,59.01,1.07
2026-09-28 17:41:03,V0157,Carro,No_B_Norte,37.64,20.11,58.54,4.88
2026-09-28 17:41:04,V0157,Carro,No_B_Norte,8.13,10.36,68.75,4.18
2026-09-28 17:41:05,V0157,Carro,No_B_Norte,6.98,14.85,51.47,5.79
2026-09-28 17:41:06,V0157,Carro,No_B_Norte,40.35,49.89,84.72,2.3
2026-09-28 17:41:07,V0157,Carro,No_B_Norte,16.52,39.96,59.82,1.58
2026-09-28 17:40:59,V0158,Carro,No_C_Leste,37.2,22.44,42.81,-0.63
2026-09-28 17:41:00,V0158,Carro,No_C_Leste,0.52,36.42,37.53,-0.52
2026-09-28 17:41:01,V0158,Carro,No_C_Leste,3.51,38.93,36.55,0.45
2026-09-28 17:41:02,V0158,Carro,No_C_Leste,9.4,9.17,44.08,0.99
2026-09-28 17:41:03,V0158,Carro,No_C_Leste,6.72,47.39,39.94,-1.5
2026-09-28 17:41:04,V0158,Carro,No_C_Leste,20.8,45.03,38.17,0.99
2026-09-28 17:41:05,V0158,Carro,No_C_Leste,24.53,37.66,36.6,0.52
2026-09-28 17:41:06,V0158,Carro,No_C_Leste,36.01,49.78,39.86,-0.26
2026-09-28 17:41:07,V0158,Carro,No_C_Leste,0.01,39.85,42.03,-1.45
2026-09-28 17:41:08,V0158,Carro,No_C_Leste,47.92,45.62,32.93,0.33
2026-09-28 17:41:00,V0159,Onibus,No_A_Centro,12.29,15.94,39.86,-0.33
2026-09-28 17:41:01,V0159,Onibus,No_A_Centro,16.79,46.5,35.35,0.19
2026-09-28 17:41:02,V0159,Onibus,No_A_Centro,32.22,18.5,38.32,-0.75
2026-09-28 17:41:03,V0159,Onibus,No_A_Centro,41.55,26.08,31.24,0.48
2026-09-28 17:41:04,V0159,Onibus,No_A_Centro,48.7,21.37,44.82,0.34
2026-09-28 17:41:05,V0159,Onibus,No_A_Centro,5.68,6.54,45.54,0.2
2026-09-28 17:41:06,V0159,Onibus,No_A_Centro,10.21,43.96,50.51,0.92
2026-09-28 17:41:07,V0159,Onibus,No_A_Centro,35.18,40.79,42.75,-0.26
2026-09-28 17:41:08,V0159,Onibus,No_A_Centro,16.52,1.27,37.61,0.24
2026-09-28 17:41:09,V0159,Onibus,No_A_Centro,12.69,34.2,50.61,-1.8
2026-09-28 17:41:01,V0160,Carro,No_A_Centro,7.97,14.97,44.75,-0.97
2026-09-28 17:41:02,V0160,Carro,No_A_Centro,20.94,45.77,46.24,-0.47
2026-09-28 17:41:03,V0160,Carro,No_A_Centro,33.89,2.45,37.84,-0.68
2026-09-28 17:41:04,V0160,Carro,No_A_Centro,17.44,21.14,41.66,2.0
2026-09-28 17:41:05,V0160,Carro,No_A_Centro,0.32,13.71,41.52,0.73
2026-09-28 17:41:06,V0160,Carro,No_A_Centro,48.35,45.65,30.56,0.12
2026-09-28 17:41:07,V0160,Carro,No_A_Centro,4.89,4.56,34.42,-0.11
2026-09-28 17:41:08,V0160,Carro,No_A_Centro,0.27,36.7,43.58,0.58
2026-09-28 17:41:09,V0160,Carro,No_A_Centro,34.64,43.08,43.59,-0.09
2026-09-28 17:41:10,V0160,Carro,No_A_Centro,27.17,46.11,32.81,0.67
2026-09-28 17:41:02,V0161,Carro,No_B_Norte,5.69,17.61,45.89,0.1
2026-09-28 17:41:03,V0161,Carro,No_B_Norte,17.46,16.28,39.52,-0.7
2026-09-28 17:41:04,V0161,Carro,No_B_Norte,11.89,48.1,38.34,-0.69
2026-09-28 17:41:05,V0161,Carro,No_B_Norte,6.12,32.38,30.84,-1.56
2026-09-28 17:41:06,V0161,Carro,No_B_Norte,23.2,41.42,42.36,0.49
2026-09-28 17:41:07,V0161,Carro,No_B_Norte,10.49,17.97,47.59,-0.86
2026-09-28 17:41:08,V0161,Carro,No_B_Norte,40.97,45.57,34.06,-0.62
2026-09-28 17:41:09,V0161,Carro,No_B_Norte,19.43,21.04,44.19,-1.25
2026-09-28 17:41:10,V0161,Carro,No_B_Norte,1.74,30.93,32.97,-0.7
2026-09-28 17:41:11,V0161,Carro,No_B_Norte,49.98,11.85,39.32,-1.26
2026-09-28 17:41:03,V0162,Carro,No_C_Leste,47.76,33.4,43.24,0.69
2026-09-28 17:41:04,V0162,Carro,No_C_Leste,3.23,2.3,34.43,0.65
2026-09-28 17:41:05,V0162,Carro,No_C_Leste,24.81,28.39,41.5,-1.08
2026-09-28 17:41:06,V0162,Carro,No_C_Leste,32.43,40.77,38.79,0.07
2026-09-28 17:41:07,V0162,Carro,No_C_Leste,6.77,21.79,35.96,0.34
2026-09-28 17:41:08,V0162,Carro,No_C_Leste,34.82,18.52,44.75,0.02
2026-09-28 17:41:09,V0162,Carro,No_C_Leste,5.52,45.94,41.41,1.25
2026-09-28 17:41:10,V0162,Carro,No_C_Leste,19.93,7.65,44.52,-1.08
2026-09-28 17:41:11,V0162,Carro,No_C_Leste,38.64,42.12,41.98,-0.68
2026-09-28 17:41:12,V0162,Carro,No_C_Leste,30.87,34.27,33.39,-0.3
2026-09-28 17:41:04,V0163,Carro,No_A_Centro,37.23,36.44,61.98,2.47
2026-09-28 17:41:05,V0163,Carro,No_A_Centro,23.91,27.82,54.15,0.3
2026-09-28 17:41:06,V0163,Carro,No_A_Centro,44.74,18.13,61.91,2.1
2026-09-28 17:41:07,V0163,Carro,No_A_Centro,21.72,37.77,64.72,6.8
2026-09-28 17:41:08,V0163,Carro,No_A_Centro,32.97,25.08,73.47,1.13
2026-09-28 17:41:09,V0163,Carro,No_A_Centro,21.32,25.98,72.07,3.56
2026-09-28 17:41:10,V0163,Carro,No_A_Centro,0.01,11.99,55.59,2.17
2026-09-28 17:41:11,V0163,Carro,No_A_Centro,0.83,28.24,53.34,2.04
2026-09-28 17:41:12,V0163,Carro,No_A_Centro,17.49,13.13,67.59,3.54
2026-09-28 17:41:13,V0163,Carro,No_A_Centro,8.73,16.81,71.67,5.13
2026-09-28 17:41:05,V0164,Carro,No_B_Norte,46.05,10.76,40.23,-0.68
2026-09-28 17:41:06,V0164,Carro,No_B_Norte,9.93,6.77,49.52,-0.56
2026-09-28 17:41:07,V0164,Carro,No_B_Norte,39.6,5.55,33.36,0.74
2026-09-28 17:41:08,V0164,Carro,No_B_Norte,0.43,17.6,36.41,-0.22
2026-09-28 17:41:09,V0164,Carro,No_B_Norte,25.99,6.78,32.53,-0.12
2026-09-28 17:41:10,V0164,Carro,No_B_Norte,39.96,20.36,42.02,0.22
2026-09-28 17:41:11,V0164,Carro,No_B_Norte,43.73,22.21,44.69,0.77
2026-09-28 17:41:12,V0164,Carro,No_B_Norte,31.28,32.17,39.75,0.04
2026-09-28 17:41:13,V0164,Carro,No_B_Norte,1.97,42.64,38.32,1.75
2026-09-28 17:41:14,V0164,Carro,No_B_Norte,31.36,5.76,34.81,1.39
2026-09-28 17:41:06,V0165,Moto,No_C_Leste,33.04,10.98,35.59,0.21
2026-09-28 17:41:07,V0165,Moto,No_C_Leste,33.71,40.49,35.32,0.84
2026-09-28 17:41:08,V0165,Moto,No_C_Leste,41.43,22.79,45.16,0.01
2026-09-28 17:41:09,V0165,Moto,No_C_Leste,21.25,44.17,44.58,-0.12
2026-09-28 17:41:10,V0165,Moto,No_C_Leste,32.81,24.7,38.79,-1.1
2026-09-28 17:41:11,V0165,Moto,No_C_Leste,18.37,15.43,31.87,-0.14
2026-09-28 17:41:12,V0165,Moto,No_C_Leste,46.82,30.73,39.84,0.39
2026-09-28 17:41:13,V0165,Moto,No_C_Leste,18.91,36.22,44.46,-0.49
2026-09-28 17:41:14,V0165,Moto,No_C_Leste,31.95,47.88,44.1,1.64
2026-09-28 17:41:15,V0165,Moto,No_C_Leste,13.5,3.81,35.07,1.57
2026-09-28 17:41:07,V0166,Carro,No_A_Centro,20.53,6.21,40.07,-1.0
2026-09-28 17:41:08,V0166,Carro,No_A_Centro,38.94,40.55,39.97,-1.13
2026-09-28 17:41:09,V0166,Carro,No_A_Centro,0.42,11.68,26.29,-1.38
2026-09-28 17:41:10,V0166,Carro,No_A_Centro,10.17,32.38,42.99,0.09
2026-09-28 17:41:11,V0166,Carro,No_A_Centro,23.89,47.29,35.68,-0.26
2026-09-28 17:41:12,V0166,Carro,No_A_Centro,22.27,40.44,38.31,-1.13
2026-09-28 17:41:13,V0166,Carro,No_A_Centro,2.73,45.98,45.03,0.92
2026-09-28 17:41:14,V0166,Carro,No_A_Centro,19.35,35.67,50.01,-1.48
2026-09-28 17:41:15,V0166,Carro,No_A_Centro,30.91,48.27,48.91,0.4
2026-09-28 17:41:16,V0166,Carro,No_A_Centro,3.03,37.95,41.99,1.11
2026-09-28 17:41:08,V0167,Moto,No_B_Norte,4.52,12.62,79.02,3.96
2026-09-28 17:41:09,V0167,Moto,No_B_Norte,22.58,29.18,87.43,9.81
2026-09-28 17:41:10,V0167,Moto,No_B_Norte,46.79,34.61,74.3,-2.21
2026-09-28 17:41:11,V0167,Moto,No_B_Norte,24.89,24.43,92.34,8.92
2026-09-28 17:41:12,V0167,Moto,No_B_Norte,43.7,19.01,78.31,4.54
2026-09-28 17:41:13,V0167,Moto,No_B_Norte,44.21,25.21,83.44,1.77
2026-09-28 17:41:14,V0167,Moto,No_B_Norte,38.1,16.83,76.27,1.19
2026-09-28 17:41:15,V0167,Moto,No_B_Norte,14.52,27.25,62.15,12.45
2026-09-28 17:41:16,V0167,Moto,No_B_Norte,14.21,14.64,66.79,3.07
2026-09-28 17:41:17,V0167,Moto,No_B_Norte,25.06,47.42,87.44,4.88
2026-09-28 17:41:09,V0168,Carro,No_A_Centro,6.46,6.05,69.28,2.93
2026-09-28 17:41:10,V0168,Carro,No_A_Centro,18.16,3.63,56.14,5.41
2026-09-28 17:41:11,V0168,Carro,No_A_Centro,11.45,47.49,69.28,1.72
2026-09-28 17:41:12,V0168,Carro,No_A_Centro,34.51,12.93,64.14,2.03
2026-09-28 17:41:13,V0168,Carro,No_A_Centro,37.63,17.76,68.15,6.18
2026-09-28 17:41:14,V0168,Carro,No_A_Centro,6.47,40.16,48.16,3.15
2026-09-28 17:41:15,V0168,Carro,No_A_Centro,3.44,45.52,70.34,2.19
2026-09-28 17:41:16,V0168,Carro,No_A_Centro,31.31,36.82,73.7,5.01
2026-09-28 17:41:17,V0168,Carro,No_A_Centro,3.9,6.85,77.3,1.6
2026-09-28 17:41:18,V0168,Carro,No_A_Centro,2.75,40.82,59.09,1.05
2026-09-28 17:41:10,V0169,Carro,No_B_Norte,42.58,20.12,62.35,4.87
2026-09-28 17:41:11,V0169,Carro,No_B_Norte,13.75,18.68,56.09,4.56
2026-09-28 17:41:12,V0169,Carro,No_B_Norte,3.6,19.66,55.59,3.22
2026-09-28 17:41:13,V0169,Carro,No_B_Norte,31.57,7.86,63.43,4.0
2026-09-28 17:41:14,V0169,Carro,No_B_Norte,24.11,40.98,57.13,4.2
2026-09-28 17:41:15,V0169,Carro,No_B_Norte,46.04,32.76,49.1,2.54
2026-09-28 17:41:16,V0169,Carro,No_B_Norte,1.26,44.77,54.66,1.12
2026-09-28 17:41:17,V0169,Carro,No_B_Norte,14.26,5.58,53.98,2.28
2026-09-28 17:41:18,V0169,Carro,No_B_Norte,29.59,18.23,64.96,5.99
2026-09-28 17:41:19,V0169,Carro,No_B_Norte,31.36,12.62,62.33,-0.29
2026-09-28 17:41:11,V0170,Onibus,No_B_Norte,30.33,45.29,45.58,2.21
2026-09-28 17:41:12,V0170,Onibus,No_B_Norte,6.3,27.24,34.06,-0.44
2026-09-28 17:41:13,V0170,Onibus,No_B_Norte,46.18,19.23,38.05,0.24
2026-09-28 17:41:14,V0170,Onibus,No_B_Norte,6.09,36.23,43.53,0.48
2026-09-28 17:41:15,V0170,Onibus,No_B_Norte,1.64,40.98,43.19,0.39
2026-09-28 17:41:16,V0170,Onibus,No_B_Norte,43.07,42.83,36.53,0.24
2026-09-28 17:41:17,V0170,Onibus,No_B_Norte,44.02,19.32,39.65,2.0
2026-09-28 17:41:18,V0170,Onibus,No_B_Norte,45.74,49.6,41.37,1.13
2026-09-28 17:41:19,V0170,Onibus,No_B_Norte,26.0,13.76,39.09,-0.34
2026-09-28 17:41:20,V0170,Onibus,No_B_Norte,11.31,41.16,40.5,0.57
2026-09-28 17:41:12,V0171,Onibus,No_C_Leste,15.78,2.85,34.73,1.15
2026-09-28 17:41:13,V0171,Onibus,No_C_Leste,34.76,4.02,34.5,0.1
2026-09-28 17:41:14,V0171,Onibus,No_C_Leste,47.46,21.99,41.16,1.28
2026-09-28 17:41:15,V0171,Onibus,No_C_Leste,31.99,31.56,44.22,-0.98
2026-09-28 17:41:16,V0171,Onibus,No_C_Leste,32.02,28.17,34.5,-0.85
2026-09-28 17:41:17,V0171,Onibus,No_C_Leste,2.56,7.87,44.34,0.03
2026-09-28 17:41:18,V0171,Onibus,No_C_Leste,39.94,27.35,44.4,-0.47
2026-09-28 17:41:19,V0171,Onibus,No_C_Leste,16.53,8.12,41.86,0.57
2026-09-28 17:41:20,V0171,Onibus,No_C_Leste,2.44,43.63,40.64,0.02
2026-09-28 17:41:21,V0171,Onibus,No_C_Leste,5.37,2.71,41.83,-1.67
2026-09-28 17:41:13,V0172,Carro,No_C_Leste,44.72,48.05,61.81,4.77
2026-09-28 17:41:14,V0172,Carro,No_C_Leste,20.54,12.95,85.13,7.71
2026-09-28 17:41:15,V0172,Carro,No_C_Leste,49.28,46.35,70.79,6.77
2026-09-28 17:41:16,V0172,Carro,No_C_Leste,41.28,38.77,51.32,1.86
2026-09-28 17:41:17,V0172,Carro,No_C_Leste,13.64,11.35,73.43,1.76
2026-09-28 17:41:18,V0172,Carro,No_C_Leste,46.3,35.17,69.69,1.56
2026-09-28 17:41:19,V0172,Carro,No_C_Leste,27.03,44.92,60.19,7.56
2026-09-28 17:41:20,V0172,Carro,No_C_Leste,17.12,40.34,80.45,2.79
2026-09-28 17:41:21,V0172,Carro,No_C_Leste,31.62,34.7,57.14,5.54
2026-09-28 17:41:22,V0172,Carro,No_C_Leste,2.32,23.82,66.82,-1.43
2026-09-28 17:41:14,V0173,Carro,No_B_Norte,3.28,1.07,71.71,1.39
2026-09-28 17:41:15,V0173,Carro,No_B_Norte,41.13,33.31,70.15,2.03
2026-09-28 17:41:16,V0173,Carro,No_B_Norte,28.66,22.16,72.9,4.26
2026-09-28 17:41:17,V0173,Carro,No_B_Norte,46.79,11.87,69.5,1.04
2026-09-28 17:41:18,V0173,Carro,No_B_Norte,5.63,43.43,49.86,0.66
2026-09-28 17:41:19,V0173,Carro,No_B_Norte,18.14,49.17,54.56,4.1
2026-09-28 17:41:20,V0173,Carro,No_B_Norte,18.83,28.56,80.21,1.59
2026-09-28 17:41:21,V0173,Carro,No_B_Norte,10.74,44.2,71.93,4.09
2026-09-28 17:41:22,V0173,Carro,No_B_Norte,43.65,2.27,75.04,2.79
2026-09-28 17:41:23,V0173,Carro,No_B_Norte,29.84,6.17,69.36,3.29
2026-09-28 17:41:15,V0174,Carro,No_C_Leste,4.37,49.42,57.76,4.24
2026-09-28 17:41:16,V0174,Carro,No_C_Leste,10.15,2.86,73.28,0.59
2026-09-28 17:41:17,V0174,Carro,No_C_Leste,3.04,23.12,74.32,6.96
2026-09-28 17:41:18,V0174,Carro,No_C_Leste,24.45,43.05,64.26,0.88
2026-09-28 17:41:19,V0174,Carro,No_C_Leste,48.95,32.76,63.9,2.94
2026-09-28 17:41:20,V0174,Carro,No_C_Leste,29.18,12.42,64.49,5.38
2026-09-28 17:41:21,V0174,Carro,No_C_Leste,7.34,37.47,66.77,3.03
2026-09-28 17:41:22,V0174,Carro,No_C_Leste,22.39,12.24,63.28,5.63
2026-09-28 17:41:23,V0174,Carro,No_C_Leste,36.42,45.01,60.62,1.7
2026-09-28 17:41:24,V0174,Carro,No_C_Leste,26.9,46.18,73.8,5.74
2026-09-28 17:41:16,V0175,Carro,No_A_Centro,5.26,18.19,43.26,-0.08
2026-09-28 17:41:17,V0175,Carro,No_A_Centro,0.35,32.4,39.44,1.51
2026-09-28 17:41:18,V0175,Carro,No_A_Centro,25.33,16.28,36.77,0.91
2026-09-28 17:41:19,V0175,Carro,No_A_Centro,20.95,26.35,41.9,0.28
2026-09-28 17:41:20,V0175,Carro,No_A_Centro,5.68,18.48,48.46,0.41
2026-09-28 17:41:21,V0175,Carro,No_A_Centro,0.14,13.42,33.35,0.61
2026-09-28 17:41:22,V0175,Carro,No_A_Centro,32.33,31.93,37.77,-0.64
2026-09-28 17:41:23,V0175,Carro,No_A_Centro,18.73,12.26,38.69,-0.2
2026-09-28 17:41:24,V0175,Carro,No_A_Centro,31.9,15.14,38.05,-1.54
2026-09-28 17:41:25,V0175,Carro,No_A_Centro,3.71,50.0,32.25,-0.69
2026-09-28 17:41:17,V0176,Carro,No_B_Norte,15.73,27.38,74.28,7.2
2026-09-28 17:41:18,V0176,Carro,No_B_Norte,44.55,21.84,88.42,3.23
2026-09-28 17:41:19,V0176,Carro,No_B_Norte,42.62,31.13,97.1,8.12
2026-09-28 17:41:20,V0176,Carro,No_B_Norte,18.71,34.69,71.02,0.32
2026-09-28 17:41:21,V0176,Carro,No_B_Norte,48.8,25.48,54.85,8.68
2026-09-28 17:41:22,V0176,Carro,No_B_Norte,12.2,28.95,70.74,6.21
2026-09-28 17:41:23,V0176,Carro,No_B_Norte,49.84,30.81,88.52,7.92
2026-09-28 17:41:24,V0176,Carro,No_B_Norte,48.34,11.0,87.63,4.32
2026-09-28 17:41:25,V0176,Carro,No_B_Norte,49.57,5.74,79.29,9.3
2026-09-28 17:41:26,V0176,Carro,No_B_Norte,22.62,32.85,78.24,1.16
2026-09-28 17:41:18,V0177,Moto,No_B_Norte,14.77,18.55,64.11,6.53
2026-09-28 17:41:19,V0177,Moto,No_B_Norte,38.57,0.55,69.54,0.07
2026-09-28 17:41:20,V0177,Moto,No_B_Norte,0.01,44.29,70.63,2.4
2026-09-28 17:41:21,V0177,Moto,No_B_Norte,29.59,44.71,66.98,3.91
2026-09-28 17:41:22,V0177,Moto,No_B_Norte,46.96,14.94,82.67,3.14
2026-09-28 17:41:23,V0177,Moto,No_B_Norte,8.38,21.94,65.75,3.76
2026-09-28 17:41:24,V0177,Moto,No_B_Norte,44.86,16.47,64.23,0.49
2026-09-28 17:41:25,V0177,Moto,No_B_Norte,14.63,23.07,67.35,2.79
2026-09-28 17:41:26,V0177,Moto,No_B_Norte,41.91,3.66,80.13,4.52
2026-09-28 17:41:27,V0177,Moto,No_B_Norte,1.39,28.43,66.43,3.15
2026-09-28 17:41:19,V0178,Carro,No_B_Norte,14.63,20.05,73.46,1.36
2026-09-28 17:41:20,V0178,Carro,No_B_Norte,31.82,4.86,79.33,5.7
2026-09-28 17:41:21,V0178,Carro,No_B_Norte,16.04,24.42,58.31,2.94
2026-09-28 17:41:22,V0178,Carro,No_B_Norte,47.61,22.43,77.89,0.21
2026-09-28 17:41:23,V0178,Carro,No_B_Norte,0.26,9.76,60.02,-0.19
2026-09-28 17:41:24,V0178,Carro,No_B_Norte,4.2,30.87,67.31,1.02
2026-09-28 17:41:25,V0178,Carro,No_B_Norte,44.44,39.91,51.2,2.71
2026-09-28 17:41:26,V0178,Carro,No_B_Norte,4.51,36.1,53.27,2.05
2026-09-28 17:41:27,V0178,Carro,No_B_Norte,25.47,34.26,61.41,0.1
2026-09-28 17:41:28,V0178,Carro,No_B_Norte,3.59,39.2,58.14,2.33
2026-09-28 17:41:20,V0179,Moto,No_A_Centro,4.64,29.23,37.36,-1.09
2026-09-28 17:41:21,V0179,Moto,No_A_Centro,33.92,36.11,33.4,-0.77
2026-09-28 17:41:22,V0179,Moto,No_A_Centro,32.9,42.21,33.51,0.08
2026-09-28 17:41:23,V0179,Moto,No_A_Centro,38.38,15.23,38.85,0.72
2026-09-28 17:41:24,V0179,Moto,No_A_Centro,26.39,30.54,44.71,0.02
2026-09-28 17:41:25,V0179,Moto,No_A_Centro,39.29,31.29,39.35,-0.69
2026-09-28 17:41:26,V0179,Moto,No_A_Centro,27.2,22.54,44.23,-1.47
2026-09-28 17:41:27,V0179,Moto,No_A_Centro,22.69,20.25,38.05,0.19
2026-09-28 17:41:28,V0179,Moto,No_A_Centro,31.66,14.57,40.07,0.06
2026-09-28 17:41:29,V0179,Moto,No_A_Centro,45.13,37.78,48.97,-0.68
2026-09-28 17:41:21,V0180,Carro,No_A_Centro,26.65,19.69,62.46,2.2
2026-09-28 17:41:22,V0180,Carro,No_A_Centro,19.05,45.17,90.1,3.95
2026-09-28 17:41:23,V0180,Carro,No_A_Centro,0.08,17.13,82.09,7.37
2026-09-28 17:41:24,V0180,Carro,No_A_Centro,42.69,3.02,79.67,8.28
2026-09-28 17:41:25,V0180,Carro,No_A_Centro,16.68,19.31,84.29,2.24
2026-09-28 17:41:26,V0180,Carro,No_A_Centro,7.79,6.27,80.54,1.49
2026-09-28 17:41:27,V0180,Carro,No_A_Centro,45.55,12.01,87.82,2.17
2026-09-28 17:41:28,V0180,Carro,No_A_Centro,8.76,7.95,98.7,2.44
2026-09-28 17:41:29,V0180,Carro,No_A_Centro,16.95,44.63,82.0,1.25
2026-09-28 17:41:30,V0180,Carro,No_A_Centro,36.99,34.99,84.29,10.0
2026-09-28 17:41:22,V0181,Carro,No_A_Centro,45.65,7.01,40.92,-0.44
2026-09-28 17:41:23,V0181,Carro,No_A_Centro,24.87,17.39,36.41,0.44
2026-09-28 17:41:24,V0181,Carro,No_A_Centro,43.05,25.76,42.29,0.31
2026-09-28 17:41:25,V0181,Carro,No_A_Centro,49.44,13.72,29.24,-0.35
2026-09-28 17:41:26,V0181,Carro,No_A_Centro,47.26,28.24,38.31,-0.85
2026-09-28 17:41:27,V0181,Carro,No_A_Centro,9.67,31.84,40.53,-0.24
2026-09-28 17:41:28,V0181,Carro,No_A_Centro,21.18,36.05,41.62,-0.61
2026-09-28 17:41:29,V0181,Carro,No_A_Centro,25.83,43.42,39.92,-0.68
2026-09-28 17:41:30,V0181,Carro,No_A_Centro,5.97,0.06,37.2,0.8
2026-09-28 17:41:31,V0181,Carro,No_A_Centro,46.42,24.0,40.6,1.36
2026-09-28 17:41:23,V0182,Carro,No_C_Leste,14.24,28.12,44.51,0.84
2026-09-28 17:41:24,V0182,Carro,No_C_Leste,48.63,37.1,30.43,1.56
2026-09-28 17:41:25,V0182,Carro,No_C_Leste,21.14,40.49,32.31,-2.49
2026-09-28 17:41:26,V0182,Carro,No_C_Leste,41.25,8.42,36.64,-1.88
2026-09-28 17:41:27,V0182,Carro,No_C_Leste,39.39,13.38,33.35,-0.54
2026-09-28 17:41:28,V0182,Carro,No_C_Leste,16.45,27.83,48.79,0.31
2026-09-28 17:41:29,V0182,Carro,No_C_Leste,14.78,37.42,46.26,-0.49
2026-09-28 17:41:30,V0182,Carro,No_C_Leste,48.6,2.34,35.79,-0.16
2026-09-28 17:41:31,V0182,Carro,No_C_Leste,21.04,17.77,43.14,-0.9
2026-09-28 17:41:32,V0182,Carro,No_C_Leste,31.73,29.29,35.41,0.77
2026-09-28 17:41:24,V0183,Carro,No_C_Leste,8.46,40.68,63.48,0.42
2026-09-28 17:41:25,V0183,Carro,No_C_Leste,23.91,6.43,62.34,1.53
2026-09-28 17:41:26,V0183,Carro,No_C_Leste,13.5,9.77,52.58,3.82
2026-09-28 17:41:27,V0183,Carro,No_C_Leste,21.3,44.88,70.62,6.72
2026-09-28 17:41:28,V0183,Carro,No_C_Leste,22.06,19.23,61.81,4.64
2026-09-28 17:41:29,V0183,Carro,No_C_Leste,43.62,24.58,79.69,3.66
2026-09-28 17:41:30,V0183,Carro,No_C_Leste,25.1,2.81,68.92,2.84
2026-09-28 17:41:31,V0183,Carro,No_C_Leste,25.18,28.33,71.56,6.26
2026-09-28 17:41:32,V0183,Carro,No_C_Leste,24.73,27.6,54.54,2.03
2026-09-28 17:41:33,V0183,Carro,No_C_Leste,33.57,34.81,64.98,3.95
2026-09-28 17:41:25,V0184,Carro,No_A_Centro,43.77,49.47,31.64,-0.95
2026-09-28 17:41:26,V0184,Carro,No_A_Centro,15.9,48.52,38.02,0.44
2026-09-28 17:41:27,V0184,Carro,No_A_Centro,45.58,4.53,41.29,-0.85
2026-09-28 17:41:28,V0184,Carro,No_A_Centro,28.07,37.46,49.25,-0.05
2026-09-28 17:41:29,V0184,Carro,No_A_Centro,0.61,39.95,43.88,-1.58
2026-09-28 17:41:30,V0184,Carro,No_A_Centro,28.66,0.51,40.69,0.59
2026-09-28 17:41:31,V0184,Carro,No_A_Centro,31.96,39.06,37.8,0.73
2026-09-28 17:41:32,V0184,Carro,No_A_Centro,12.38,15.88,41.97,-0.15
2026-09-28 17:41:33,V0184,Carro,No_A_Centro,29.77,49.48,33.09,-0.95
2026-09-28 17:41:34,V0184,Carro,No_A_Centro,48.83,27.71,50.21,-1.29
2026-09-28 17:41:26,V0185,Carro,No_A_Centro,37.88,15.24,45.42,-1.29
2026-09-28 17:41:27,V0185,Carro,No_A_Centro,33.55,44.61,35.19,-1.98
2026-09-28 17:41:28,V0185,Carro,No_A_Centro,9.62,42.29,50.18,-0.13
2026-09-28 17:41:29,V0185,Carro,No_A_Centro,8.71,15.55,37.88,1.39
2026-09-28 17:41:30,V0185,Carro,No_A_Centro,1.04,2.37,38.86,-0.18
2026-09-28 17:41:31,V0185,Carro,No_A_Centro,49.62,10.6,42.4,1.13
2026-09-28 17:41:32,V0185,Carro,No_A_Centro,26.04,28.7,45.76,-2.51
2026-09-28 17:41:33,V0185,Carro,No_A_Centro,14.38,37.52,31.12,0.39
2026-09-28 17:41:34,V0185,Carro,No_A_Centro,17.57,45.56,46.24,-0.16
2026-09-28 17:41:35,V0185,Carro,No_A_Centro,39.23,22.86,44.31,-0.25
2026-09-28 17:41:27,V0186,Caminhao,No_B_Norte,27.62,10.33,31.52,-0.02
2026-09-28 17:41:28,V0186,Caminhao,No_B_Norte,38.05,26.93,45.83,-0.53
2026-09-28 17:41:29,V0186,Caminhao,No_B_Norte,5.67,12.12,30.62,-0.03
2026-09-28 17:41:30,V0186,Caminhao,No_B_Norte,22.94,8.27,48.36,1.46
2026-09-28 17:41:31,V0186,Caminhao,No_B_Norte,43.92,10.22,41.87,1.25
2026-09-28 17:41:32,V0186,Caminhao,No_B_Norte,22.48,40.96,39.08,-0.95
2026-09-28 17:41:33,V0186,Caminhao,No_B_Norte,34.85,6.04,40.27,-0.24
2026-09-28 17:41:34,V0186,Caminhao,No_B_Norte,40.48,22.8,29.29,0.47
2026-09-28 17:41:35,V0186,Caminhao,No_B_Norte,38.11,13.97,33.49,1.32
2026-09-28 17:41:36,V0186,Caminhao,No_B_Norte,21.84,49.61,44.73,-0.33
2026-09-28 17:41:28,V0187,Carro,No_B_Norte,33.57,40.54,37.84,-1.45
2026-09-28 17:41:29,V0187,Carro,No_B_Norte,14.05,23.5,28.2,-0.27
2026-09-28 17:41:30,V0187,Carro,No_B_Norte,10.0,38.72,40.4,0.49
2026-09-28 17:41:31,V0187,Carro,No_B_Norte,3.0,21.65,32.49,-0.35
2026-09-28 17:41:32,V0187,Carro,No_B_Norte,15.58,30.4,57.32,-0.96
2026-09-28 17:41:33,V0187,Carro,No_B_Norte,31.67,26.61,48.61,0.48
2026-09-28 17:41:34,V0187,Carro,No_B_Norte,47.93,3.43,46.16,0.82
2026-09-28 17:41:35,V0187,Carro,No_B_Norte,47.62,46.97,37.85,0.82
2026-09-28 17:41:36,V0187,Carro,No_B_Norte,1.27,19.08,42.37,1.22
2026-09-28 17:41:37,V0187,Carro,No_B_Norte,18.59,38.61,38.03,-0.62
2026-09-28 17:41:29,V0188,Carro,No_A_Centro,14.03,12.04,46.98,0.01
2026-09-28 17:41:30,V0188,Carro,No_A_Centro,36.38,4.75,33.25,0.49
2026-09-28 17:41:31,V0188,Carro,No_A_Centro,7.23,34.99,39.39,0.06
2026-09-28 17:41:32,V0188,Carro,No_A_Centro,44.3,24.65,38.01,-0.64
2026-09-28 17:41:33,V0188,Carro,No_A_Centro,0.37,34.83,37.51,-0.95
2026-09-28 17:41:34,V0188,Carro,No_A_Centro,45.14,22.32,31.23,-0.21
2026-09-28 17:41:35,V0188,Carro,No_A_Centro,31.2,38.35,36.37,-0.7
2026-09-28 17:41:36,V0188,Carro,No_A_Centro,42.49,40.7,47.75,-0.38
2026-09-28 17:41:37,V0188,Carro,No_A_Centro,2.63,32.69,38.09,0.75
2026-09-28 17:41:38,V0188,Carro,No_A_Centro,42.63,13.37,37.68,-1.16
2026-09-28 17:41:30,V0189,Onibus,No_C_Leste,33.49,33.31,38.04,-0.58
2026-09-28 17:41:31,V0189,Onibus,No_C_Leste,17.08,11.09,45.89,0.76
2026-09-28 17:41:32,V0189,Onibus,No_C_Leste,41.35,35.52,50.56,-0.58
2026-09-28 17:41:33,V0189,Onibus,No_C_Leste,49.03,20.89,37.25,0.39
2026-09-28 17:41:34,V0189,Onibus,No_C_Leste,41.0,47.49,44.86,-0.51
2026-09-28 17:41:35,V0189,Onibus,No_C_Leste,34.35,16.84,42.8,-1.23
2026-09-28 17:41:36,V0189,Onibus,No_C_Leste,36.84,29.69,47.08,2.1
2026-09-28 17:41:37,V0189,Onibus,No_C_Leste,34.73,44.46,37.65,-1.66
2026-09-28 17:41:38,V0189,Onibus,No_C_Leste,19.48,6.01,37.92,0.5
2026-09-28 17:41:39,V0189,Onibus,No_C_Leste,9.04,14.59,42.99,-1.4
2026-09-28 17:41:31,V0190,Carro,No_A_Centro,39.83,18.63,42.9,2.69
2026-09-28 17:41:32,V0190,Carro,No_A_Centro,46.26,33.51,49.86,0.05
2026-09-28 17:41:33,V0190,Carro,No_A_Centro,2.61,26.74,36.06,-1.46
2026-09-28 17:41:34,V0190,Carro,No_A_Centro,31.2,33.38,46.64,1.74
2026-09-28 17:41:35,V0190,Carro,No_A_Centro,47.35,47.8,35.86,1.82
2026-09-28 17:41:36,V0190,Carro,No_A_Centro,34.98,16.27,38.91,0.39
2026-09-28 17:41:37,V0190,Carro,No_A_Centro,47.23,34.32,50.96,-0.16
2026-09-28 17:41:38,V0190,Carro,No_A_Centro,37.63,9.34,40.05,-2.14
2026-09-28 17:41:39,V0190,Carro,No_A_Centro,22.02,11.64,37.95,0.69
2026-09-28 17:41:40,V0190,Carro,No_A_Centro,29.04,37.47,39.84,0.31
2026-09-28 17:41:32,V0191,Caminhao,No_C_Leste,47.95,34.18,42.64,1.19
2026-09-28 17:41:33,V0191,Caminhao,No_C_Leste,22.26,0.54,39.68,-0.15
2026-09-28 17:41:34,V0191,Caminhao,No_C_Leste,31.67,30.61,49.4,-0.17
2026-09-28 17:41:35,V0191,Caminhao,No_C_Leste,44.22,3.69,48.07,-1.07
2026-09-28 17:41:36,V0191,Caminhao,No_C_Leste,5.56,40.47,51.77,0.58
2026-09-28 17:41:37,V0191,Caminhao,No_C_Leste,12.35,13.75,33.65,0.14
2026-09-28 17:41:38,V0191,Caminhao,No_C_Leste,17.73,22.93,41.24,1.12
2026-09-28 17:41:39,V0191,Caminhao,No_C_Leste,1.94,28.4,39.91,0.03
2026-09-28 17:41:40,V0191,Caminhao,No_C_Leste,12.35,2.71,41.44,0.19
2026-09-28 17:41:41,V0191,Caminhao,No_C_Leste,16.99,41.77,39.79,0.71
2026-09-28 17:41:33,V0192,Carro,No_C_Leste,31.35,35.09,68.05,3.29
2026-09-28 17:41:34,V0192,Carro,No_C_Leste,37.47,34.63,60.49,2.34
2026-09-28 17:41:35,V0192,Carro,No_C_Leste,17.91,10.33,68.53,4.07
2026-09-28 17:41:36,V0192,Carro,No_C_Leste,10.27,10.37,53.66,3.3
2026-09-28 17:41:37,V0192,Carro,No_C_Leste,23.16,29.43,59.99,3.47
2026-09-28 17:41:38,V0192,Carro,No_C_Leste,27.32,24.97,66.81,4.09
2026-09-28 17:41:39,V0192,Carro,No_C_Leste,45.63,48.56,63.76,2.21
2026-09-28 17:41:40,V0192,Carro,No_C_Leste,14.45,34.72,66.74,4.65
2026-09-28 17:41:41,V0192,Carro,No_C_Leste,16.06,6.68,55.67,3.95
2026-09-28 17:41:42,V0192,Carro,No_C_Leste,23.75,1.0,69.37,4.43
2026-09-28 17:41:34,V0193,Carro,No_C_Leste,40.23,42.35,62.94,1.38
2026-09-28 17:41:35,V0193,Carro,No_C_Leste,3.86,4.72,74.27,0.64
2026-09-28 17:41:36,V0193,Carro,No_C_Leste,2.61,27.03,54.27,0.27
2026-09-28 17:41:37,V0193,Carro,No_C_Leste,40.0,30.04,62.11,1.1
2026-09-28 17:41:38,V0193,Carro,No_C_Leste,47.39,3.62,76.53,4.02
2026-09-28 17:41:39,V0193,Carro,No_C_Leste,20.09,39.14,65.04,5.12
2026-09-28 17:41:40,V0193,Carro,No_C_Leste,15.23,8.34,59.75,3.07
2026-09-28 17:41:41,V0193,Carro,No_C_Leste,42.42,18.23,75.36,4.62
2026-09-28 17:41:42,V0193,Carro,No_C_Leste,2.81,32.05,57.11,1.3
2026-09-28 17:41:43,V0193,Carro,No_C_Leste,13.03,21.26,72.54,1.73
2026-09-28 17:41:35,V0194,Carro,No_A_Centro,7.21,20.57,40.33,1.13
2026-09-28 17:41:36,V0194,Carro,No_A_Centro,0.49,28.54,42.87,-0.24
2026-09-28 17:41:37,V0194,Carro,No_A_Centro,8.2,23.15,41.15,0.18
2026-09-28 17:41:38,V0194,Carro,No_A_Centro,43.4,17.37,30.51,0.52
2026-09-28 17:41:39,V0194,Carro,No_A_Centro,35.22,18.56,43.35,0.16
2026-09-28 17:41:40,V0194,Carro,No_A_Centro,13.66,0.04,42.71,1.06
2026-09-28 17:41:41,V0194,Carro,No_A_Centro,24.49,8.55,36.3,-0.95
2026-09-28 17:41:42,V0194,Carro,No_A_Centro,14.79,35.98,35.79,-0.06
2026-09-28 17:41:43,V0194,Carro,No_A_Centro,47.54,17.72,40.06,-0.89
2026-09-28 17:41:44,V0194,Carro,No_A_Centro,43.02,6.48,41.42,-0.94
2026-09-28 17:41:36,V0195,Moto,No_C_Leste,5.21,33.58,55.48,6.89
2026-09-28 17:41:37,V0195,Moto,No_C_Leste,34.91,40.51,52.04,5.69
2026-09-28 17:41:38,V0195,Moto,No_C_Leste,17.66,21.94,50.84,2.47
2026-09-28 17:41:39,V0195,Moto,No_C_Leste,21.85,7.37,60.36,2.65
2026-09-28 17:41:40,V0195,Moto,No_C_Leste,11.9,48.95,64.72,2.31
2026-09-28 17:41:41,V0195,Moto,No_C_Leste,35.55,9.52,65.54,1.31
2026-09-28 17:41:42,V0195,Moto,No_C_Leste,8.89,10.87,58.37,2.65
2026-09-28 17:41:43,V0195,Moto,No_C_Leste,7.45,34.33,70.94,5.68
2026-09-28 17:41:44,V0195,Moto,No_C_Leste,35.06,25.51,70.43,6.22
2026-09-28 17:41:45,V0195,Moto,No_C_Leste,41.71,17.49,50.72,2.82
2026-09-28 17:41:37,V0196,Carro,No_A_Centro,42.26,46.06,32.76,0.15
2026-09-28 17:41:38,V0196,Carro,No_A_Centro,26.75,32.83,31.77,-0.22
2026-09-28 17:41:39,V0196,Carro,No_A_Centro,9.21,26.12,35.37,0.2
2026-09-28 17:41:40,V0196,Carro,No_A_Centro,30.33,18.52,35.06,2.44
2026-09-28 17:41:41,V0196,Carro,No_A_Centro,38.23,3.69,35.39,-0.32
2026-09-28 17:41:42,V0196,Carro,No_A_Centro,28.65,9.37,39.28,-0.75
2026-09-28 17:41:43,V0196,Carro,No_A_Centro,14.56,26.82,40.25,1.24
2026-09-28 17:41:44,V0196,Carro,No_A_Centro,11.26,25.37,46.96,1.4
2026-09-28 17:41:45,V0196,Carro,No_A_Centro,46.57,3.91,38.19,1.05
2026-09-28 17:41:46,V0196,Carro,No_A_Centro,26.71,37.23,42.88,1.41
2026-09-28 17:41:38,V0197,Carro,No_A_Centro,45.3,6.86,41.46,-0.57
2026-09-28 17:41:39,V0197,Carro,No_A_Centro,18.26,11.61,42.04,-1.08
2026-09-28 17:41:40,V0197,Carro,No_A_Centro,2.82,25.9,42.19,-0.08
2026-09-28 17:41:41,V0197,Carro,No_A_Centro,42.22,17.61,36.49,-1.15
2026-09-28 17:41:42,V0197,Carro,No_A_Centro,48.78,12.4,41.76,-0.07
2026-09-28 17:41:43,V0197,Carro,No_A_Centro,26.82,35.57,40.07,-0.83
2026-09-28 17:41:44,V0197,Carro,No_A_Centro,32.92,7.77,44.11,-1.01
2026-09-28 17:41:45,V0197,Carro,No_A_Centro,48.03,17.96,39.04,1.01
2026-09-28 17:41:46,V0197,Carro,No_A_Centro,13.57,3.48,32.65,-1.02
2026-09-28 17:41:47,V0197,Carro,No_A_Centro,2.37,1.81,36.71,1.22
2026-09-28 17:41:39,V0198,Moto,No_C_Leste,42.37,41.38,61.68,1.65
2026-09-28 17:41:40,V0198,Moto,No_C_Leste,25.75,17.71,78.25,0.09
2026-09-28 17:41:41,V0198,Moto,No_C_Leste,2.37,3.56,59.66,-0.8
2026-09-28 17:41:42,V0198,Moto,No_C_Leste,7.01,30.49,54.6,3.76
2026-09-28 17:41:43,V0198,Moto,No_C_Leste,17.29,29.5,64.83,2.52
2026-09-28 17:41:44,V0198,Moto,No_C_Leste,27.71,48.51,63.85,3.93
2026-09-28 17:41:45,V0198,Moto,No_C_Leste,5.62,21.66,65.21,1.36
2026-09-28 17:41:46,V0198,Moto,No_C_Leste,45.44,31.88,60.15,2.25
2026-09-28 17:41:47,V0198,Moto,No_C_Leste,5.0,12.42,64.66,4.62
2026-09-28 17:41:48,V0198,Moto,No_C_Leste,40.24,47.67,72.48,4.51
2026-09-28 17:41:40,V0199,Carro,No_A_Centro,20.18,7.03,37.69,-1.68
2026-09-28 17:41:41,V0199,Carro,No_A_Centro,6.17,44.34,40.05,-0.98
2026-09-28 17:41:42,V0199,Carro,No_A_Centro,33.06,1.75,47.33,2.37
2026-09-28 17:41:43,V0199,Carro,No_A_Centro,40.68,23.36,37.98,-1.08
2026-09-28 17:41:44,V0199,Carro,No_A_Centro,36.97,27.41,36.08,-0.69
2026-09-28 17:41:45,V0199,Carro,No_A_Centro,2.68,40.23,40.38,1.17
2026-09-28 17:41:46,V0199,Carro,No_A_Centro,12.27,46.98,29.29,1.66
2026-09-28 17:41:47,V0199,Carro,No_A_Centro,11.53,17.85,31.16,0.28
2026-09-28 17:41:48,V0199,Carro,No_A_Centro,25.92,12.91,38.18,-1.09
2026-09-28 17:41:49,V0199,Carro,No_A_Centro,4.34,13.13,42.3,-0.85
2026-09-28 17:41:41,V0200,Carro,No_B_Norte,6.88,46.69,56.69,5.73
2026-09-28 17:41:42,V0200,Carro,No_B_Norte,15.75,16.82,64.89,3.17
2026-09-28 17:41:43,V0200,Carro,No_B_Norte,14.39,30.13,79.44,2.58
2026-09-28 17:41:44,V0200,Carro,No_B_Norte,21.01,39.15,77.4,0.42
2026-09-28 17:41:45,V0200,Carro,No_B_Norte,0.03,18.88,61.47,3.56
2026-09-28 17:41:46,V0200,Carro,No_B_Norte,35.48,28.6,76.95,5.54
2026-09-28 17:41:47,V0200,Carro,No_B_Norte,33.32,9.98,44.32,4.16
2026-09-28 17:41:48,V0200,Carro,No_B_Norte,2.23,48.98,56.72,2.67
2026-09-28 17:41:49,V0200,Carro,No_B_Norte,28.96,12.3,69.25,1.17
2026-09-28 17:41:50,V0200,Carro,No_B_Norte,35.54,8.74,65.09,4.63
2026-09-28 17:41:42,V0201,Onibus,No_B_Norte,7.09,0.24,71.66,2.51
2026-09-28 17:41:43,V0201,Onibus,No_B_Norte,5.47,42.9,61.01,2.21
2026-09-28 17:41:44,V0201,Onibus,No_B_Norte,22.29,18.85,59.01,4.57
2026-09-28 17:41:45,V0201,Onibus,No_B_Norte,47.67,3.06,66.23,3.23
2026-09-28 17:41:46,V0201,Onibus,No_B_Norte,22.7,32.62,71.66,1.27
2026-09-28 17:41:47,V0201,Onibus,No_B_Norte,21.9,18.95,75.17,0.9
2026-09-28 17:41:48,V0201,Onibus,No_B_Norte,30.81,37.22,60.59,3.45
2026-09-28 17:41:49,V0201,Onibus,No_B_Norte,45.15,6.97,65.08,2.48
2026-09-28 17:41:50,V0201,Onibus,No_B_Norte,11.1,17.71,54.06,2.07
2026-09-28 17:41:51,V0201,Onibus,No_B_Norte,19.33,40.2,60.32,4.45
2026-09-28 17:41:43,V0202,Carro,No_C_Leste,19.27,37.68,57.83,2.49
2026-09-28 17:41:44,V0202,Carro,No_C_Leste,20.49,26.25,67.43,6.28
2026-09-28 17:41:45,V0202,Carro,No_C_Leste,27.33,19.22,54.24,4.27
2026-09-28 17:41:46,V0202,Carro,No_C_Leste,44.06,13.99,72.89,4.11
2026-09-28 17:41:47,V0202,Carro,No_C_Leste,49.27,21.78,81.84,4.74
2026-09-28 17:41:48,V0202,Carro,No_C_Leste,47.0,49.08,62.13,3.52
2026-09-28 17:41:49,V0202,Carro,No_C_Leste,49.0,33.72,65.45,1.16
2026-09-28 17:41:50,V0202,Carro,No_C_Leste,47.29,20.46,76.45,2.48
2026-09-28 17:41:51,V0202,Carro,No_C_Leste,7.73,5.32,66.37,1.97
2026-09-28 17:41:52,V0202,Carro,No_C_Leste,9.89,33.09,72.15,5.22
2026-09-28 17:41:44,V0203,Moto,No_A_Centro,10.78,26.11,35.69,-0.11
2026-09-28 17:41:45,V0203,Moto,No_A_Centro,1.53,37.95,41.45,-1.34
2026-09-28 17:41:46,V0203,Moto,No_A_Centro,10.83,1.37,39.1,0.19
2026-09-28 17:41:47,V0203,Moto,No_A_Centro,42.05,30.27,35.63,-0.14
2026-09-28 17:41:48,V0203,Moto,No_A_Centro,6.73,31.68,41.72,0.08
2026-09-28 17:41:49,V0203,Moto,No_A_Centro,41.96,0.54,42.92,-1.09
2026-09-28 17:41:50,V0203,Moto,No_A_Centro,36.0,17.8,37.3,-0.38
2026-09-28 17:41:51,V0203,Moto,No_A_Centro,37.17,24.67,39.58,0.53
2026-09-28 17:41:52,V0203,Moto,No_A_Centro,37.51,0.32,50.54,-2.91
2026-09-28 17:41:53,V0203,Moto,No_A_Centro,14.38,29.41,38.4,-0.33
2026-09-28 17:41:45,V0204,Carro,No_B_Norte,35.44,14.8,113.59,8.11
2026-09-28 17:41:46,V0204,Carro,No_B_Norte,15.53,8.8,83.31,4.97
2026-09-28 17:41:47,V0204,Carro,No_B_Norte,35.53,16.61,100.0,3.89
2026-09-28 17:41:48,V0204,Carro,No_B_Norte,42.84,15.68,72.42,2.38
2026-09-28 17:41:49,V0204,Carro,No_B_Norte,7.1,15.61,87.67,7.14
2026-09-28 17:41:50,V0204,Carro,No_B_Norte,21.74,20.77,80.97,4.19
2026-09-28 17:41:51,V0204,Carro,No_B_Norte,48.34,12.1,86.0,3.72
2026-09-28 17:41:52,V0204,Carro,No_B_Norte,3.78,23.25,75.0,1.54
2026-09-28 17:41:53,V0204,Carro,No_B_Norte,35.54,23.8,91.07,2.44
2026-09-28 17:41:54,V0204,Carro,No_B_Norte,33.47,35.18,81.2,4.17
2026-09-28 17:41:46,V0205,Carro,No_C_Leste,49.26,44.86,39.62,-0.59
2026-09-28 17:41:47,V0205,Carro,No_C_Leste,37.51,17.49,37.85,-0.31
2026-09-28 17:41:48,V0205,Carro,No_C_Leste,29.7,34.7,45.52,2.25
2026-09-28 17:41:49,V0205,Carro,No_C_Leste,29.37,14.89,43.37,0.36
2026-09-28 17:41:50,V0205,Carro,No_C_Leste,26.93,35.53,32.19,-1.67
2026-09-28 17:41:51,V0205,Carro,No_C_Leste,18.03,41.89,48.24,-1.86
2026-09-28 17:41:52,V0205,Carro,No_C_Leste,31.95,9.1,41.71,0.15
2026-09-28 17:41:53,V0205,Carro,No_C_Leste,29.85,22.19,35.53,0.97
2026-09-28 17:41:54,V0205,Carro,No_C_Leste,46.4,34.85,40.22,0.77
2026-09-28 17:41:55,V0205,Carro,No_C_Leste,35.12,24.79,43.7,-1.54
2026-09-28 17:41:47,V0206,Carro,No_B_Norte,26.09,29.14,42.16,0.28
2026-09-28 17:41:48,V0206,Carro,No_B_Norte,1.29,47.35,43.35,1.61
2026-09-28 17:41:49,V0206,Carro,No_B_Norte,37.17,25.41,41.56,1.26
2026-09-28 17:41:50,V0206,Carro,No_B_Norte,26.23,11.16,39.85,1.88
2026-09-28 17:41:51,V0206,Carro,No_B_Norte,33.56,48.03,39.15,0.4
2026-09-28 17:41:52,V0206,Carro,No_B_Norte,12.46,36.98,37.35,-0.5
2026-09-28 17:41:53,V0206,Carro,No_B_Norte,31.68,8.77,35.39,0.0
2026-09-28 17:41:54,V0206,Carro,No_B_Norte,20.61,6.66,33.74,-0.22
2026-09-28 17:41:55,V0206,Carro,No_B_Norte,49.76,28.61,49.7,0.43
2026-09-28 17:41:56,V0206,Carro,No_B_Norte,42.91,38.22,39.11,1.47
2026-09-28 17:41:48,V0207,Onibus,No_A_Centro,6.57,25.7,58.68,1.09
2026-09-28 17:41:49,V0207,Onibus,No_A_Centro,49.81,39.61,71.64,2.97
2026-09-28 17:41:50,V0207,Onibus,No_A_Centro,2.41,31.74,62.58,1.45
2026-09-28 17:41:51,V0207,Onibus,No_A_Centro,33.85,9.42,68.17,2.37
2026-09-28 17:41:52,V0207,Onibus,No_A_Centro,2.96,1.98,65.2,4.96
2026-09-28 17:41:53,V0207,Onibus,No_A_Centro,42.77,36.88,73.56,0.93
2026-09-28 17:41:54,V0207,Onibus,No_A_Centro,15.34,30.71,62.36,1.18
2026-09-28 17:41:55,V0207,Onibus,No_A_Centro,2.08,15.53,67.71,3.27
2026-09-28 17:41:56,V0207,Onibus,No_A_Centro,40.19,2.48,74.78,3.41
2026-09-28 17:41:57,V0207,Onibus,No_A_Centro,29.34,27.35,60.27,4.04
2026-09-28 17:41:49,V0208,Carro,No_A_Centro,48.22,43.83,80.86,1.83
2026-09-28 17:41:50,V0208,Carro,No_A_Centro,28.91,6.67,82.83,6.2
2026-09-28 17:41:51,V0208,Carro,No_A_Centro,39.09,24.03,90.22,6.07
2026-09-28 17:41:52,V0208,Carro,No_A_Centro,37.69,41.91,96.85,5.04
2026-09-28 17:41:53,V0208,Carro,No_A_Centro,21.32,41.99,79.46,1.95
2026-09-28 17:41:54,V0208,Carro,No_A_Centro,36.7,17.32,75.5,5.3
2026-09-28 17:41:55,V0208,Carro,No_A_Centro,24.64,33.46,62.62,1.14
2026-09-28 17:41:56,V0208,Carro,No_A_Centro,18.47,2.0,66.76,6.37
2026-09-28 17:41:57,V0208,Carro,No_A_Centro,11.49,44.51,61.55,9.47
2026-09-28 17:41:58,V0208,Carro,No_A_Centro,32.55,6.16,96.92,5.92
2026-09-28 17:41:50,V0209,Carro,No_C_Leste,48.95,21.4,65.59,1.32
2026-09-28 17:41:51,V0209,Carro,No_C_Leste,24.01,2.31,71.81,3.36
2026-09-28 17:41:52,V0209,Carro,No_C_Leste,9.22,5.6,73.39,5.53
2026-09-28 17:41:53,V0209,Carro,No_C_Leste,9.81,9.75,56.77,1.65
2026-09-28 17:41:54,V0209,Carro,No_C_Leste,22.15,22.2,60.64,5.48
2026-09-28 17:41:55,V0209,Carro,No_C_Leste,36.2,40.03,65.29,4.77
2026-09-28 17:41:56,V0209,Carro,No_C_Leste,31.73,5.41,67.58,2.88
2026-09-28 17:41:57,V0209,Carro,No_C_Leste,49.14,29.45,71.85,2.9
2026-09-28 17:41:58,V0209,Carro,No_C_Leste,5.11,23.18,63.67,1.75
2026-09-28 17:41:59,V0209,Carro,No_C_Leste,26.19,32.24,54.96,8.31
2026-09-28 17:41:51,V0210,Carro,No_B_Norte,7.4,22.35,34.95,0.93
2026-09-28 17:41:52,V0210,Carro,No_B_Norte,24.04,37.3,34.02,0.12
2026-09-28 17:41:53,V0210,Carro,No_B_Norte,20.42,20.2,43.18,0.59
2026-09-28 17:41:54,V0210,Carro,No_B_Norte,25.8,29.09,44.93,1.5
2026-09-28 17:41:55,V0210,Carro,No_B_Norte,11.8,29.19,33.53,-0.2
2026-09-28 17:41:56,V0210,Carro,No_B_Norte,25.01,23.35,33.86,-1.75
2026-09-28 17:41:57,V0210,Carro,No_B_Norte,11.86,44.09,46.0,-0.09
2026-09-28 17:41:58,V0210,Carro,No_B_Norte,27.63,40.23,37.83,-0.58
2026-09-28 17:41:59,V0210,Carro,No_B_Norte,30.94,42.02,39.96,-0.85
2026-09-28 17:42:00,V0210,Carro,No_B_Norte,9.97,12.78,39.63,0.58
2026-09-28 17:41:52,V0211,Carro,No_C_Leste,43.15,2.79,61.37,4.17
2026-09-28 17:41:53,V0211,Carro,No_C_Leste,5.96,29.76,75.35,3.87
2026-09-28 17:41:54,V0211,Carro,No_C_Leste,24.36,11.91,69.49,0.03
2026-09-28 17:41:55,V0211,Carro,No_C_Leste,0.54,9.3,77.79,0.74
2026-09-28 17:41:56,V0211,Carro,No_C_Leste,28.85,14.42,75.6,2.74
2026-09-28 17:41:57,V0211,Carro,No_C_Leste,37.38,20.22,47.9,3.56
2026-09-28 17:41:58,V0211,Carro,No_C_Leste,44.47,32.86,67.01,5.11
2026-09-28 17:41:59,V0211,Carro,No_C_Leste,30.46,48.3,70.51,2.17
2026-09-28 17:42:00,V0211,Carro,No_C_Leste,13.35,15.22,64.8,2.94
2026-09-28 17:42:01,V0211,Carro,No_C_Leste,36.8,23.15,76.96,5.9
2026-09-28 17:41:53,V0212,Caminhao,No_B_Norte,10.56,33.01,46.42,1.5
2026-09-28 17:41:54,V0212,Caminhao,No_B_Norte,34.89,21.43,42.81,1.78
2026-09-28 17:41:55,V0212,Caminhao,No_B_Norte,26.96,20.59,46.27,0.12
2026-09-28 17:41:56,V0212,Caminhao,No_B_Norte,33.15,44.14,42.06,0.07
2026-09-28 17:41:57,V0212,Caminhao,No_B_Norte,3.06,33.52,44.64,2.27
2026-09-28 17:41:58,V0212,Caminhao,No_B_Norte,45.62,27.36,39.31,1.98
2026-09-28 17:41:59,V0212,Caminhao,No_B_Norte,36.93,28.12,45.11,0.42
2026-09-28 17:42:00,V0212,Caminhao,No_B_Norte,13.44,12.01,50.83,-0.52
2026-09-28 17:42:01,V0212,Caminhao,No_B_Norte,22.06,37.56,45.46,0.64
2026-09-28 17:42:02,V0212,Caminhao,No_B_Norte,27.88,18.22,32.31,1.05
2026-09-28 17:41:54,V0213,Carro,No_C_Leste,15.33,9.91,56.68,3.65
2026-09-28 17:41:55,V0213,Carro,No_C_Leste,32.65,3.06,54.88,2.64
2026-09-28 17:41:56,V0213,Carro,No_C_Leste,25.05,39.74,67.59,4.42
2026-09-28 17:41:57,V0213,Carro,No_C_Leste,20.43,32.12,61.19,5.89
2026-09-28 17:41:58,V0213,Carro,No_C_Leste,33.35,49.11,62.89,-1.26
2026-09-28 17:41:59,V0213,Carro,No_C_Leste,23.38,47.62,60.95,4.71
2026-09-28 17:42:00,V0213,Carro,No_C_Leste,25.91,14.69,72.14,6.24
2026-09-28 17:42:01,V0213,Carro,No_C_Leste,9.81,48.24,57.18,1.74
2026-09-28 17:42:02,V0213,Carro,No_C_Leste,43.1,36.39,70.61,2.87
2026-09-28 17:42:03,V0213,Carro,No_C_Leste,7.86,31.27,67.34,2.78
2026-09-28 17:41:55,V0214,Carro,No_B_Norte,49.6,44.95,40.8,0.2
2026-09-28 17:41:56,V0214,Carro,No_B_Norte,12.03,43.38,44.76,-0.59
2026-09-28 17:41:57,V0214,Carro,No_B_Norte,20.57,0.62,34.17,0.46
2026-09-28 17:41:58,V0214,Carro,No_B_Norte,15.27,43.88,32.27,-0.37
2026-09-28 17:41:59,V0214,Carro,No_B_Norte,44.45,6.56,41.5,-0.94
2026-09-28 17:42:00,V0214,Carro,No_B_Norte,21.75,27.31,46.71,-0.22
2026-09-28 17:42:01,V0214,Carro,No_B_Norte,47.16,49.74,39.14,-0.51
2026-09-28 17:42:02,V0214,Carro,No_B_Norte,26.54,33.37,53.47,0.29
2026-09-28 17:42:03,V0214,Carro,No_B_Norte,18.13,0.31,35.35,0.21
2026-09-28 17:42:04,V0214,Carro,No_B_Norte,23.29,19.06,39.18,1.39
2026-09-28 17:41:56,V0215,Carro,No_A_Centro,31.6,43.55,36.46,0.01
2026-09-28 17:41:57,V0215,Carro,No_A_Centro,6.05,12.83,30.05,-0.26
2026-09-28 17:41:58,V0215,Carro,No_A_Centro,41.56,7.44,42.04,-0.43
2026-09-28 17:41:59,V0215,Carro,No_A_Centro,32.87,16.34,43.57,0.97
2026-09-28 17:42:00,V0215,Carro,No_A_Centro,9.42,40.01,43.46,1.27
2026-09-28 17:42:01,V0215,Carro,No_A_Centro,35.41,39.05,35.07,0.1
2026-09-28 17:42:02,V0215,Carro,No_A_Centro,46.86,32.03,41.3,1.0
2026-09-28 17:42:03,V0215,Carro,No_A_Centro,25.56,43.03,35.31,0.88
2026-09-28 17:42:04,V0215,Carro,No_A_Centro,34.05,38.7,39.0,0.34
2026-09-28 17:42:05,V0215,Carro,No_A_Centro,29.15,34.8,41.15,-0.41
2026-09-28 17:41:57,V0216,Onibus,No_B_Norte,28.99,38.69,36.02,-0.5
2026-09-28 17:41:58,V0216,Onibus,No_B_Norte,43.88,10.77,42.98,0.29
2026-09-28 17:41:59,V0216,Onibus,No_B_Norte,44.1,35.84,47.86,1.89
2026-09-28 17:42:00,V0216,Onibus,No_B_Norte,39.81,25.93,44.03,0.33
2026-09-28 17:42:01,V0216,Onibus,No_B_Norte,12.94,42.44,43.58,-0.03
2026-09-28 17:42:02,V0216,Onibus,No_B_Norte,5.82,36.55,39.87,0.63
2026-09-28 17:42:03,V0216,Onibus,No_B_Norte,15.51,17.17,38.77,-1.38
2026-09-28 17:42:04,V0216,Onibus,No_B_Norte,29.8,43.21,32.58,-0.98
2026-09-28 17:42:05,V0216,Onibus,No_B_Norte,40.28,20.71,38.29,-0.47
2026-09-28 17:42:06,V0216,Onibus,No_B_Norte,34.45,30.55,47.76,0.11
2026-09-28 17:41:58,V0217,Carro,No_A_Centro,19.32,30.04,33.51,0.05
2026-09-28 17:41:59,V0217,Carro,No_A_Centro,26.86,25.96,48.0,0.44
2026-09-28 17:42:00,V0217,Carro,No_A_Centro,11.59,3.63,43.65,1.43
2026-09-28 17:42:01,V0217,Carro,No_A_Centro,35.58,38.42,45.59,-0.71
2026-09-28 17:42:02,V0217,Carro,No_A_Centro,4.44,7.27,42.45,-1.27
2026-09-28 17:42:03,V0217,Carro,No_A_Centro,30.43,36.47,28.26,-1.49
2026-09-28 17:42:04,V0217,Carro,No_A_Centro,38.67,46.18,34.44,-1.2
2026-09-28 17:42:05,V0217,Carro,No_A_Centro,35.65,41.14,34.62,0.25
2026-09-28 17:42:06,V0217,Carro,No_A_Centro,6.81,6.1,36.92,1.88
2026-09-28 17:42:07,V0217,Carro,No_A_Centro,19.65,38.6,44.38,2.14
2026-09-28 17:41:59,V0218,Carro,No_B_Norte,24.87,45.48,32.1,0.77
2026-09-28 17:42:00,V0218,Carro,No_B_Norte,19.99,3.85,39.9,-0.42
2026-09-28 17:42:01,V0218,Carro,No_B_Norte,18.89,37.63,37.57,2.06
2026-09-28 17:42:02,V0218,Carro,No_B_Norte,29.41,44.92,34.4,-0.34
2026-09-28 17:42:03,V0218,Carro,No_B_Norte,29.97,28.6,34.96,-0.11
2026-09-28 17:42:04,V0218,Carro,No_B_Norte,36.27,46.1,37.89,-0.49
2026-09-28 17:42:05,V0218,Carro,No_B_Norte,28.65,29.22,46.02,1.06
2026-09-28 17:42:06,V0218,Carro,No_B_Norte,46.52,15.98,48.54,0.5
2026-09-28 17:42:07,V0218,Carro,No_B_Norte,18.69,14.1,35.42,-0.52
2026-09-28 17:42:08,V0218,Carro,No_B_Norte,14.55,49.38,39.74,0.99
2026-09-28 17:42:00,V0219,Carro,No_B_Norte,27.39,8.37,45.69,-0.77
2026-09-28 17:42:01,V0219,Carro,No_B_Norte,17.9,23.79,47.3,1.26
2026-09-28 17:42:02,V0219,Carro,No_B_Norte,48.7,2.98,31.48,-0.88
2026-09-28 17:42:03,V0219,Carro,No_B_Norte,19.88,42.55,33.13,0.7
2026-09-28 17:42:04,V0219,Carro,No_B_Norte,10.27,41.3,42.2,1.23
2026-09-28 17:42:05,V0219,Carro,No_B_Norte,38.1,27.33,35.61,0.46
2026-09-28 17:42:06,V0219,Carro,No_B_Norte,27.95,7.57,36.81,0.83
2026-09-28 17:42:07,V0219,Carro,No_B_Norte,17.16,30.55,37.48,1.08
2026-09-28 17:42:08,V0219,Carro,No_B_Norte,44.2,47.21,42.95,0.83
2026-09-28 17:42:09,V0219,Carro,No_B_Norte,39.12,6.19,34.86,-0.33
2026-09-28 17:42:01,V0220,Carro,No_A_Centro,26.45,28.62,42.69,-0.8
2026-09-28 17:42:02,V0220,Carro,No_A_Centro,23.58,28.96,42.77,-0.08
2026-09-28 17:42:03,V0220,Carro,No_A_Centro,28.04,29.19,38.64,-0.11
2026-09-28 17:42:04,V0220,Carro,No_A_Centro,7.52,19.3,35.58,0.65
2026-09-28 17:42:05,V0220,Carro,No_A_Centro,38.26,37.45,44.76,-0.19
2026-09-28 17:42:06,V0220,Carro,No_A_Centro,24.03,3.38,39.49,-0.45
2026-09-28 17:42:07,V0220,Carro,No_A_Centro,4.16,23.31,33.02,0.49
2026-09-28 17:42:08,V0220,Carro,No_A_Centro,16.94,41.53,40.2,-0.17
2026-09-28 17:42:09,V0220,Carro,No_A_Centro,1.92,3.11,27.23,1.41
2026-09-28 17:42:10,V0220,Carro,No_A_Centro,4.7,16.4,44.93,0.06
2026-09-28 17:42:02,V0221,Carro,No_B_Norte,19.55,7.82,67.34,5.91
2026-09-28 17:42:03,V0221,Carro,No_B_Norte,29.14,47.79,73.16,3.46
2026-09-28 17:42:04,V0221,Carro,No_B_Norte,19.67,20.06,104.42,8.23
2026-09-28 17:42:05,V0221,Carro,No_B_Norte,14.41,25.35,87.81,3.46
2026-09-28 17:42:06,V0221,Carro,No_B_Norte,44.62,18.13,59.03,4.56
2026-09-28 17:42:07,V0221,Carro,No_B_Norte,41.52,9.71,89.45,6.35
2026-09-28 17:42:08,V0221,Carro,No_B_Norte,43.73,32.71,80.67,2.3
2026-09-28 17:42:09,V0221,Carro,No_B_Norte,13.07,11.98,96.79,9.59
2026-09-28 17:42:10,V0221,Carro,No_B_Norte,19.78,19.56,93.06,4.16
2026-09-28 17:42:11,V0221,Carro,No_B_Norte,32.69,34.32,64.52,2.9
2026-09-28 17:42:03,V0222,Carro,No_A_Centro,11.84,15.4,33.94,0.35
2026-09-28 17:42:04,V0222,Carro,No_A_Centro,47.54,29.63,32.99,-1.22
2026-09-28 17:42:05,V0222,Carro,No_A_Centro,24.38,10.47,34.45,0.53
2026-09-28 17:42:06,V0222,Carro,No_A_Centro,25.83,1.47,38.81,-1.43
2026-09-28 17:42:07,V0222,Carro,No_A_Centro,21.66,33.81,45.1,1.05
2026-09-28 17:42:08,V0222,Carro,No_A_Centro,36.84,13.76,38.53,0.19
2026-09-28 17:42:09,V0222,Carro,No_A_Centro,46.84,42.17,53.7,1.04
2026-09-28 17:42:10,V0222,Carro,No_A_Centro,19.18,25.03,36.9,-0.25
2026-09-28 17:42:11,V0222,Carro,No_A_Centro,6.52,26.64,42.05,0.17
2026-09-28 17:42:12,V0222,Carro,No_A_Centro,20.49,26.06,33.07,-0.56
2026-09-28 17:42:04,V0223,Carro,No_A_Centro,2.33,29.84,46.62,-0.3
2026-09-28 17:42:05,V0223,Carro,No_A_Centro,48.71,46.49,40.04,-0.9
2026-09-28 17:42:06,V0223,Carro,No_A_Centro,39.55,4.57,24.93,0.4
2026-09-28 17:42:07,V0223,Carro,No_A_Centro,5.73,39.52,43.75,0.07
2026-09-28 17:42:08,V0223,Carro,No_A_Centro,4.21,5.53,41.9,-1.68
2026-09-28 17:42:09,V0223,Carro,No_A_Centro,19.1,23.08,45.95,0.97
2026-09-28 17:42:10,V0223,Carro,No_A_Centro,38.61,48.67,43.69,0.16
2026-09-28 17:42:11,V0223,Carro,No_A_Centro,46.13,31.45,36.47,-0.56
2026-09-28 17:42:12,V0223,Carro,No_A_Centro,47.18,37.89,37.67,-0.06
2026-09-28 17:42:13,V0223,Carro,No_A_Centro,1.91,38.97,50.52,0.79
2026-09-28 17:42:05,V0224,Onibus,No_C_Leste,11.67,31.73,38.09,0.26
2026-09-28 17:42:06,V0224,Onibus,No_C_Leste,28.25,23.35,42.11,-0.37
2026-09-28 17:42:07,V0224,Onibus,No_C_Leste,2.78,6.63,39.38,-2.42
2026-09-28 17:42:08,V0224,Onibus,No_C_Leste,1.6,12.87,31.66,-0.79
2026-09-28 17:42:09,V0224,Onibus,No_C_Leste,38.17,43.38,45.2,1.48
2026-09-28 17:42:10,V0224,Onibus,No_C_Leste,25.11,14.64,46.89,0.21
2026-09-28 17:42:11,V0224,Onibus,No_C_Leste,46.91,48.91,37.2,-0.11
2026-09-28 17:42:12,V0224,Onibus,No_C_Leste,36.63,5.56,39.63,0.96
2026-09-28 17:42:13,V0224,Onibus,No_C_Leste,5.11,22.88,47.95,-0.18
2026-09-28 17:42:14,V0224,Onibus,No_C_Leste,46.4,4.08,46.39,0.46
2026-09-28 17:42:06,V0225,Carro,No_A_Centro,7.62,42.7,37.71,1.8
2026-09-28 17:42:07,V0225,Carro,No_A_Centro,10.73,16.24,45.29,-1.99
2026-09-28 17:42:08,V0225,Carro,No_A_Centro,37.02,28.82,41.5,0.01
2026-09-28 17:42:09,V0225,Carro,No_A_Centro,15.5,16.15,42.51,-2.27
2026-09-28 17:42:10,V0225,Carro,No_A_Centro,37.3,20.14,33.91,1.42
2026-09-28 17:42:11,V0225,Carro,No_A_Centro,33.51,22.2,47.78,-0.55
2026-09-28 17:42:12,V0225,Carro,No_A_Centro,23.77,37.04,40.36,0.85
2026-09-28 17:42:13,V0225,Carro,No_A_Centro,4.32,25.6,33.97,-0.65
2026-09-28 17:42:14,V0225,Carro,No_A_Centro,26.94,45.17,42.6,0.05
2026-09-28 17:42:15,V0225,Carro,No_A_Centro,8.39,18.1,44.44,0.58
2026-09-28 17:42:07,V0226,Moto,No_A_Centro,46.29,40.97,40.09,-0.66
2026-09-28 17:42:08,V0226,Moto,No_A_Centro,13.25,4.65,43.7,-0.39
2026-09-28 17:42:09,V0226,Moto,No_A_Centro,8.17,0.86,44.54,-0.92
2026-09-28 17:42:10,V0226,Moto,No_A_Centro,18.31,48.04,39.69,-0.67
2026-09-28 17:42:11,V0226,Moto,No_A_Centro,22.89,48.41,33.56,-0.71
2026-09-28 17:42:12,V0226,Moto,No_A_Centro,24.67,31.74,40.88,0.01
2026-09-28 17:42:13,V0226,Moto,No_A_Centro,25.27,44.79,42.92,0.84
2026-09-28 17:42:14,V0226,Moto,No_A_Centro,3.2,34.35,40.12,0.57
2026-09-28 17:42:15,V0226,Moto,No_A_Centro,19.56,38.32,41.94,-0.37
2026-09-28 17:42:16,V0226,Moto,No_A_Centro,19.53,39.93,39.14,-0.68
2026-09-28 17:42:08,V0227,Carro,No_C_Leste,18.79,8.44,35.39,1.0
2026-09-28 17:42:09,V0227,Carro,No_C_Leste,28.16,20.16,37.12,-0.06
2026-09-28 17:42:10,V0227,Carro,No_C_Leste,39.39,40.91,38.13,0.42
2026-09-28 17:42:11,V0227,Carro,No_C_Leste,32.0,5.55,37.61,-0.87
2026-09-28 17:42:12,V0227,Carro,No_C_Leste,42.27,9.15,41.87,1.95
2026-09-28 17:42:13,V0227,Carro,No_C_Leste,39.73,22.99,44.72,-2.46
2026-09-28 17:42:14,V0227,Carro,No_C_Leste,18.7,25.32,47.86,0.3
2026-09-28 17:42:15,V0227,Carro,No_C_Leste,12.7,9.44,46.33,-1.03
2026-09-28 17:42:16,V0227,Carro,No_C_Leste,15.95,38.51,46.97,0.71
2026-09-28 17:42:17,V0227,Carro,No_C_Leste,13.52,30.92,42.13,-0.38
2026-09-28 17:42:09,V0228,Carro,No_B_Norte,43.67,4.71,28.42,1.02
2026-09-28 17:42:10,V0228,Carro,No_B_Norte,1.61,22.62,42.65,-0.28
2026-09-28 17:42:11,V0228,Carro,No_B_Norte,35.0,32.41,35.24,0.19
2026-09-28 17:42:12,V0228,Carro,No_B_Norte,0.27,7.24,50.06,-0.8
2026-09-28 17:42:13,V0228,Carro,No_B_Norte,49.36,31.48,38.44,1.46
2026-09-28 17:42:14,V0228,Carro,No_B_Norte,6.79,10.22,45.4,0.3
2026-09-28 17:42:15,V0228,Carro,No_B_Norte,49.39,40.22,43.26,0.79
2026-09-28 17:42:16,V0228,Carro,No_B_Norte,12.97,35.76,43.59,1.17
2026-09-28 17:42:17,V0228,Carro,No_B_Norte,0.36,10.8,38.98,0.06
2026-09-28 17:42:18,V0228,Carro,No_B_Norte,12.3,35.18,43.4,-1.39
2026-09-28 17:42:10,V0229,Carro,No_B_Norte,24.02,43.45,43.52,0.89
2026-09-28 17:42:11,V0229,Carro,No_B_Norte,6.96,7.79,38.25,-1.46
2026-09-28 17:42:12,V0229,Carro,No_B_Norte,0.17,22.64,35.47,-0.93
2026-09-28 17:42:13,V0229,Carro,No_B_Norte,48.82,10.12,32.96,-2.15
2026-09-28 17:42:14,V0229,Carro,No_B_Norte,32.24,26.59,33.64,0.14
2026-09-28 17:42:15,V0229,Carro,No_B_Norte,37.56,47.52,37.67,0.82
2026-09-28 17:42:16,V0229,Carro,No_B_Norte,0.5,36.28,35.96,0.02
2026-09-28 17:42:17,V0229,Carro,No_B_Norte,31.27,42.74,41.82,-0.96
2026-09-28 17:42:18,V0229,Carro,No_B_Norte,29.45,35.38,44.0,-0.58
2026-09-28 17:42:19,V0229,Carro,No_B_Norte,6.14,15.88,36.81,-1.45
2026-09-28 17:42:11,V0230,Carro,No_B_Norte,24.89,38.58,37.72,0.07
2026-09-28 17:42:12,V0230,Carro,No_B_Norte,41.27,26.02,42.94,1.3
2026-09-28 17:42:13,V0230,Carro,No_B_Norte,19.04,22.74,44.29,-0.47
2026-09-28 17:42:14,V0230,Carro,No_B_Norte,49.29,19.4,35.64,-0.67
2026-09-28 17:42:15,V0230,Carro,No_B_Norte,23.86,34.43,45.89,-0.78
2026-09-28 17:42:16,V0230,Carro,No_B_Norte,7.9,18.23,44.87,1.34
2026-09-28 17:42:17,V0230,Carro,No_B_Norte,3.81,13.76,34.87,-0.93
2026-09-28 17:42:18,V0230,Carro,No_B_Norte,7.77,8.12,41.7,0.85
2026-09-28 17:42:19,V0230,Carro,No_B_Norte,0.41,34.29,32.13,-1.23
2026-09-28 17:42:20,V0230,Carro,No_B_Norte,39.28,27.45,36.52,1.77
2026-09-28 17:42:12,V0231,Caminhao,No_B_Norte,21.26,33.56,33.47,-0.48
2026-09-28 17:42:13,V0231,Caminhao,No_B_Norte,20.55,6.62,47.67,0.76
2026-09-28 17:42:14,V0231,Caminhao,No_B_Norte,44.11,41.31,40.08,-0.69
2026-09-28 17:42:15,V0231,Caminhao,No_B_Norte,36.46,41.29,37.39,0.03
2026-09-28 17:42:16,V0231,Caminhao,No_B_Norte,13.51,6.59,38.01,1.4
2026-09-28 17:42:17,V0231,Caminhao,No_B_Norte,26.01,4.68,44.77,-0.0
2026-09-28 17:42:18,V0231,Caminhao,No_B_Norte,1.3,16.41,48.26,-0.53
2026-09-28 17:42:19,V0231,Caminhao,No_B_Norte,29.21,35.77,31.87,0.8
2026-09-28 17:42:20,V0231,Caminhao,No_B_Norte,6.65,12.52,40.94,-0.02
2026-09-28 17:42:21,V0231,Caminhao,No_B_Norte,12.97,21.22,32.95,-0.88
2026-09-28 17:42:13,V0232,Carro,No_A_Centro,46.13,35.94,37.83,0.25
2026-09-28 17:42:14,V0232,Carro,No_A_Centro,10.21,9.53,42.31,-2.29
2026-09-28 17:42:15,V0232,Carro,No_A_Centro,25.0,32.06,37.31,0.08
2026-09-28 17:42:16,V0232,Carro,No_A_Centro,8.85,42.02,44.73,0.75
2026-09-28 17:42:17,V0232,Carro,No_A_Centro,20.67,21.64,36.34,1.62
2026-09-28 17:42:18,V0232,Carro,No_A_Centro,38.57,38.06,41.95,0.48
2026-09-28 17:42:19,V0232,Carro,No_A_Centro,40.14,4.47,38.31,1.42
2026-09-28 17:42:20,V0232,Carro,No_A_Centro,9.63,39.29,39.62,1.68
2026-09-28 17:42:21,V0232,Carro,No_A_Centro,40.9,19.07,38.79,-1.66
2026-09-28 17:42:22,V0232,Carro,No_A_Centro,7.51,45.39,35.39,-0.87
2026-09-28 17:42:14,V0233,Carro,No_C_Leste,5.7,38.41,39.44,1.46
2026-09-28 17:42:15,V0233,Carro,No_C_Leste,28.32,1.86,35.4,0.63
2026-09-28 17:42:16,V0233,Carro,No_C_Leste,40.33,18.22,43.6,-0.2
2026-09-28 17:42:17,V0233,Carro,No_C_Leste,39.93,39.39,41.92,0.17
2026-09-28 17:42:18,V0233,Carro,No_C_Leste,5.15,26.76,37.42,0.05
2026-09-28 17:42:19,V0233,Carro,No_C_Leste,4.51,35.99,41.79,-1.14
2026-09-28 17:42:20,V0233,Carro,No_C_Leste,37.88,43.21,43.08,-1.04
2026-09-28 17:42:21,V0233,Carro,No_C_Leste,9.05,47.2,42.53,0.08
2026-09-28 17:42:22,V0233,Carro,No_C_Leste,4.53,30.18,38.8,-1.4
2026-09-28 17:42:23,V0233,Carro,No_C_Leste,49.18,11.01,40.11,-1.44
2026-09-28 17:42:15,V0234,Carro,No_B_Norte,23.92,35.35,58.33,3.31
2026-09-28 17:42:16,V0234,Carro,No_B_Norte,37.98,40.78,44.53,2.09
2026-09-28 17:42:17,V0234,Carro,No_B_Norte,1.17,4.05,67.43,1.39
2026-09-28 17:42:18,V0234,Carro,No_B_Norte,41.28,48.48,56.19,4.1
2026-09-28 17:42:19,V0234,Carro,No_B_Norte,28.63,14.52,62.75,2.5
2026-09-28 17:42:20,V0234,Carro,No_B_Norte,47.98,10.35,69.22,-0.19
2026-09-28 17:42:21,V0234,Carro,No_B_Norte,11.99,39.71,52.97,4.52
2026-09-28 17:42:22,V0234,Carro,No_B_Norte,14.36,37.96,61.46,0.55
2026-09-28 17:42:23,V0234,Carro,No_B_Norte,43.75,33.98,63.36,6.19
2026-09-28 17:42:24,V0234,Carro,No_B_Norte,29.61,22.66,67.84,1.24
2026-09-28 17:42:16,V0235,Carro,No_C_Leste,38.02,45.45,31.86,0.48
2026-09-28 17:42:17,V0235,Carro,No_C_Leste,40.49,20.31,43.17,0.27
2026-09-28 17:42:18,V0235,Carro,No_C_Leste,16.88,31.2,29.18,0.62
2026-09-28 17:42:19,V0235,Carro,No_C_Leste,1.67,15.74,31.32,-1.13
2026-09-28 17:42:20,V0235,Carro,No_C_Leste,45.27,45.21,42.01,-2.2
2026-09-28 17:42:21,V0235,Carro,No_C_Leste,47.0,21.44,42.89,0.27
2026-09-28 17:42:22,V0235,Carro,No_C_Leste,24.24,16.76,38.75,0.7
2026-09-28 17:42:23,V0235,Carro,No_C_Leste,3.51,31.88,40.81,0.17
2026-09-28 17:42:24,V0235,Carro,No_C_Leste,34.83,19.05,43.45,1.59
2026-09-28 17:42:25,V0235,Carro,No_C_Leste,12.9,0.7,37.17,1.5
2026-09-28 17:42:17,V0236,Carro,No_A_Centro,2.67,15.69,64.29,3.01
2026-09-28 17:42:18,V0236,Carro,No_A_Centro,40.07,13.51,71.46,0.98
2026-09-28 17:42:19,V0236,Carro,No_A_Centro,0.0,9.73,68.33,1.94
2026-09-28 17:42:20,V0236,Carro,No_A_Centro,10.86,1.52,65.21,2.23
2026-09-28 17:42:21,V0236,Carro,No_A_Centro,37.31,34.62,73.94,3.4
2026-09-28 17:42:22,V0236,Carro,No_A_Centro,38.84,5.39,53.83,3.5
2026-09-28 17:42:23,V0236,Carro,No_A_Centro,49.37,7.15,62.77,5.84
2026-09-28 17:42:24,V0236,Carro,No_A_Centro,12.67,10.14,67.95,3.32
2026-09-28 17:42:25,V0236,Carro,No_A_Centro,34.33,28.35,70.95,1.27
2026-09-28 17:42:26,V0236,Carro,No_A_Centro,8.73,8.16,66.15,6.33
2026-09-28 17:42:18,V0237,Carro,No_C_Leste,41.4,36.3,73.81,3.43
2026-09-28 17:42:19,V0237,Carro,No_C_Leste,22.37,3.79,65.23,3.0
2026-09-28 17:42:20,V0237,Carro,No_C_Leste,0.4,5.23,69.39,3.39
2026-09-28 17:42:21,V0237,Carro,No_C_Leste,6.01,26.27,60.7,3.35
2026-09-28 17:42:22,V0237,Carro,No_C_Leste,23.22,38.73,76.77,3.73
2026-09-28 17:42:23,V0237,Carro,No_C_Leste,38.51,11.85,63.79,5.7
2026-09-28 17:42:24,V0237,Carro,No_C_Leste,15.96,29.74,55.38,3.53
2026-09-28 17:42:25,V0237,Carro,No_C_Leste,25.47,3.45,57.79,0.59
2026-09-28 17:42:26,V0237,Carro,No_C_Leste,24.8,24.43,54.17,3.98
2026-09-28 17:42:27,V0237,Carro,No_C_Leste,14.08,27.18,57.77,1.83
2026-09-28 17:42:19,V0238,Carro,No_C_Leste,48.69,21.46,77.41,3.05
2026-09-28 17:42:20,V0238,Carro,No_C_Leste,17.86,6.34,84.9,6.33
2026-09-28 17:42:21,V0238,Carro,No_C_Leste,8.54,39.82,92.82,5.03
2026-09-28 17:42:22,V0238,Carro,No_C_Leste,30.59,6.24,87.43,5.45
2026-09-28 17:42:23,V0238,Carro,No_C_Leste,11.27,47.68,95.47,6.25
2026-09-28 17:42:24,V0238,Carro,No_C_Leste,26.5,27.01,83.44,4.04
2026-09-28 17:42:25,V0238,Carro,No_C_Leste,25.99,30.2,87.41,10.24
2026-09-28 17:42:26,V0238,Carro,No_C_Leste,9.82,15.65,77.39,3.95
2026-09-28 17:42:27,V0238,Carro,No_C_Leste,33.07,41.89,85.14,6.57
2026-09-28 17:42:28,V0238,Carro,No_C_Leste,19.35,2.73,87.88,1.41
2026-09-28 17:42:20,V0239,Onibus,No_C_Leste,29.54,46.65,57.94,4.08
2026-09-28 17:42:21,V0239,Onibus,No_C_Leste,1.17,15.83,57.85,1.04
2026-09-28 17:42:22,V0239,Onibus,No_C_Leste,18.16,32.41,60.08,3.39
2026-09-28 17:42:23,V0239,Onibus,No_C_Leste,41.96,49.59,65.38,2.59
2026-09-28 17:42:24,V0239,Onibus,No_C_Leste,32.76,44.41,68.54,1.68
2026-09-28 17:42:25,V0239,Onibus,No_C_Leste,1.72,8.79,58.28,3.91
2026-09-28 17:42:26,V0239,Onibus,No_C_Leste,23.97,15.84,61.37,3.89
2026-09-28 17:42:27,V0239,Onibus,No_C_Leste,16.31,38.63,79.69,4.12
2026-09-28 17:42:28,V0239,Onibus,No_C_Leste,0.25,34.99,67.17,3.27
2026-09-28 17:42:29,V0239,Onibus,No_C_Leste,9.1,29.04,72.82,3.11
2026-09-28 17:42:21,V0240,Moto,No_B_Norte,3.11,14.37,44.83,4.58
2026-09-28 17:42:22,V0240,Moto,No_B_Norte,39.32,48.73,45.18,1.91
2026-09-28 17:42:23,V0240,Moto,No_B_Norte,38.49,21.13,47.64,0.18
2026-09-28 17:42:24,V0240,Moto,No_B_Norte,32.83,20.37,68.96,0.35
2026-09-28 17:42:25,V0240,Moto,No_B_Norte,1.45,6.55,68.54,-2.08
2026-09-28 17:42:26,V0240,Moto,No_B_Norte,49.41,4.8,58.05,2.96
2026-09-28 17:42:27,V0240,Moto,No_B_Norte,13.35,29.31,71.53,3.29
2026-09-28 17:42:28,V0240,Moto,No_B_Norte,29.85,24.61,62.13,4.2
2026-09-28 17:42:29,V0240,Moto,No_B_Norte,24.41,48.1,65.2,1.96
2026-09-28 17:42:30,V0240,Moto,No_B_Norte,43.38,14.49,48.1,3.89
2026-09-28 17:42:22,V0241,Carro,No_C_Leste,12.31,6.25,39.81,0.48
2026-09-28 17:42:23,V0241,Carro,No_C_Leste,41.42,32.95,40.19,0.77
2026-09-28 17:42:24,V0241,Carro,No_C_Leste,24.47,44.82,53.08,-0.92
2026-09-28 17:42:25,V0241,Carro,No_C_Leste,49.75,26.86,37.69,0.59
2026-09-28 17:42:26,V0241,Carro,No_C_Leste,39.72,25.51,42.88,-1.41
2026-09-28 17:42:27,V0241,Carro,No_C_Leste,15.22,18.7,43.13,-0.22
2026-09-28 17:42:28,V0241,Carro,No_C_Leste,12.36,14.3,42.75,-1.13
2026-09-28 17:42:29,V0241,Carro,No_C_Leste,45.24,34.83,45.76,0.71
2026-09-28 17:42:30,V0241,Carro,No_C_Leste,21.01,31.62,40.5,0.85
2026-09-28 17:42:31,V0241,Carro,No_C_Leste,29.6,12.03,30.97,0.32
2026-09-28 17:42:23,V0242,Carro,No_B_Norte,5.51,49.01,42.93,-2.15
2026-09-28 17:42:24,V0242,Carro,No_B_Norte,24.3,16.63,44.19,0.21
2026-09-28 17:42:25,V0242,Carro,No_B_Norte,23.35,45.63,42.4,0.91
2026-09-28 17:42:26,V0242,Carro,No_B_Norte,19.9,33.34,45.24,-0.12
2026-09-28 17:42:27,V0242,Carro,No_B_Norte,23.23,29.1,43.31,0.84
2026-09-28 17:42:28,V0242,Carro,No_B_Norte,36.21,49.54,40.9,-0.04
2026-09-28 17:42:29,V0242,Carro,No_B_Norte,41.39,13.08,39.62,0.2
2026-09-28 17:42:30,V0242,Carro,No_B_Norte,14.3,33.59,39.43,-0.24
2026-09-28 17:42:31,V0242,Carro,No_B_Norte,1.97,4.33,36.39,1.13
2026-09-28 17:42:32,V0242,Carro,No_B_Norte,17.09,41.61,39.58,-1.59
2026-09-28 17:42:24,V0243,Carro,No_B_Norte,23.06,36.52,49.17,0.61
2026-09-28 17:42:25,V0243,Carro,No_B_Norte,28.91,2.75,42.45,-0.82
2026-09-28 17:42:26,V0243,Carro,No_B_Norte,11.46,1.66,41.06,0.6
2026-09-28 17:42:27,V0243,Carro,No_B_Norte,3.64,39.98,41.74,-1.81
2026-09-28 17:42:28,V0243,Carro,No_B_Norte,35.79,42.86,35.55,-0.88
2026-09-28 17:42:29,V0243,Carro,No_B_Norte,12.8,47.63,44.12,0.79
2026-09-28 17:42:30,V0243,Carro,No_B_Norte,41.15,37.6,40.84,0.53
2026-09-28 17:42:31,V0243,Carro,No_B_Norte,1.21,45.41,41.68,-0.32
2026-09-28 17:42:32,V0243,Carro,No_B_Norte,34.98,21.55,41.93,-1.51
2026-09-28 17:42:33,V0243,Carro,No_B_Norte,16.07,15.37,38.16,0.55
2026-09-28 17:42:25,V0244,Moto,No_B_Norte,17.05,18.23,36.54,0.47
2026-09-28 17:42:26,V0244,Moto,No_B_Norte,24.81,7.62,46.15,1.71
2026-09-28 17:42:27,V0244,Moto,No_B_Norte,36.26,12.66,35.84,-2.15
2026-09-28 17:42:28,V0244,Moto,No_B_Norte,21.93,5.24,41.17,-0.19
2026-09-28 17:42:29,V0244,Moto,No_B_Norte,27.84,44.47,30.24,-0.42
2026-09-28 17:42:30,V0244,Moto,No_B_Norte,42.4,27.94,31.42,-0.34
2026-09-28 17:42:31,V0244,Moto,No_B_Norte,29.79,8.45,38.68,0.03
2026-09-28 17:42:32,V0244,Moto,No_B_Norte,5.96,16.35,35.58,-1.33
2026-09-28 17:42:33,V0244,Moto,No_B_Norte,12.43,37.57,55.94,-0.81
2026-09-28 17:42:34,V0244,Moto,No_B_Norte,2.2,11.17,44.38,-0.35
2026-09-28 17:42:26,V0245,Onibus,No_C_Leste,29.98,17.95,59.49,2.14
2026-09-28 17:42:27,V0245,Onibus,No_C_Leste,47.55,39.24,56.46,1.04
2026-09-28 17:42:28,V0245,Onibus,No_C_Leste,29.97,24.27,69.47,8.44
2026-09-28 17:42:29,V0245,Onibus,No_C_Leste,12.24,28.71,55.49,1.6
2026-09-28 17:42:30,V0245,Onibus,No_C_Leste,20.71,20.72,72.25,4.2
2026-09-28 17:42:31,V0245,Onibus,No_C_Leste,13.86,40.99,74.67,1.49
2026-09-28 17:42:32,V0245,Onibus,No_C_Leste,21.27,9.89,58.82,0.97
2026-09-28 17:42:33,V0245,Onibus,No_C_Leste,28.85,1.82,66.94,3.87
2026-09-28 17:42:34,V0245,Onibus,No_C_Leste,17.59,40.21,52.61,4.18
2026-09-28 17:42:35,V0245,Onibus,No_C_Leste,18.36,16.15,62.36,1.12
2026-09-28 17:42:27,V0246,Onibus,No_B_Norte,39.43,19.6,38.63,0.39
2026-09-28 17:42:28,V0246,Onibus,No_B_Norte,16.19,44.11,43.18,-0.07
2026-09-28 17:42:29,V0246,Onibus,No_B_Norte,27.98,32.05,40.2,1.05
2026-09-28 17:42:30,V0246,Onibus,No_B_Norte,41.35,25.31,35.6,0.63
2026-09-28 17:42:31,V0246,Onibus,No_B_Norte,14.43,47.54,44.98,0.59
2026-09-28 17:42:32,V0246,Onibus,No_B_Norte,25.36,27.86,43.43,2.19
2026-09-28 17:42:33,V0246,Onibus,No_B_Norte,6.26,6.93,38.05,-0.86
2026-09-28 17:42:34,V0246,Onibus,No_B_Norte,38.11,12.02,38.26,-1.76
2026-09-28 17:42:35,V0246,Onibus,No_B_Norte,19.68,22.12,45.44,2.31
2026-09-28 17:42:36,V0246,Onibus,No_B_Norte,31.29,32.91,40.95,0.18
2026-09-28 17:42:28,V0247,Carro,No_A_Centro,18.51,9.57,41.46,1.24
2026-09-28 17:42:29,V0247,Carro,No_A_Centro,23.17,17.11,37.61,1.09
2026-09-28 17:42:30,V0247,Carro,No_A_Centro,47.57,36.13,33.03,0.06
2026-09-28 17:42:31,V0247,Carro,No_A_Centro,40.08,23.09,38.63,0.95
2026-09-28 17:42:32,V0247,Carro,No_A_Centro,15.83,7.2,37.03,-0.09
2026-09-28 17:42:33,V0247,Carro,No_A_Centro,35.28,49.47,32.28,0.46
2026-09-28 17:42:34,V0247,Carro,No_A_Centro,31.73,13.59,42.2,-0.37
2026-09-28 17:42:35,V0247,Carro,No_A_Centro,22.19,48.8,37.07,0.3
2026-09-28 17:42:36,V0247,Carro,No_A_Centro,8.48,36.35,47.19,-0.44
2026-09-28 17:42:37,V0247,Carro,No_A_Centro,34.28,26.07,42.93,-0.9
2026-09-28 17:42:29,V0248,Caminhao,No_A_Centro,34.73,3.53,70.98,1.79
2026-09-28 17:42:30,V0248,Caminhao,No_A_Centro,23.28,30.42,65.49,4.04
2026-09-28 17:42:31,V0248,Caminhao,No_A_Centro,26.31,7.39,69.64,4.8
2026-09-28 17:42:32,V0248,Caminhao,No_A_Centro,26.53,11.25,69.55,3.72
2026-09-28 17:42:33,V0248,Caminhao,No_A_Centro,4.31,22.71,76.4,5.08
2026-09-28 17:42:34,V0248,Caminhao,No_A_Centro,5.13,1.06,50.91,0.65
2026-09-28 17:42:35,V0248,Caminhao,No_A_Centro,42.95,8.01,58.39,3.08
2026-09-28 17:42:36,V0248,Caminhao,No_A_Centro,44.61,6.31,65.38,2.72
2026-09-28 17:42:37,V0248,Caminhao,No_A_Centro,41.24,39.49,62.02,0.33
2026-09-28 17:42:38,V0248,Caminhao,No_A_Centro,24.45,27.18,50.34,-0.17
2026-09-28 17:42:30,V0249,Onibus,No_B_Norte,19.23,32.11,77.01,1.08
2026-09-28 17:42:31,V0249,Onibus,No_B_Norte,40.3,32.58,50.53,2.83
2026-09-28 17:42:32,V0249,Onibus,No_B_Norte,37.61,43.5,69.64,0.35
2026-09-28 17:42:33,V0249,Onibus,No_B_Norte,1.25,38.51,61.9,4.09
2026-09-28 17:42:34,V0249,Onibus,No_B_Norte,47.4,11.91,59.8,0.58
2026-09-28 17:42:35,V0249,Onibus,No_B_Norte,24.69,29.53,74.09,3.64
2026-09-28 17:42:36,V0249,Onibus,No_B_Norte,12.25,12.75,64.19,4.72
2026-09-28 17:42:37,V0249,Onibus,No_B_Norte,32.46,6.41,58.86,2.75
2026-09-28 17:42:38,V0249,Onibus,No_B_Norte,21.73,18.99,64.66,2.5
2026-09-28 17:42:39,V0249,Onibus,No_B_Norte,2.43,10.94,72.33,2.68
2026-09-28 17:42:31,V0250,Carro,No_A_Centro,23.04,7.35,53.92,5.2
2026-09-28 17:42:32,V0250,Carro,No_A_Centro,27.19,22.55,52.98,6.64
2026-09-28 17:42:33,V0250,Carro,No_A_Centro,8.32,5.06,69.62,1.32
2026-09-28 17:42:34,V0250,Carro,No_A_Centro,38.98,24.46,59.83,6.9
2026-09-28 17:42:35,V0250,Carro,No_A_Centro,32.43,5.95,55.74,5.48
2026-09-28 17:42:36,V0250,Carro,No_A_Centro,30.77,37.67,66.87,2.81
2026-09-28 17:42:37,V0250,Carro,No_A_Centro,47.76,41.41,73.27,1.73
2026-09-28 17:42:38,V0250,Carro,No_A_Centro,49.64,4.14,63.77,2.77
2026-09-28 17:42:39,V0250,Carro,No_A_Centro,31.73,31.71,70.37,3.42
2026-09-28 17:42:40,V0250,Carro,No_A_Centro,32.48,45.76,72.61,2.16
2026-09-28 17:42:32,V0251,Carro,No_C_Leste,46.32,41.27,68.45,3.26
2026-09-28 17:42:33,V0251,Carro,No_C_Leste,25.4,11.4,76.86,0.38
2026-09-28 17:42:34,V0251,Carro,No_C_Leste,47.29,31.82,78.75,2.54
2026-09-28 17:42:35,V0251,Carro,No_C_Leste,0.37,48.84,87.93,7.0
2026-09-28 17:42:36,V0251,Carro,No_C_Leste,20.18,29.2,56.7,0.06
2026-09-28 17:42:37,V0251,Carro,No_C_Leste,40.97,38.83,54.8,1.9
2026-09-28 17:42:38,V0251,Carro,No_C_Leste,13.01,3.72,54.96,3.76
2026-09-28 17:42:39,V0251,Carro,No_C_Leste,36.16,41.81,52.67,4.95
2026-09-28 17:42:40,V0251,Carro,No_C_Leste,46.36,35.02,58.08,3.6
2026-09-28 17:42:41,V0251,Carro,No_C_Leste,2.1,13.5,69.97,3.79
2026-09-28 17:42:33,V0252,Carro,No_C_Leste,1.37,12.48,40.69,0.05
2026-09-28 17:42:34,V0252,Carro,No_C_Leste,11.85,4.77,42.03,0.33
2026-09-28 17:42:35,V0252,Carro,No_C_Leste,25.18,6.83,37.64,-2.67
2026-09-28 17:42:36,V0252,Carro,No_C_Leste,48.05,13.7,40.93,-1.18
2026-09-28 17:42:37,V0252,Carro,No_C_Leste,29.71,41.16,38.98,-0.41
2026-09-28 17:42:38,V0252,Carro,No_C_Leste,44.34,46.54,35.81,-0.8
2026-09-28 17:42:39,V0252,Carro,No_C_Leste,7.99,43.16,37.57,1.72
2026-09-28 17:42:40,V0252,Carro,No_C_Leste,14.29,24.98,36.11,-0.8
2026-09-28 17:42:41,V0252,Carro,No_C_Leste,16.17,0.2,40.51,0.23
2026-09-28 17:42:42,V0252,Carro,No_C_Leste,41.86,12.23,32.36,0.42
2026-09-28 17:42:34,V0253,Onibus,No_C_Leste,15.51,15.84,25.08,-1.07
2026-09-28 17:42:35,V0253,Onibus,No_C_Leste,2.44,24.06,47.63,-1.79
2026-09-28 17:42:36,V0253,Onibus,No_C_Leste,42.72,38.58,41.03,-0.06
2026-09-28 17:42:37,V0253,Onibus,No_C_Leste,15.22,30.38,36.22,-0.59
2026-09-28 17:42:38,V0253,Onibus,No_C_Leste,47.55,47.99,48.15,0.03
2026-09-28 17:42:39,V0253,Onibus,No_C_Leste,32.42,42.95,45.42,0.19
2026-09-28 17:42:40,V0253,Onibus,No_C_Leste,47.69,39.0,50.54,-0.31
2026-09-28 17:42:41,V0253,Onibus,No_C_Leste,28.71,29.97,37.92,-1.09
2026-09-28 17:42:42,V0253,Onibus,No_C_Leste,44.34,39.28,36.39,-1.56
2026-09-28 17:42:43,V0253,Onibus,No_C_Leste,39.9,17.55,35.39,0.16
2026-09-28 17:42:35,V0254,Carro,No_B_Norte,46.15,49.66,38.56,1.16
2026-09-28 17:42:36,V0254,Carro,No_B_Norte,12.33,42.87,36.47,0.38
2026-09-28 17:42:37,V0254,Carro,No_B_Norte,46.48,17.69,47.63,0.17
2026-09-28 17:42:38,V0254,Carro,No_B_Norte,22.53,18.86,37.79,1.05
2026-09-28 17:42:39,V0254,Carro,No_B_Norte,30.39,30.85,34.7,-0.9
2026-09-28 17:42:40,V0254,Carro,No_B_Norte,18.99,5.24,31.85,-0.37
2026-09-28 17:42:41,V0254,Carro,No_B_Norte,4.39,18.16,42.87,-0.82
2026-09-28 17:42:42,V0254,Carro,No_B_Norte,16.35,41.25,45.77,1.73
2026-09-28 17:42:43,V0254,Carro,No_B_Norte,3.23,38.46,35.49,1.23
2026-09-28 17:42:44,V0254,Carro,No_B_Norte,4.8,36.8,33.47,0.52
2026-09-28 17:42:36,V0255,Moto,No_C_Leste,40.2,48.58,82.99,2.69
2026-09-28 17:42:37,V0255,Moto,No_C_Leste,44.28,29.71,92.91,3.24
2026-09-28 17:42:38,V0255,Moto,No_C_Leste,30.13,4.06,104.99,5.27
2026-09-28 17:42:39,V0255,Moto,No_C_Leste,2.01,34.76,84.38,3.99
2026-09-28 17:42:40,V0255,Moto,No_C_Leste,44.32,5.72,80.65,1.5
2026-09-28 17:42:41,V0255,Moto,No_C_Leste,23.33,16.3,96.82,4.78
2026-09-28 17:42:42,V0255,Moto,No_C_Leste,33.42,46.23,90.44,2.4
2026-09-28 17:42:43,V0255,Moto,No_C_Leste,3.55,6.46,84.1,2.9
2026-09-28 17:42:44,V0255,Moto,No_C_Leste,21.66,45.65,83.46,5.28
2026-09-28 17:42:45,V0255,Moto,No_C_Leste,28.72,37.13,82.47,4.49
2026-09-28 17:42:37,V0256,Onibus,No_C_Leste,46.65,41.53,46.57,-0.54
2026-09-28 17:42:38,V0256,Onibus,No_C_Leste,40.07,25.88,40.48,-2.05
2026-09-28 17:42:39,V0256,Onibus,No_C_Leste,8.3,36.8,46.81,-0.48
2026-09-28 17:42:40,V0256,Onibus,No_C_Leste,32.65,36.3,43.73,-0.61
2026-09-28 17:42:41,V0256,Onibus,No_C_Leste,36.75,12.5,49.0,0.24
2026-09-28 17:42:42,V0256,Onibus,No_C_Leste,35.28,2.1,45.1,-1.63
2026-09-28 17:42:43,V0256,Onibus,No_C_Leste,11.53,32.79,43.34,0.86
2026-09-28 17:42:44,V0256,Onibus,No_C_Leste,42.35,13.56,44.63,1.13
2026-09-28 17:42:45,V0256,Onibus,No_C_Leste,24.31,18.88,33.25,0.66
2026-09-28 17:42:46,V0256,Onibus,No_C_Leste,21.76,12.81,46.58,0.31
2026-09-28 17:42:38,V0257,Moto,No_A_Centro,28.75,0.36,43.49,-1.03
2026-09-28 17:42:39,V0257,Moto,No_A_Centro,12.81,45.56,44.83,-0.68
2026-09-28 17:42:40,V0257,Moto,No_A_Centro,36.13,10.27,45.75,-0.27
2026-09-28 17:42:41,V0257,Moto,No_A_Centro,26.54,18.78,36.78,0.39
2026-09-28 17:42:42,V0257,Moto,No_A_Centro,34.54,42.87,51.14,-1.12
2026-09-28 17:42:43,V0257,Moto,No_A_Centro,36.62,42.07,47.71,-1.21
2026-09-28 17:42:44,V0257,Moto,No_A_Centro,40.09,21.22,36.79,-1.1
2026-09-28 17:42:45,V0257,Moto,No_A_Centro,9.56,12.41,41.66,-0.26
2026-09-28 17:42:46,V0257,Moto,No_A_Centro,11.53,25.1,40.58,-1.22
2026-09-28 17:42:47,V0257,Moto,No_A_Centro,40.99,0.42,34.08,-1.83
2026-09-28 17:42:39,V0258,Moto,No_A_Centro,27.27,43.73,63.97,2.42
2026-09-28 17:42:40,V0258,Moto,No_A_Centro,13.72,0.66,80.53,4.44
2026-09-28 17:42:41,V0258,Moto,No_A_Centro,34.39,11.65,53.06,3.99
2026-09-28 17:42:42,V0258,Moto,No_A_Centro,13.11,35.3,75.51,1.99
2026-09-28 17:42:43,V0258,Moto,No_A_Centro,18.72,9.9,75.44,3.15
2026-09-28 17:42:44,V0258,Moto,No_A_Centro,42.56,8.81,52.52,0.68
2026-09-28 17:42:45,V0258,Moto,No_A_Centro,46.08,29.88,67.58,3.1
2026-09-28 17:42:46,V0258,Moto,No_A_Centro,49.42,48.71,66.04,2.88
2026-09-28 17:42:47,V0258,Moto,No_A_Centro,16.27,23.24,46.34,6.43
2026-09-28 17:42:48,V0258,Moto,No_A_Centro,40.21,47.71,53.43,1.9
2026-09-28 17:42:40,V0259,Carro,No_A_Centro,43.68,47.24,42.52,0.39
2026-09-28 17:42:41,V0259,Carro,No_A_Centro,40.84,8.87,36.13,-1.45
2026-09-28 17:42:42,V0259,Carro,No_A_Centro,42.36,8.6,38.87,1.32
2026-09-28 17:42:43,V0259,Carro,No_A_Centro,19.69,27.64,37.6,-0.44
2026-09-28 17:42:44,V0259,Carro,No_A_Centro,0.59,37.27,32.43,-2.12
2026-09-28 17:42:45,V0259,Carro,No_A_Centro,47.58,30.01,46.86,1.45
2026-09-28 17:42:46,V0259,Carro,No_A_Centro,13.45,13.84,41.95,0.81
2026-09-28 17:42:47,V0259,Carro,No_A_Centro,30.92,37.33,36.69,1.84
2026-09-28 17:42:48,V0259,Carro,No_A_Centro,6.45,32.78,41.82,0.29
2026-09-28 17:42:49,V0259,Carro,No_A_Centro,33.53,18.6,43.28,0.31
2026-09-28 17:42:41,V0260,Carro,No_B_Norte,7.87,32.76,59.05,3.04
2026-09-28 17:42:42,V0260,Carro,No_B_Norte,43.17,7.28,84.84,3.73
2026-09-28 17:42:43,V0260,Carro,No_B_Norte,29.13,3.0,67.37,6.57
2026-09-28 17:42:44,V0260,Carro,No_B_Norte,18.26,20.63,62.83,1.93
2026-09-28 17:42:45,V0260,Carro,No_B_Norte,45.99,33.64,69.54,2.04
2026-09-28 17:42:46,V0260,Carro,No_B_Norte,11.36,21.01,81.32,3.98
2026-09-28 17:42:47,V0260,Carro,No_B_Norte,14.44,3.12,64.43,2.68
2026-09-28 17:42:48,V0260,Carro,No_B_Norte,43.45,28.4,63.59,4.96
2026-09-28 17:42:49,V0260,Carro,No_B_Norte,25.14,45.28,72.75,1.81
2026-09-28 17:42:50,V0260,Carro,No_B_Norte,29.23,22.65,58.39,4.2
2026-09-28 17:42:42,V0261,Carro,No_B_Norte,45.85,8.67,36.31,-0.73
2026-09-28 17:42:43,V0261,Carro,No_B_Norte,24.37,1.56,46.13,0.22
2026-09-28 17:42:44,V0261,Carro,No_B_Norte,17.43,8.83,38.29,0.5
2026-09-28 17:42:45,V0261,Carro,No_B_Norte,43.39,39.32,31.41,-0.28
2026-09-28 17:42:46,V0261,Carro,No_B_Norte,11.84,28.21,37.05,0.3
2026-09-28 17:42:47,V0261,Carro,No_B_Norte,39.37,4.49,45.37,-0.71
2026-09-28 17:42:48,V0261,Carro,No_B_Norte,45.2,5.76,46.17,0.42
2026-09-28 17:42:49,V0261,Carro,No_B_Norte,42.53,7.07,43.22,0.57
2026-09-28 17:42:50,V0261,Carro,No_B_Norte,0.2,5.88,47.84,-2.07
2026-09-28 17:42:51,V0261,Carro,No_B_Norte,37.58,39.31,42.75,1.65
2026-09-28 17:42:43,V0262,Carro,No_B_Norte,4.9,23.17,81.16,1.38
2026-09-28 17:42:44,V0262,Carro,No_B_Norte,0.49,29.37,78.09,7.3
2026-09-28 17:42:45,V0262,Carro,No_B_Norte,36.16,21.68,85.36,2.59
2026-09-28 17:42:46,V0262,Carro,No_B_Norte,32.63,23.93,95.03,12.3
2026-09-28 17:42:47,V0262,Carro,No_B_Norte,29.22,17.58,85.81,3.3
2026-09-28 17:42:48,V0262,Carro,No_B_Norte,28.74,25.2,87.82,6.63
2026-09-28 17:42:49,V0262,Carro,No_B_Norte,41.31,29.19,84.97,-2.89
2026-09-28 17:42:50,V0262,Carro,No_B_Norte,15.15,16.39,80.07,10.98
2026-09-28 17:42:51,V0262,Carro,No_B_Norte,25.37,29.83,80.89,8.07
2026-09-28 17:42:52,V0262,Carro,No_B_Norte,36.8,23.07,68.95,1.19
2026-09-28 17:42:44,V0263,Carro,No_A_Centro,13.61,46.93,80.52,6.57
2026-09-28 17:42:45,V0263,Carro,No_A_Centro,42.79,45.0,71.41,4.1
2026-09-28 17:42:46,V0263,Carro,No_A_Centro,11.32,42.88,80.01,3.91
2026-09-28 17:42:47,V0263,Carro,No_A_Centro,24.77,7.5,77.53,3.61
2026-09-28 17:42:48,V0263,Carro,No_A_Centro,1.81,23.84,95.37,6.34
2026-09-28 17:42:49,V0263,Carro,No_A_Centro,17.87,2.59,96.41,3.4
2026-09-28 17:42:50,V0263,Carro,No_A_Centro,0.26,46.03,99.63,3.62
2026-09-28 17:42:51,V0263,Carro,No_A_Centro,46.3,40.71,74.14,4.55
2026-09-28 17:42:52,V0263,Carro,No_A_Centro,16.15,34.76,92.52,7.2
2026-09-28 17:42:53,V0263,Carro,No_A_Centro,8.48,1.65,80.49,-0.61
2026-09-28 17:42:45,V0264,Carro,No_B_Norte,40.59,7.63,42.07,-0.15
2026-09-28 17:42:46,V0264,Carro,No_B_Norte,16.35,48.31,32.75,-0.24
2026-09-28 17:42:47,V0264,Carro,No_B_Norte,15.69,45.13,38.6,-1.53
2026-09-28 17:42:48,V0264,Carro,No_B_Norte,29.77,18.11,34.68,0.11
2026-09-28 17:42:49,V0264,Carro,No_B_Norte,43.27,12.92,44.01,-0.44
2026-09-28 17:42:50,V0264,Carro,No_B_Norte,38.79,13.69,43.64,-1.38
2026-09-28 17:42:51,V0264,Carro,No_B_Norte,32.47,2.6,46.95,-0.76
2026-09-28 17:42:52,V0264,Carro,No_B_Norte,28.3,33.48,44.75,-0.19
2026-09-28 17:42:53,V0264,Carro,No_B_Norte,1.78,1.84,41.91,1.15
2026-09-28 17:42:54,V0264,Carro,No_B_Norte,47.6,35.21,45.73,0.66
2026-09-28 17:42:46,V0265,Carro,No_A_Centro,39.03,1.38,44.84,-1.04
2026-09-28 17:42:47,V0265,Carro,No_A_Centro,21.26,27.57,42.88,0.42
2026-09-28 17:42:48,V0265,Carro,No_A_Centro,42.8,7.65,34.97,0.34
2026-09-28 17:42:49,V0265,Carro,No_A_Centro,45.58,35.94,30.48,-1.14
2026-09-28 17:42:50,V0265,Carro,No_A_Centro,28.5,6.41,36.66,-1.27
2026-09-28 17:42:51,V0265,Carro,No_A_Centro,14.99,47.08,44.77,-1.19
2026-09-28 17:42:52,V0265,Carro,No_A_Centro,13.03,13.45,40.23,0.46
2026-09-28 17:42:53,V0265,Carro,No_A_Centro,14.11,8.49,43.29,1.77
2026-09-28 17:42:54,V0265,Carro,No_A_Centro,22.25,31.01,45.96,0.85
2026-09-28 17:42:55,V0265,Carro,No_A_Centro,15.88,34.22,38.75,0.76
2026-09-28 17:42:47,V0266,Moto,No_B_Norte,48.98,30.36,35.71,0.96
2026-09-28 17:42:48,V0266,Moto,No_B_Norte,42.49,17.55,37.47,-0.1
2026-09-28 17:42:49,V0266,Moto,No_B_Norte,41.03,14.96,33.53,1.44
2026-09-28 17:42:50,V0266,Moto,No_B_Norte,48.61,41.33,37.64,-0.07
2026-09-28 17:42:51,V0266,Moto,No_B_Norte,20.77,1.72,37.08,-0.05
2026-09-28 17:42:52,V0266,Moto,No_B_Norte,2.89,36.9,33.24,1.65
2026-09-28 17:42:53,V0266,Moto,No_B_Norte,19.2,46.67,42.23,0.15
2026-09-28 17:42:54,V0266,Moto,No_B_Norte,38.06,8.19,49.9,0.61
2026-09-28 17:42:55,V0266,Moto,No_B_Norte,32.21,38.12,37.71,0.2
2026-09-28 17:42:56,V0266,Moto,No_B_Norte,44.8,39.21,38.61,0.52
2026-09-28 17:42:48,V0267,Carro,No_C_Leste,19.75,24.71,63.43,2.47
2026-09-28 17:42:49,V0267,Carro,No_C_Leste,31.16,4.33,58.71,4.51
2026-09-28 17:42:50,V0267,Carro,No_C_Leste,48.76,9.61,72.64,3.83
2026-09-28 17:42:51,V0267,Carro,No_C_Leste,40.68,39.2,49.77,4.63
2026-09-28 17:42:52,V0267,Carro,No_C_Leste,38.6,23.47,87.94,-0.72
2026-09-28 17:42:53,V0267,Carro,No_C_Leste,17.77,27.59,75.43,3.66
2026-09-28 17:42:54,V0267,Carro,No_C_Leste,38.36,20.09,65.13,0.74
2026-09-28 17:42:55,V0267,Carro,No_C_Leste,43.16,26.02,58.02,1.15
2026-09-28 17:42:56,V0267,Carro,No_C_Leste,42.3,44.68,61.7,4.57
2026-09-28 17:42:57,V0267,Carro,No_C_Leste,6.87,13.06,71.78,3.73
2026-09-28 17:42:49,V0268,Carro,No_A_Centro,6.41,45.05,48.94,-0.38
2026-09-28 17:42:50,V0268,Carro,No_A_Centro,47.76,38.72,40.51,-0.5
2026-09-28 17:42:51,V0268,Carro,No_A_Centro,37.5,17.07,43.28,0.58
2026-09-28 17:42:52,V0268,Carro,No_A_Centro,46.9,25.59,44.98,-0.39
2026-09-28 17:42:53,V0268,Carro,No_A_Centro,31.41,5.38,35.46,1.32
2026-09-28 17:42:54,V0268,Carro,No_A_Centro,28.17,35.17,36.36,-2.49
2026-09-28 17:42:55,V0268,Carro,No_A_Centro,9.48,47.08,36.24,0.42
2026-09-28 17:42:56,V0268,Carro,No_A_Centro,30.62,33.19,26.68,-0.59
2026-09-28 17:42:57,V0268,Carro,No_A_Centro,32.57,17.26,40.68,-0.77
2026-09-28 17:42:58,V0268,Carro,No_A_Centro,24.01,25.08,37.98,-0.57
2026-09-28 17:42:50,V0269,Carro,No_B_Norte,39.85,43.29,43.52,-0.39
2026-09-28 17:42:51,V0269,Carro,No_B_Norte,16.79,16.5,31.55,-0.45
2026-09-28 17:42:52,V0269,Carro,No_B_Norte,47.57,44.56,36.3,-0.38
2026-09-28 17:42:53,V0269,Carro,No_B_Norte,28.96,7.66,42.48,0.29
2026-09-28 17:42:54,V0269,Carro,No_B_Norte,0.04,16.68,38.84,0.28
2026-09-28 17:42:55,V0269,Carro,No_B_Norte,15.17,17.98,34.79,-0.42
2026-09-28 17:42:56,V0269,Carro,No_B_Norte,12.78,34.36,41.05,-0.06
2026-09-28 17:42:57,V0269,Carro,No_B_Norte,25.98,9.01,45.67,0.87
2026-09-28 17:42:58,V0269,Carro,No_B_Norte,13.05,27.77,44.11,1.16
2026-09-28 17:42:59,V0269,Carro,No_B_Norte,15.31,9.32,36.62,-1.59
2026-09-28 17:42:51,V0270,Carro,No_A_Centro,15.18,31.12,75.9,-0.93
2026-09-28 17:42:52,V0270,Carro,No_A_Centro,34.65,0.13,75.36,-0.09
2026-09-28 17:42:53,V0270,Carro,No_A_Centro,48.06,39.05,89.31,3.56
2026-09-28 17:42:54,V0270,Carro,No_A_Centro,31.18,19.33,85.4,6.81
2026-09-28 17:42:55,V0270,Carro,No_A_Centro,32.84,23.73,86.18,9.99
2026-09-28 17:42:56,V0270,Carro,No_A_Centro,21.37,47.18,101.28,0.62
2026-09-28 17:42:57,V0270,Carro,No_A_Centro,5.79,44.06,90.18,6.34
2026-09-28 17:42:58,V0270,Carro,No_A_Centro,23.54,34.64,102.68,5.29
2026-09-28 17:42:59,V0270,Carro,No_A_Centro,17.24,8.04,101.25,6.77
2026-09-28 17:43:00,V0270,Carro,No_A_Centro,25.58,34.35,65.99,-1.35
2026-09-28 17:42:52,V0271,Carro,No_C_Leste,13.78,29.36,33.2,2.29
2026-09-28 17:42:53,V0271,Carro,No_C_Leste,48.95,44.54,40.02,1.71
2026-09-28 17:42:54,V0271,Carro,No_C_Leste,44.47,0.98,36.99,-0.06
2026-09-28 17:42:55,V0271,Carro,No_C_Leste,18.15,32.4,37.23,2.73
2026-09-28 17:42:56,V0271,Carro,No_C_Leste,25.62,29.31,40.81,-0.8
2026-09-28 17:42:57,V0271,Carro,No_C_Leste,8.88,46.49,44.33,-0.61
2026-09-28 17:42:58,V0271,Carro,No_C_Leste,33.16,0.34,31.57,2.47
2026-09-28 17:42:59,V0271,Carro,No_C_Leste,44.65,25.27,38.79,0.49
2026-09-28 17:43:00,V0271,Carro,No_C_Leste,39.13,21.71,45.19,0.35
2026-09-28 17:43:01,V0271,Carro,No_C_Leste,27.3,30.07,29.76,0.02
2026-09-28 17:42:53,V0272,Carro,No_C_Leste,34.38,17.2,59.47,2.54
2026-09-28 17:42:54,V0272,Carro,No_C_Leste,11.7,38.33,56.74,2.97
2026-09-28 17:42:55,V0272,Carro,No_C_Leste,16.23,18.93,69.74,4.52
2026-09-28 17:42:56,V0272,Carro,No_C_Leste,11.64,19.14,60.36,0.45
2026-09-28 17:42:57,V0272,Carro,No_C_Leste,43.52,3.63,65.89,0.68
2026-09-28 17:42:58,V0272,Carro,No_C_Leste,35.41,5.61,65.68,1.22
2026-09-28 17:42:59,V0272,Carro,No_C_Leste,28.22,25.62,71.24,2.7
2026-09-28 17:43:00,V0272,Carro,No_C_Leste,42.63,42.15,68.49,3.53
2026-09-28 17:43:01,V0272,Carro,No_C_Leste,48.15,34.34,77.04,4.12
2026-09-28 17:43:02,V0272,Carro,No_C_Leste,10.28,17.87,52.88,5.9
2026-09-28 17:42:54,V0273,Carro,No_A_Centro,2.27,45.23,34.87,-0.53
2026-09-28 17:42:55,V0273,Carro,No_A_Centro,17.08,47.05,39.97,-0.68
2026-09-28 17:42:56,V0273,Carro,No_A_Centro,26.14,49.7,36.48,0.87
2026-09-28 17:42:57,V0273,Carro,No_A_Centro,36.97,32.13,42.14,-2.26
2026-09-28 17:42:58,V0273,Carro,No_A_Centro,13.6,2.48,40.63,0.26
2026-09-28 17:42:59,V0273,Carro,No_A_Centro,7.12,49.13,32.85,0.67
2026-09-28 17:43:00,V0273,Carro,No_A_Centro,5.8,16.02,39.5,-0.51
2026-09-28 17:43:01,V0273,Carro,No_A_Centro,35.36,20.32,38.91,-0.13
2026-09-28 17:43:02,V0273,Carro,No_A_Centro,49.73,21.02,40.26,0.53
2026-09-28 17:43:03,V0273,Carro,No_A_Centro,48.78,22.13,35.65,-0.84
2026-09-28 17:42:55,V0274,Carro,No_A_Centro,35.31,45.64,33.95,-0.49
2026-09-28 17:42:56,V0274,Carro,No_A_Centro,10.04,15.42,38.22,1.51
2026-09-28 17:42:57,V0274,Carro,No_A_Centro,49.49,15.44,38.13,0.52
2026-09-28 17:42:58,V0274,Carro,No_A_Centro,17.2,21.02,33.98,0.22
2026-09-28 17:42:59,V0274,Carro,No_A_Centro,49.13,19.05,38.16,0.38
2026-09-28 17:43:00,V0274,Carro,No_A_Centro,9.04,46.44,49.19,-0.17
2026-09-28 17:43:01,V0274,Carro,No_A_Centro,36.94,44.94,28.27,1.7
2026-09-28 17:43:02,V0274,Carro,No_A_Centro,19.25,19.28,44.77,-0.65
2026-09-28 17:43:03,V0274,Carro,No_A_Centro,33.03,43.5,43.53,-0.16
2026-09-28 17:43:04,V0274,Carro,No_A_Centro,10.41,13.28,36.52,1.38
2026-09-28 17:42:56,V0275,Carro,No_B_Norte,4.61,47.08,35.17,-1.46
2026-09-28 17:42:57,V0275,Carro,No_B_Norte,29.18,8.19,47.27,-0.36
2026-09-28 17:42:58,V0275,Carro,No_B_Norte,37.84,25.28,50.18,0.11
2026-09-28 17:42:59,V0275,Carro,No_B_Norte,26.42,3.49,40.39,2.76
2026-09-28 17:43:00,V0275,Carro,No_B_Norte,26.23,19.06,40.72,2.12
2026-09-28 17:43:01,V0275,Carro,No_B_Norte,0.5,14.85,37.65,-0.1
2026-09-28 17:43:02,V0275,Carro,No_B_Norte,34.76,40.88,39.53,1.3
2026-09-28 17:43:03,V0275,Carro,No_B_Norte,26.33,27.65,35.91,-0.02
2026-09-28 17:43:04,V0275,Carro,No_B_Norte,25.24,9.09,38.1,1.14
2026-09-28 17:43:05,V0275,Carro,No_B_Norte,27.57,11.88,41.36,-1.53
2026-09-28 17:42:57,V0276,Carro,No_C_Leste,4.78,37.79,45.72,-0.39
2026-09-28 17:42:58,V0276,Carro,No_C_Leste,44.16,45.74,46.11,0.48
2026-09-28 17:42:59,V0276,Carro,No_C_Leste,17.66,13.52,31.56,-0.51
2026-09-28 17:43:00,V0276,Carro,No_C_Leste,35.26,31.66,36.55,0.33
2026-09-28 17:43:01,V0276,Carro,No_C_Leste,39.13,35.34,37.04,-1.1
2026-09-28 17:43:02,V0276,Carro,No_C_Leste,26.33,21.11,41.53,-0.95
2026-09-28 17:43:03,V0276,Carro,No_C_Leste,34.56,19.21,35.15,-0.32
2026-09-28 17:43:04,V0276,Carro,No_C_Leste,16.58,47.44,29.47,-0.21
2026-09-28 17:43:05,V0276,Carro,No_C_Leste,42.41,20.14,33.39,-0.99
2026-09-28 17:43:06,V0276,Carro,No_C_Leste,30.16,9.46,46.7,0.43
2026-09-28 17:42:58,V0277,Carro,No_B_Norte,36.84,6.89,67.52,3.2
2026-09-28 17:42:59,V0277,Carro,No_B_Norte,21.46,26.5,60.87,3.56
2026-09-28 17:43:00,V0277,Carro,No_B_Norte,46.39,22.08,61.83,2.27
2026-09-28 17:43:01,V0277,Carro,No_B_Norte,25.06,14.14,74.69,4.78
2026-09-28 17:43:02,V0277,Carro,No_B_Norte,44.59,8.03,59.45,6.46
2026-09-28 17:43:03,V0277,Carro,No_B_Norte,37.17,6.64,68.4,3.09
2026-09-28 17:43:04,V0277,Carro,No_B_Norte,6.0,27.53,61.2,4.54
2026-09-28 17:43:05,V0277,Carro,No_B_Norte,19.12,15.11,63.86,2.61
2026-09-28 17:43:06,V0277,Carro,No_B_Norte,8.91,40.58,75.85,4.6
2026-09-28 17:43:07,V0277,Carro,No_B_Norte,4.5,36.01,52.88,4.37
2026-09-28 17:42:59,V0278,Moto,No_B_Norte,26.33,39.39,43.43,2.22
2026-09-28 17:43:00,V0278,Moto,No_B_Norte,3.01,25.66,35.41,0.9
2026-09-28 17:43:01,V0278,Moto,No_B_Norte,23.66,13.62,42.21,1.3
2026-09-28 17:43:02,V0278,Moto,No_B_Norte,18.28,16.51,38.77,-0.19
2026-09-28 17:43:03,V0278,Moto,No_B_Norte,20.64,6.36,35.38,-0.84
2026-09-28 17:43:04,V0278,Moto,No_B_Norte,45.19,44.92,45.61,1.57
2026-09-28 17:43:05,V0278,Moto,No_B_Norte,37.79,12.92,40.3,0.48
2026-09-28 17:43:06,V0278,Moto,No_B_Norte,29.98,39.36,46.74,-1.96
2026-09-28 17:43:07,V0278,Moto,No_B_Norte,15.39,7.8,43.39,-0.1
2026-09-28 17:43:08,V0278,Moto,No_B_Norte,12.22,3.24,28.45,0.93
2026-09-28 17:43:00,V0279,Moto,No_B_Norte,40.3,35.72,39.4,1.11
2026-09-28 17:43:01,V0279,Moto,No_B_Norte,32.81,7.01,24.93,1.29
2026-09-28 17:43:02,V0279,Moto,No_B_Norte,17.75,31.81,49.86,-1.95
2026-09-28 17:43:03,V0279,Moto,No_B_Norte,17.29,30.53,40.67,-0.97
2026-09-28 17:43:04,V0279,Moto,No_B_Norte,31.16,2.83,36.66,0.63
2026-09-28 17:43:05,V0279,Moto,No_B_Norte,37.66,38.31,41.59,0.52
2026-09-28 17:43:06,V0279,Moto,No_B_Norte,19.93,18.54,37.71,-0.03
2026-09-28 17:43:07,V0279,Moto,No_B_Norte,44.62,24.47,49.91,-0.52
2026-09-28 17:43:08,V0279,Moto,No_B_Norte,7.46,33.74,33.33,0.89
2026-09-28 17:43:09,V0279,Moto,No_B_Norte,12.54,39.55,38.03,-2.77
2026-09-28 17:43:01,V0280,Carro,No_C_Leste,24.3,27.65,39.29,-0.92
2026-09-28 17:43:02,V0280,Carro,No_C_Leste,31.08,9.07,37.75,-1.13
2026-09-28 17:43:03,V0280,Carro,No_C_Leste,4.17,6.52,40.55,0.91
2026-09-28 17:43:04,V0280,Carro,No_C_Leste,23.1,17.8,28.2,0.88
2026-09-28 17:43:05,V0280,Carro,No_C_Leste,35.77,18.7,51.5,-0.59
2026-09-28 17:43:06,V0280,Carro,No_C_Leste,48.54,35.04,35.65,-0.66
2026-09-28 17:43:07,V0280,Carro,No_C_Leste,19.23,22.97,47.86,2.07
2026-09-28 17:43:08,V0280,Carro,No_C_Leste,37.3,7.7,47.44,0.18
2026-09-28 17:43:09,V0280,Carro,No_C_Leste,44.97,46.75,33.68,1.06
2026-09-28 17:43:10,V0280,Carro,No_C_Leste,27.71,38.55,38.31,-1.23
2026-09-28 17:43:02,V0281,Caminhao,No_A_Centro,30.2,40.49,59.01,2.32
2026-09-28 17:43:03,V0281,Caminhao,No_A_Centro,44.63,45.08,68.8,-1.02
2026-09-28 17:43:04,V0281,Caminhao,No_A_Centro,17.46,5.49,56.36,-0.58
2026-09-28 17:43:05,V0281,Caminhao,No_A_Centro,19.07,36.47,73.45,3.15
2026-09-28 17:43:06,V0281,Caminhao,No_A_Centro,49.44,4.99,63.78,2.85
2026-09-28 17:43:07,V0281,Caminhao,No_A_Centro,28.95,20.37,69.13,0.59
2026-09-28 17:43:08,V0281,Caminhao,No_A_Centro,36.88,42.64,58.89,3.51
2026-09-28 17:43:09,V0281,Caminhao,No_A_Centro,36.66,24.67,61.75,3.83
2026-09-28 17:43:10,V0281,Caminhao,No_A_Centro,46.9,3.86,60.23,2.6
2026-09-28 17:43:11,V0281,Caminhao,No_A_Centro,25.22,28.75,67.49,1.36
2026-09-28 17:43:03,V0282,Onibus,No_A_Centro,5.51,20.47,100.39,7.0
2026-09-28 17:43:04,V0282,Onibus,No_A_Centro,18.55,2.35,81.74,6.92
2026-09-28 17:43:05,V0282,Onibus,No_A_Centro,1.77,38.76,97.91,4.32
2026-09-28 17:43:06,V0282,Onibus,No_A_Centro,11.37,36.43,74.42,6.7
2026-09-28 17:43:07,V0282,Onibus,No_A_Centro,35.94,26.54,89.39,4.68
2026-09-28 17:43:08,V0282,Onibus,No_A_Centro,25.72,48.61,80.58,6.33
2026-09-28 17:43:09,V0282,Onibus,No_A_Centro,24.24,18.93,85.1,5.55
2026-09-28 17:43:10,V0282,Onibus,No_A_Centro,9.14,11.84,96.89,0.6
2026-09-28 17:43:11,V0282,Onibus,No_A_Centro,14.58,40.01,79.78,-2.46
2026-09-28 17:43:12,V0282,Onibus,No_A_Centro,19.63,46.18,94.41,1.84
2026-09-28 17:43:04,V0283,Carro,No_A_Centro,47.95,21.45,36.82,0.5
2026-09-28 17:43:05,V0283,Carro,No_A_Centro,10.69,27.16,43.44,-0.83
2026-09-28 17:43:06,V0283,Carro,No_A_Centro,17.44,29.19,47.13,0.48
2026-09-28 17:43:07,V0283,Carro,No_A_Centro,43.9,7.99,51.34,-0.16
2026-09-28 17:43:08,V0283,Carro,No_A_Centro,32.38,21.33,32.3,0.42
2026-09-28 17:43:09,V0283,Carro,No_A_Centro,47.0,3.81,36.19,-2.33
2026-09-28 17:43:10,V0283,Carro,No_A_Centro,39.17,41.5,43.59,0.55
2026-09-28 17:43:11,V0283,Carro,No_A_Centro,26.58,49.34,40.69,0.37
2026-09-28 17:43:12,V0283,Carro,No_A_Centro,6.76,26.06,33.11,-1.09
2026-09-28 17:43:13,V0283,Carro,No_A_Centro,38.79,3.86,39.0,0.44
2026-09-28 17:43:05,V0284,Carro,No_B_Norte,9.06,5.08,78.47,6.78
2026-09-28 17:43:06,V0284,Carro,No_B_Norte,27.93,49.73,71.96,3.28
2026-09-28 17:43:07,V0284,Carro,No_B_Norte,28.02,28.3,79.86,1.64
2026-09-28 17:43:08,V0284,Carro,No_B_Norte,48.6,43.69,58.4,-0.56
2026-09-28 17:43:09,V0284,Carro,No_B_Norte,21.54,27.56,77.14,5.76
2026-09-28 17:43:10,V0284,Carro,No_B_Norte,12.24,7.18,70.95,3.27
2026-09-28 17:43:11,V0284,Carro,No_B_Norte,23.72,16.65,66.41,4.77
2026-09-28 17:43:12,V0284,Carro,No_B_Norte,46.4,22.79,59.47,2.77
2026-09-28 17:43:13,V0284,Carro,No_B_Norte,6.6,47.63,58.02,-0.13
2026-09-28 17:43:14,V0284,Carro,No_B_Norte,41.84,37.71,69.95,1.91
2026-09-28 17:43:06,V0285,Carro,No_C_Leste,27.4,38.19,65.94,1.5
2026-09-28 17:43:07,V0285,Carro,No_C_Leste,12.31,32.15,49.92,3.66
2026-09-28 17:43:08,V0285,Carro,No_C_Leste,12.39,42.11,69.42,6.91
2026-09-28 17:43:09,V0285,Carro,No_C_Leste,47.8,43.19,55.27,0.99
2026-09-28 17:43:10,V0285,Carro,No_C_Leste,37.21,5.92,64.72,5.57
2026-09-28 17:43:11,V0285,Carro,No_C_Leste,39.4,6.66,59.91,1.92
2026-09-28 17:43:12,V0285,Carro,No_C_Leste,23.21,1.05,55.2,3.83
2026-09-28 17:43:13,V0285,Carro,No_C_Leste,33.47,29.06,58.86,4.39
2026-09-28 17:43:14,V0285,Carro,No_C_Leste,48.58,27.73,59.77,4.61
2026-09-28 17:43:15,V0285,Carro,No_C_Leste,4.24,11.5,66.9,4.69
2026-09-28 17:43:07,V0286,Carro,No_C_Leste,12.11,30.95,43.38,-1.13
2026-09-28 17:43:08,V0286,Carro,No_C_Leste,0.85,25.75,35.82,0.06
2026-09-28 17:43:09,V0286,Carro,No_C_Leste,16.16,27.37,34.64,-1.63
2026-09-28 17:43:10,V0286,Carro,No_C_Leste,5.13,25.6,43.09,0.55
2026-09-28 17:43:11,V0286,Carro,No_C_Leste,2.11,36.73,37.62,1.08
2026-09-28 17:43:12,V0286,Carro,No_C_Leste,38.64,7.69,47.51,0.04
2026-09-28 17:43:13,V0286,Carro,No_C_Leste,37.44,11.07,43.36,-0.04
2026-09-28 17:43:14,V0286,Carro,No_C_Leste,27.33,37.97,22.91,-0.26
2026-09-28 17:43:15,V0286,Carro,No_C_Leste,21.47,8.46,42.91,-1.22
2026-09-28 17:43:16,V0286,Carro,No_C_Leste,30.15,30.04,35.27,-0.19
2026-09-28 17:43:08,V0287,Moto,No_A_Centro,5.2,30.53,59.56,4.54
2026-09-28 17:43:09,V0287,Moto,No_A_Centro,46.24,15.73,66.67,5.42
2026-09-28 17:43:10,V0287,Moto,No_A_Centro,16.41,16.2,70.74,1.73
2026-09-28 17:43:11,V0287,Moto,No_A_Centro,10.43,49.72,70.1,3.29
2026-09-28 17:43:12,V0287,Moto,No_A_Centro,37.85,24.73,78.93,5.15
2026-09-28 17:43:13,V0287,Moto,No_A_Centro,21.04,41.25,68.87,4.92
2026-09-28 17:43:14,V0287,Moto,No_A_Centro,7.67,39.42,70.6,4.3
2026-09-28 17:43:15,V0287,Moto,No_A_Centro,39.17,39.77,75.51,4.35
2026-09-28 17:43:16,V0287,Moto,No_A_Centro,33.56,3.84,67.92,4.35
2026-09-28 17:43:17,V0287,Moto,No_A_Centro,48.41,14.13,65.18,5.9
2026-09-28 17:43:09,V0288,Caminhao,No_C_Leste,2.29,38.45,32.49,0.43
2026-09-28 17:43:10,V0288,Caminhao,No_C_Leste,40.89,17.56,40.94,-0.81
2026-09-28 17:43:11,V0288,Caminhao,No_C_Leste,36.94,23.65,39.7,0.66
2026-09-28 17:43:12,V0288,Caminhao,No_C_Leste,10.65,10.35,40.23,0.8
2026-09-28 17:43:13,V0288,Caminhao,No_C_Leste,41.09,21.41,37.71,0.31
2026-09-28 17:43:14,V0288,Caminhao,No_C_Leste,1.23,1.57,46.11,-0.24
2026-09-28 17:43:15,V0288,Caminhao,No_C_Leste,13.4,25.92,32.0,-0.08
2026-09-28 17:43:16,V0288,Caminhao,No_C_Leste,31.68,45.05,39.89,-0.55
2026-09-28 17:43:17,V0288,Caminhao,No_C_Leste,10.01,20.75,57.47,-2.66
2026-09-28 17:43:18,V0288,Caminhao,No_C_Leste,16.87,19.9,44.42,0.24
2026-09-28 17:43:10,V0289,Carro,No_B_Norte,9.38,45.92,35.14,1.17
2026-09-28 17:43:11,V0289,Carro,No_B_Norte,24.62,49.48,41.5,-0.04
2026-09-28 17:43:12,V0289,Carro,No_B_Norte,16.87,26.86,30.26,1.64
2026-09-28 17:43:13,V0289,Carro,No_B_Norte,43.79,15.47,43.49,-1.56
2026-09-28 17:43:14,V0289,Carro,No_B_Norte,20.76,49.92,39.68,0.35
2026-09-28 17:43:15,V0289,Carro,No_B_Norte,7.04,16.37,40.18,-0.06
2026-09-28 17:43:16,V0289,Carro,No_B_Norte,11.26,15.77,24.42,-0.0
2026-09-28 17:43:17,V0289,Carro,No_B_Norte,46.32,40.61,38.88,1.63
2026-09-28 17:43:18,V0289,Carro,No_B_Norte,34.02,11.37,38.56,0.51
2026-09-28 17:43:19,V0289,Carro,No_B_Norte,11.34,3.53,43.68,-0.95
2026-09-28 17:43:11,V0290,Carro,No_A_Centro,11.19,15.59,43.73,-0.77
2026-09-28 17:43:12,V0290,Carro,No_A_Centro,40.74,23.63,51.67,-0.62
2026-09-28 17:43:13,V0290,Carro,No_A_Centro,34.5,29.89,39.2,-0.53
2026-09-28 17:43:14,V0290,Carro,No_A_Centro,29.57,4.91,43.64,-0.49
2026-09-28 17:43:15,V0290,Carro,No_A_Centro,49.56,42.78,51.46,2.37
2026-09-28 17:43:16,V0290,Carro,No_A_Centro,11.84,16.44,40.03,0.27
2026-09-28 17:43:17,V0290,Carro,No_A_Centro,8.2,7.11,37.21,-1.22
2026-09-28 17:43:18,V0290,Carro,No_A_Centro,48.46,6.81,43.03,-0.12
2026-09-28 17:43:19,V0290,Carro,No_A_Centro,8.71,47.09,30.12,0.67
2026-09-28 17:43:20,V0290,Carro,No_A_Centro,26.57,2.11,46.86,0.16
2026-09-28 17:43:12,V0291,Carro,No_B_Norte,16.38,0.45,50.43,-2.15
2026-09-28 17:43:13,V0291,Carro,No_B_Norte,5.52,44.55,38.27,1.19
2026-09-28 17:43:14,V0291,Carro,No_B_Norte,31.85,26.52,43.63,-0.07
2026-09-28 17:43:15,V0291,Carro,No_B_Norte,26.21,32.96,37.96,-0.89
2026-09-28 17:43:16,V0291,Carro,No_B_Norte,35.65,10.74,36.0,-0.89
2026-09-28 17:43:17,V0291,Carro,No_B_Norte,31.14,10.65,43.36,1.6
2026-09-28 17:43:18,V0291,Carro,No_B_Norte,2.66,9.97,45.8,-0.61
2026-09-28 17:43:19,V0291,Carro,No_B_Norte,31.96,21.71,38.14,0.61
2026-09-28 17:43:20,V0291,Carro,No_B_Norte,48.98,10.42,38.67,-0.48
2026-09-28 17:43:21,V0291,Carro,No_B_Norte,1.32,3.27,32.58,0.85
2026-09-28 17:43:13,V0292,Carro,No_A_Centro,27.74,35.84,68.11,2.68
2026-09-28 17:43:14,V0292,Carro,No_A_Centro,3.78,31.7,70.46,1.44
2026-09-28 17:43:15,V0292,Carro,No_A_Centro,12.92,40.65,53.51,2.78
2026-09-28 17:43:16,V0292,Carro,No_A_Centro,9.41,48.52,47.36,0.52
2026-09-28 17:43:17,V0292,Carro,No_A_Centro,18.94,18.98,57.21,2.82
2026-09-28 17:43:18,V0292,Carro,No_A_Centro,47.92,1.03,67.31,9.68
2026-09-28 17:43:19,V0292,Carro,No_A_Centro,23.9,22.62,75.33,0.46
2026-09-28 17:43:20,V0292,Carro,No_A_Centro,39.65,9.22,62.42,3.89
2026-09-28 17:43:21,V0292,Carro,No_A_Centro,4.91,43.38,49.38,3.84
2026-09-28 17:43:22,V0292,Carro,No_A_Centro,16.44,11.07,72.7,2.3
2026-09-28 17:43:14,V0293,Carro,No_C_Leste,11.37,4.74,41.42,-0.41
2026-09-28 17:43:15,V0293,Carro,No_C_Leste,3.97,27.53,34.18,-0.05
2026-09-28 17:43:16,V0293,Carro,No_C_Leste,22.43,21.4,51.17,-0.96
2026-09-28 17:43:17,V0293,Carro,No_C_Leste,37.27,12.84,37.43,-0.34
2026-09-28 17:43:18,V0293,Carro,No_C_Leste,25.4,15.74,47.99,0.08
2026-09-28 17:43:19,V0293,Carro,No_C_Leste,37.7,4.02,35.26,-0.65
2026-09-28 17:43:20,V0293,Carro,No_C_Leste,8.29,13.31,40.38,0.28
2026-09-28 17:43:21,V0293,Carro,No_C_Leste,35.61,4.36,37.88,-0.05
2026-09-28 17:43:22,V0293,Carro,No_C_Leste,22.08,1.77,36.59,1.36
2026-09-28 17:43:23,V0293,Carro,No_C_Leste,33.51,13.78,38.58,-1.93
2026-09-28 17:43:15,V0294,Carro,No_B_Norte,36.32,19.13,47.12,1.1
2026-09-28 17:43:16,V0294,Carro,No_B_Norte,39.89,22.83,39.64,-0.07
2026-09-28 17:43:17,V0294,Carro,No_B_Norte,30.45,46.78,35.6,0.24
2026-09-28 17:43:18,V0294,Carro,No_B_Norte,46.63,16.31,38.62,0.48
2026-09-28 17:43:19,V0294,Carro,No_B_Norte,34.05,40.07,35.81,-0.57
2026-09-28 17:43:20,V0294,Carro,No_B_Norte,20.79,48.97,39.34,0.3
2026-09-28 17:43:21,V0294,Carro,No_B_Norte,34.32,1.57,30.47,0.33
2026-09-28 17:43:22,V0294,Carro,No_B_Norte,10.29,46.42,44.12,0.5
2026-09-28 17:43:23,V0294,Carro,No_B_Norte,30.64,26.75,35.32,-0.77
2026-09-28 17:43:24,V0294,Carro,No_B_Norte,13.37,32.58,41.96,0.47
2026-09-28 17:43:16,V0295,Carro,No_A_Centro,48.3,23.59,67.18,5.71
2026-09-28 17:43:17,V0295,Carro,No_A_Centro,15.34,41.4,65.63,4.64
2026-09-28 17:43:18,V0295,Carro,No_A_Centro,38.44,7.71,68.99,3.09
2026-09-28 17:43:19,V0295,Carro,No_A_Centro,47.22,2.38,63.75,0.43
2026-09-28 17:43:20,V0295,Carro,No_A_Centro,34.82,40.15,75.34,5.85
2026-09-28 17:43:21,V0295,Carro,No_A_Centro,11.57,0.03,64.52,0.89
2026-09-28 17:43:22,V0295,Carro,No_A_Centro,21.0,14.29,62.31,2.72
2026-09-28 17:43:23,V0295,Carro,No_A_Centro,36.25,40.62,57.21,2.93
2026-09-28 17:43:24,V0295,Carro,No_A_Centro,37.45,7.08,60.84,3.19
2026-09-28 17:43:25,V0295,Carro,No_A_Centro,33.71,31.1,70.33,6.43
2026-09-28 17:43:17,V0296,Moto,No_C_Leste,38.8,35.42,36.48,-0.19
2026-09-28 17:43:18,V0296,Moto,No_C_Leste,44.77,7.61,37.17,0.3
2026-09-28 17:43:19,V0296,Moto,No_C_Leste,38.71,19.89,47.03,-0.57
2026-09-28 17:43:20,V0296,Moto,No_C_Leste,44.61,14.48,29.53,-1.33
2026-09-28 17:43:21,V0296,Moto,No_C_Leste,8.3,4.04,53.72,1.06
2026-09-28 17:43:22,V0296,Moto,No_C_Leste,15.02,7.3,42.26,1.6
2026-09-28 17:43:23,V0296,Moto,No_C_Leste,9.84,44.46,36.83,-0.71
2026-09-28 17:43:24,V0296,Moto,No_C_Leste,35.82,11.38,42.18,-0.43
2026-09-28 17:43:25,V0296,Moto,No_C_Leste,3.62,15.42,37.43,-0.5
2026-09-28 17:43:26,V0296,Moto,No_C_Leste,40.92,22.77,40.4,1.15
2026-09-28 17:43:18,V0297,Carro,No_B_Norte,45.99,49.29,88.18,7.3
2026-09-28 17:43:19,V0297,Carro,No_B_Norte,43.61,35.13,92.23,2.53
2026-09-28 17:43:20,V0297,Carro,No_B_Norte,2.82,13.06,86.58,10.21
2026-09-28 17:43:21,V0297,Carro,No_B_Norte,12.55,15.89,88.42,6.65
2026-09-28 17:43:22,V0297,Carro,No_B_Norte,30.05,34.26,74.29,3.16
2026-09-28 17:43:23,V0297,Carro,No_B_Norte,41.37,3.91,78.68,3.6
2026-09-28 17:43:24,V0297,Carro,No_B_Norte,23.23,13.48,96.39,2.3
2026-09-28 17:43:25,V0297,Carro,No_B_Norte,8.7,4.44,78.71,9.67
2026-09-28 17:43:26,V0297,Carro,No_B_Norte,36.12,31.31,98.04,4.29
2026-09-28 17:43:27,V0297,Carro,No_B_Norte,13.72,20.51,68.44,3.89
2026-09-28 17:43:19,V0298,Onibus,No_C_Leste,28.28,3.35,46.2,1.41
2026-09-28 17:43:20,V0298,Onibus,No_C_Leste,16.97,7.14,42.71,-0.03
2026-09-28 17:43:21,V0298,Onibus,No_C_Leste,49.81,35.0,38.84,0.48
2026-09-28 17:43:22,V0298,Onibus,No_C_Leste,8.06,4.85,50.87,-1.93
2026-09-28 17:43:23,V0298,Onibus,No_C_Leste,39.5,33.46,52.21,-0.22
2026-09-28 17:43:24,V0298,Onibus,No_C_Leste,27.3,35.37,38.85,1.2
2026-09-28 17:43:25,V0298,Onibus,No_C_Leste,42.6,12.94,38.43,0.52
2026-09-28 17:43:26,V0298,Onibus,No_C_Leste,37.98,24.36,42.36,1.34
2026-09-28 17:43:27,V0298,Onibus,No_C_Leste,24.62,19.14,36.59,0.66
2026-09-28 17:43:28,V0298,Onibus,No_C_Leste,16.9,21.19,30.86,-1.91
2026-09-28 17:43:20,V0299,Carro,No_B_Norte,34.71,37.8,45.66,1.25
2026-09-28 17:43:21,V0299,Carro,No_B_Norte,42.92,42.83,45.73,-0.9
2026-09-28 17:43:22,V0299,Carro,No_B_Norte,34.85,24.66,39.48,0.11
2026-09-28 17:43:23,V0299,Carro,No_B_Norte,48.8,45.93,48.33,1.76
2026-09-28 17:43:24,V0299,Carro,No_B_Norte,28.12,47.95,38.29,2.54
2026-09-28 17:43:25,V0299,Carro,No_B_Norte,40.87,34.91,37.84,-1.03
2026-09-28 17:43:26,V0299,Carro,No_B_Norte,20.9,24.4,48.29,1.19
2026-09-28 17:43:27,V0299,Carro,No_B_Norte,19.86,41.79,38.54,-0.39
2026-09-28 17:43:28,V0299,Carro,No_B_Norte,12.32,28.65,48.55,0.57
2026-09-28 17:43:29,V0299,Carro,No_B_Norte,44.28,28.41,40.93,-0.7
