timestamp,id_veiculo,tipo_veiculo,cruzamento,perfil_simulado,pos_x,pos_y,velocidade_kmh,aceleracao_ms2,excesso_velocidade,aceleracao_brusca,comportamento_risco,minuto
2026-09-28 17:00:00,V0000,Carro,No_A_Centro,Agressivo,19.54,39.16,56.1,3.64,0,0,0,2026-09-28 17:00:00
2026-09-28 17:00:01,V0000,Carro,No_A_Centro,Agressivo,19.01,34.52,67.23,5.02,1,1,1,2026-09-28 17:00:00
2026-09-28 17:00:02,V0000,Carro,No_A_Centro,Agressivo,18.54,30.35,60.35,1.95,1,0,1,2026-09-28 17:00:00
2026-09-28 17:00:03,V0000,Carro,No_A_Centro,Agressivo,18.07,26.18,60.43,1.15,1,0,1,2026-09-28 17:00:00
2026-09-28 17:00:04,V0000,Carro,No_A_Centro,Agressivo,17.72,23.14,44.1,4.9,0,1,1,2026-09-28 17:00:00
2026-09-28 17:00:05,V0000,Carro,No_A_Centro,Agressivo,17.16,18.21,71.53,-0.05,1,0,1,2026-09-28 17:00:00
2026-09-28 17:00:06,V0000,Carro,No_A_Centro,Agressivo,16.68,13.96,61.58,1.52,1,0,1,2026-09-28 17:00:00
2026-09-28 17:00:07,V0000,Carro,No_A_Centro,Agressivo,16.21,9.86,59.37,-1.28,0,0,0,2026-09-28 17:00:00
2026-09-28 17:00:08,V0000,Carro,No_A_Centro,Agressivo,15.74,5.72,59.96,4.2,0,1,1,2026-09-28 17:00:00
2026-09-28 17:00:09,V0000,Carro,No_A_Centro,Agressivo,15.07,0.0,85.48,3.79,1,0,1,2026-09-28 17:00:00
2026-09-28 17:00:01,V0001,Carro,No_A_Centro,Agressivo,8.86,32.97,60.19,2.42,1,0,1,2026-09-28 17:00:00
2026-09-28 17:00:02,V0001,Carro,No_A_Centro,Agressivo,10.86,36.64,60.19,6.7,1,1,1,2026-09-28 17:00:00
2026-09-28 17:00:03,V0001,Carro,No_A_Centro,Agressivo,13.02,40.6,64.89,0.88,1,0,1,2026-09-28 17:00:00
2026-09-28 17:00:04,V0001,Carro,No_A_Centro,Agressivo,15.4,44.96,71.58,0.56,1,0,1,2026-09-28 17:00:00
2026-09-28 17:00:05,V0001,Carro,No_A_Centro,Agressivo,17.62,49.03,66.67,-0.92,1,0,1,2026-09-28 17:00:00
2026-09-28 17:00:06,V0001,Carro,No_A_Centro,Agressivo,19.42,50.0,54.37,3.39,0,0,0,2026-09-28 17:00:00
2026-09-28 17:00:07,V0001,Carro,No_A_Centro,Agressivo,21.78,50.0,70.91,3.34,1,0,1,2026-09-28 17:00:00
2026-09-28 17:00:08,V0001,Carro,No_A_Centro,Agressivo,23.91,50.0,64.07,2.4,1,0,1,2026-09-28 17:00:00
2026-09-28 17:00:09,V0001,Carro,No_A_Centro,Agressivo,25.68,50.0,53.17,1.56,0,0,0,2026-09-28 17:00:00
2026-09-28 17:00:10,V0001,Carro,No_A_Centro,Agressivo,27.72,50.0,61.31,5.11,1,1,1,2026-09-28 17:00:00
2026-09-28 17:00:02,V0002,Carro,No_C_Leste,Prudente,18.12,29.01,42.91,0.89,0,0,0,2026-09-28 17:00:00
2026-09-28 17:00:03,V0002,Carro,No_C_Leste,Prudente,20.08,31.41,44.47,0.75,0,0,0,2026-09-28 17:00:00
2026-09-28 17:00:04,V0002,Carro,No_C_Leste,Prudente,21.79,33.5,38.96,-0.62,0,0,0,2026-09-28 17:00:00
2026-09-28 17:00:05,V0002,Carro,No_C_Leste,Prudente,23.22,35.25,32.46,1.1,0,0,0,2026-09-28 17:00:00
2026-09-28 17:00:06,V0002,Carro,No_C_Leste,Prudente,24.94,37.35,39.11,-0.41,0,0,0,2026-09-28 17:00:00
2026-09-28 17:00:07,V0002,Carro,No_C_Leste,Prudente,26.95,39.82,45.9,-0.9,0,0,0,2026-09-28 17:00:00
2026-09-28 17:00:08,V0002,Carro,No_C_Leste,Prudente,28.9,42.19,44.17,0.3,0,0,0,2026-09-28 17:00:00
2026-09-28 17:00:09,V0002,Carro,No_C_Leste,Prudente,30.43,44.06,34.81,-0.08,0,0,0,2026-09-28 17:00:00
2026-09-28 17:00:10,V0002,Carro,No_C_Leste,Prudente,32.4,46.48,44.86,0.8,0,0,0,2026-09-28 17:00:00
2026-09-28 17:00:11,V0002,Carro,No_C_Leste,Prudente,34.48,49.03,47.48,0.34,0,0,0,2026-09-28 17:00:00
2026-09-28 17:00:03,V0003,Carro,No_A_Centro,Prudente,22.23,27.14,40.44,-0.3,0,0,0,2026-09-28 17:00:00
2026-09-28 17:00:04,V0003,Carro,No_A_Centro,Prudente,19.71,28.38,40.46,-1.99,0,0,0,2026-09-28 17:00:00
2026-09-28 17:00:05,V0003,Carro,No_A_Centro,Prudente,17.28,29.57,38.9,0.36,0,0,0,2026-09-28 17:00:00
2026-09-28 17:00:06,V0003,Carro,No_A_Centro,Prudente,14.32,31.01,47.39,-0.52,0,0,0,2026-09-28 17:00:00
2026-09-28 17:00:07,V0003,Carro,No_A_Centro,Prudente,12.08,32.11,35.96,-0.5,0,0,0,2026-09-28 17:00:00
2026-09-28 17:00:08,V0003,Carro,No_A_Centro,Prudente,9.3,33.47,44.58,0.33,0,0,0,2026-09-28 17:00:00
2026-09-28 17:00:09,V0003,Carro,No_A_Centro,Prudente,6.97,34.61,37.35,0.51,0,0,0,2026-09-28 17:00:00
2026-09-28 17:00:10,V0003,Carro,No_A_Centro,Prudente,4.45,35.85,40.49,0.97,0,0,0,2026-09-28 17:00:00
2026-09-28 17:00:11,V0003,Carro,No_A_Centro,Prudente,2.17,36.96,36.49,-0.33,0,0,0,2026-09-28 17:00:00
2026-09-28 17:00:12,V0003,Carro,No_A_Centro,Prudente,0.0,38.13,38.04,-1.46,0,0,0,2026-09-28 17:00:00
2026-09-28 17:00:04,V0004,Carro,No_C_Leste,Prudente,39.57,39.51,26.72,0.35,0,0,0,2026-09-28 17:00:00
2026-09-28 17:00:05,V0004,Carro,No_C_Leste,Prudente,42.21,39.63,38.02,-0.29,0,0,0,2026-09-28 17:00:00
2026-09-28 17:00:06,V0004,Carro,No_C_Leste,Prudente,45.14,39.75,42.26,-0.17,0,0,0,2026-09-28 17:00:00
2026-09-28 17:00:07,V0004,Carro,No_C_Leste,Prudente,47.99,39.88,41.07,-2.02,0,0,0,2026-09-28 17:00:00
2026-09-28 17:00:08,V0004,Carro,No_C_Leste,Prudente,50.0,39.99,35.28,1.4,0,0,0,2026-09-28 17:00:00
2026-09-28 17:00:09,V0004,Carro,No_C_Leste,Prudente,50.0,40.11,39.91,-1.67,0,0,0,2026-09-28 17:00:00
2026-09-28 17:00:10,V0004,Carro,No_C_Leste,Prudente,50.0,40.21,34.64,-0.99,0,0,0,2026-09-28 17:00:00
2026-09-28 17:00:11,V0004,Carro,No_C_Leste,Prudente,50.0,40.33,40.51,-0.43,0,0,0,2026-09-28 17:00:00
2026-09-28 17:00:12,V0004,Carro,No_C_Leste,Prudente,50.0,40.45,36.7,0.0,0,0,0,2026-09-28 17:00:00
2026-09-28 17:00:13,V0004,Carro,No_C_Leste,Prudente,50.0,40.57,42.39,-0.26,0,0,0,2026-09-28 17:00:00
2026-09-28 17:00:05,V0005,Carro,No_C_Leste,Agressivo,9.44,11.14,74.14,4.5,1,1,1,2026-09-28 17:00:00
2026-09-28 17:00:06,V0005,Carro,No_C_Leste,Agressivo,4.5,11.46,71.33,1.18,1,0,1,2026-09-28 17:00:00
2026-09-28 17:00:07,V0005,Carro,No_C_Leste,Agressivo,0.0,11.82,76.22,0.2,1,0,1,2026-09-28 17:00:00
2026-09-28 17:00:08,V0005,Carro,No_C_Leste,Agressivo,0.0,12.14,69.69,7.38,1,1,1,2026-09-28 17:00:00
2026-09-28 17:00:09,V0005,Carro,No_C_Leste,Agressivo,0.0,12.4,57.08,1.87,0,0,0,2026-09-28 17:00:00
2026-09-28 17:00:10,V0005,Carro,No_C_Leste,Agressivo,0.0,12.7,65.8,1.99,1,0,1,2026-09-28 17:00:00
2026-09-28 17:00:11,V0005,Carro,No_C_Leste,Agressivo,0.0,12.94,52.59,3.14,0,0,0,2026-09-28 17:00:00
2026-09-28 17:00:12,V0005,Carro,No_C_Leste,Agressivo,0.0,13.2,56.5,3.95,0,0,0,2026-09-28 17:00:00
2026-09-28 17:00:13,V0005,Carro,No_C_Leste,Agressivo,0.0,13.47,57.64,6.1,0,1,1,2026-09-28 17:00:00
2026-09-28 17:00:14,V0005,Carro,No_C_Leste,Agressivo,0.0,13.74,58.73,2.36,0,0,0,2026-09-28 17:00:00
2026-09-28 17:00:06,V0006,Carro,No_B_Norte,Prudente,41.83,43.23,45.22,0.53,0,0,0,2026-09-28 17:00:00
2026-09-28 17:00:07,V0006,Carro,No_B_Norte,Prudente,41.67,46.48,46.82,2.54,0,0,0,2026-09-28 17:00:00
2026-09-28 17:00:08,V0006,Carro,No_B_Norte,Prudente,41.54,49.14,38.38,-0.21,0,0,0,2026-09-28 17:00:00
2026-09-28 17:00:09,V0006,Carro,No_B_Norte,Prudente,41.42,50.0,32.8,1.19,0,0,0,2026-09-28 17:00:00
2026-09-28 17:00:10,V0006,Carro,No_B_Norte,Prudente,41.26,50.0,46.5,-0.87,0,0,0,2026-09-28 17:00:00
2026-09-28 17:00:11,V0006,Carro,No_B_Norte,Prudente,41.11,50.0,43.09,1.22,0,0,0,2026-09-28 17:00:00
2026-09-28 17:00:12,V0006,Carro,No_B_Norte,Prudente,40.97,50.0,41.13,0.85,0,0,0,2026-09-28 17:00:00
2026-09-28 17:00:13,V0006,Carro,No_B_Norte,Prudente,40.83,50.0,40.87,-1.22,0,0,0,2026-09-28 17:00:00
2026-09-28 17:00:14,V0006,Carro,No_B_Norte,Prudente,40.67,50.0,45.25,1.33,0,0,0,2026-09-28 17:00:00
2026-09-28 17:00:15,V0006,Carro,No_B_Norte,Prudente,40.52,50.0,43.67,-0.95,0,0,0,2026-09-28 17:00:00
2026-09-28 17:00:07,V0007,Moto,No_A_Centro,Agressivo,14.38,12.97,72.71,3.83,1,0,1,2026-09-28 17:00:00
2026-09-28 17:00:08,V0007,Moto,No_A_Centro,Agressivo,14.27,8.0,71.58,6.79,1,1,1,2026-09-28 17:00:00
2026-09-28 17:00:09,V0007,Moto,No_A_Centro,Agressivo,14.17,3.62,63.04,1.49,1,0,1,2026-09-28 17:00:00
2026-09-28 17:00:10,V0007,Moto,No_A_Centro,Agressivo,14.08,0.0,57.88,1.37,0,0,0,2026-09-28 17:00:00
2026-09-28 17:00:11,V0007,Moto,No_A_Centro,Agressivo,13.99,0.0,64.38,3.68,1,0,1,2026-09-28 17:00:00
2026-09-28 17:00:12,V0007,Moto,No_A_Centro,Agressivo,13.88,0.0,67.21,4.65,1,1,1,2026-09-28 17:00:00
2026-09-28 17:00:13,V0007,Moto,No_A_Centro,Agressivo,13.78,0.0,65.1,5.91,1,1,1,2026-09-28 17:00:00
2026-09-28 17:00:14,V0007,Moto,No_A_Centro,Agressivo,13.69,0.0,62.88,8.44,1,1,1,2026-09-28 17:00:00
2026-09-28 17:00:15,V0007,Moto,No_A_Centro,Agressivo,13.58,0.0,70.01,1.29,1,0,1,2026-09-28 17:00:00
2026-09-28 17:00:16,V0007,Moto,No_A_Centro,Agressivo,13.49,0.0,56.43,3.96,0,0,0,2026-09-28 17:00:00
2026-09-28 17:00:08,V0008,Carro,No_B_Norte,Prudente,44.97,41.76,39.38,0.74,0,0,0,2026-09-28 17:00:00
2026-09-28 17:00:09,V0008,Carro,No_B_Norte,Prudente,47.23,40.43,37.74,0.78,0,0,0,2026-09-28 17:00:00
2026-09-28 17:00:10,V0008,Carro,No_B_Norte,Prudente,49.93,38.83,45.23,-0.34,0,0,0,2026-09-28 17:00:00
2026-09-28 17:00:11,V0008,Carro,No_B_Norte,Prudente,50.0,37.57,35.37,-0.51,0,0,0,2026-09-28 17:00:00
2026-09-28 17:00:12,V0008,Carro,No_B_Norte,Prudente,50.0,36.03,43.55,0.09,0,0,0,2026-09-28 17:00:00
2026-09-28 17:00:13,V0008,Carro,No_B_Norte,Prudente,50.0,34.5,43.15,1.76,0,0,0,2026-09-28 17:00:00
2026-09-28 17:00:14,V0008,Carro,No_B_Norte,Prudente,50.0,33.05,41.15,-0.81,0,0,0,2026-09-28 17:00:00
2026-09-28 17:00:15,V0008,Carro,No_B_Norte,Prudente,50.0,31.44,45.29,0.05,0,0,0,2026-09-28 17:00:00
2026-09-28 17:00:16,V0008,Carro,No_B_Norte,Prudente,50.0,29.87,44.36,1.07,0,0,0,2026-09-28 17:00:00
2026-09-28 17:00:17,V0008,Carro,No_B_Norte,Prudente,50.0,28.63,35.2,1.38,0,0,0,2026-09-28 17:00:00
2026-09-28 17:00:09,V0009,Carro,No_B_Norte,Prudente,17.83,34.63,42.58,3.85,0,0,0,2026-09-28 17:00:00
2026-09-28 17:00:10,V0009,Carro,No_B_Norte,Prudente,18.93,31.86,42.85,1.14,0,0,0,2026-09-28 17:00:00
2026-09-28 17:00:11,V0009,Carro,No_B_Norte,Prudente,20.08,28.97,44.77,0.65,0,0,0,2026-09-28 17:00:00
2026-09-28 17:00:12,V0009,Carro,No_B_Norte,Prudente,21.06,26.49,38.42,0.76,0,0,0,2026-09-28 17:00:00
2026-09-28 17:00:13,V0009,Carro,No_B_Norte,Prudente,21.99,24.16,36.14,-0.24,0,0,0,2026-09-28 17:00:00
2026-09-28 17:00:14,V0009,Carro,No_B_Norte,Prudente,22.95,21.73,37.57,0.08,0,0,0,2026-09-28 17:00:00
2026-09-28 17:00:15,V0009,Carro,No_B_Norte,Prudente,24.27,18.4,51.57,-1.87,0,0,0,2026-09-28 17:00:00
2026-09-28 17:00:16,V0009,Carro,No_B_Norte,Prudente,25.38,15.6,43.43,-1.61,0,0,0,2026-09-28 17:00:00
2026-09-28 17:00:17,V0009,Carro,No_B_Norte,Prudente,26.35,13.17,37.64,1.09,0,0,0,2026-09-28 17:00:00
2026-09-28 17:00:18,V0009,Carro,No_B_Norte,Prudente,27.38,10.57,40.32,-1.08,0,0,0,2026-09-28 17:00:00
2026-09-28 17:00:10,V0010,Carro,No_B_Norte,Agressivo,31.62,9.56,84.11,6.69,1,1,1,2026-09-28 17:00:00
2026-09-28 17:00:11,V0010,Carro,No_B_Norte,Agressivo,27.84,5.88,75.91,4.66,1,1,1,2026-09-28 17:00:00
2026-09-28 17:00:12,V0010,Carro,No_B_Norte,Agressivo,24.6,2.72,65.12,3.88,1,0,1,2026-09-28 17:00:00
2026-09-28 17:00:13,V0010,Carro,No_B_Norte,Agressivo,20.95,0.0,73.38,1.74,1,0,1,2026-09-28 17:00:00
2026-09-28 17:00:14,V0010,Carro,No_B_Norte,Agressivo,17.89,0.0,61.44,-0.34,1,0,1,2026-09-28 17:00:00
2026-09-28 17:00:15,V0010,Carro,No_B_Norte,Agressivo,14.96,0.0,58.83,6.32,0,1,1,2026-09-28 17:00:00
2026-09-28 17:00:16,V0010,Carro,No_B_Norte,Agressivo,11.86,0.0,62.33,2.36,1,0,1,2026-09-28 17:00:00
2026-09-28 17:00:17,V0010,Carro,No_B_Norte,Agressivo,8.5,0.0,67.54,-0.22,1,0,1,2026-09-28 17:00:00
2026-09-28 17:00:18,V0010,Carro,No_B_Norte,Agressivo,4.89,0.0,72.56,5.53,1,1,1,2026-09-28 17:00:00
2026-09-28 17:00:19,V0010,Carro,No_B_Norte,Agressivo,1.51,0.0,68.02,6.3,1,1,1,2026-09-28 17:00:00
2026-09-28 17:00:11,V0011,Carro,No_A_Centro,Agressivo,29.54,27.0,75.14,1.58,1,0,1,2026-09-28 17:00:00
2026-09-28 17:00:12,V0011,Carro,No_A_Centro,Agressivo,29.61,31.76,68.55,4.55,1,1,1,2026-09-28 17:00:00
2026-09-28 17:00:13,V0011,Carro,No_A_Centro,Agressivo,29.67,35.76,57.58,2.88,0,0,0,2026-09-28 17:00:00
2026-09-28 17:00:14,V0011,Carro,No_A_Centro,Agressivo,29.71,38.47,39.07,0.95,0,0,0,2026-09-28 17:00:00
2026-09-28 17:00:15,V0011,Carro,No_A_Centro,Agressivo,29.77,42.85,62.98,0.5,1,0,1,2026-09-28 17:00:00
2026-09-28 17:00:16,V0011,Carro,No_A_Centro,Agressivo,29.85,48.27,78.06,0.14,1,0,1,2026-09-28 17:00:00
2026-09-28 17:00:17,V0011,Carro,No_A_Centro,Agressivo,29.91,50.0,61.48,3.26,1,0,1,2026-09-28 17:00:00
2026-09-28 17:00:18,V0011,Carro,No_A_Centro,Agressivo,29.98,50.0,76.53,0.13,1,0,1,2026-09-28 17:00:00
2026-09-28 17:00:19,V0011,Carro,No_A_Centro,Agressivo,30.06,50.0,74.31,3.02,1,0,1,2026-09-28 17:00:00
2026-09-28 17:00:20,V0011,Carro,No_A_Centro,Agressivo,30.11,50.0,57.15,3.92,0,0,0,2026-09-28 17:00:00
2026-09-28 17:00:12,V0012,Carro,No_B_Norte,Prudente,10.78,31.19,43.24,0.13,0,0,0,2026-09-28 17:00:00
2026-09-28 17:00:13,V0012,Carro,No_B_Norte,Prudente,12.87,31.55,30.51,1.28,0,0,0,2026-09-28 17:00:00
2026-09-28 17:00:14,V0012,Carro,No_B_Norte,Prudente,15.4,31.97,36.92,2.11,0,0,0,2026-09-28 17:00:00
2026-09-28 17:00:15,V0012,Carro,No_B_Norte,Prudente,18.38,32.47,43.43,0.07,0,0,0,2026-09-28 17:00:00
2026-09-28 17:00:16,V0012,Carro,No_B_Norte,Prudente,21.27,32.96,42.2,-0.11,0,0,0,2026-09-28 17:00:00
2026-09-28 17:00:17,V0012,Carro,No_B_Norte,Prudente,23.84,33.39,37.57,0.21,0,0,0,2026-09-28 17:00:00
2026-09-28 17:00:18,V0012,Carro,No_B_Norte,Prudente,26.88,33.9,44.42,-0.46,0,0,0,2026-09-28 17:00:00
2026-09-28 17:00:19,V0012,Carro,No_B_Norte,Prudente,29.41,34.33,36.89,-0.36,0,0,0,2026-09-28 17:00:00
2026-09-28 17:00:20,V0012,Carro,No_B_Norte,Prudente,32.47,34.84,44.76,1.45,0,0,0,2026-09-28 17:00:00
2026-09-28 17:00:21,V0012,Carro,No_B_Norte,Prudente,35.34,35.32,41.81,0.58,0,0,0,2026-09-28 17:00:00
2026-09-28 17:00:13,V0013,Carro,No_C_Leste,Agressivo,39.31,20.71,70.98,4.22,1,1,1,2026-09-28 17:00:00
2026-09-28 17:00:14,V0013,Carro,No_C_Leste,Agressivo,41.29,24.75,64.83,3.23,1,0,1,2026-09-28 17:00:00
2026-09-28 17:00:15,V0013,Carro,No_C_Leste,Agressivo,43.59,29.44,75.22,1.82,1,0,1,2026-09-28 17:00:00
2026-09-28 17:00:16,V0013,Carro,No_C_Leste,Agressivo,45.71,33.77,69.38,2.6,1,0,1,2026-09-28 17:00:00
2026-09-28 17:00:17,V0013,Carro,No_C_Leste,Agressivo,47.65,37.71,63.26,5.2,1,1,1,2026-09-28 17:00:00
2026-09-28 17:00:18,V0013,Carro,No_C_Leste,Agressivo,49.84,42.17,71.6,4.63,1,1,1,2026-09-28 17:00:00
2026-09-28 17:00:19,V0013,Carro,No_C_Leste,Agressivo,50.0,46.88,75.44,3.04,1,0,1,2026-09-28 17:00:00
2026-09-28 17:00:20,V0013,Carro,No_C_Leste,Agressivo,50.0,50.0,70.46,2.38,1,0,1,2026-09-28 17:00:00
2026-09-28 17:00:21,V0013,Carro,No_C_Leste,Agressivo,50.0,50.0,67.59,2.74,1,0,1,2026-09-28 17:00:00
2026-09-28 17:00:22,V0013,Carro,No_C_Leste,Agressivo,50.0,50.0,65.78,4.19,1,1,1,2026-09-28 17:00:00
2026-09-28 17:00:14,V0014,Onibus,No_C_Leste,Prudente,29.42,26.02,46.02,-1.2,0,0,0,2026-09-28 17:00:00
2026-09-28 17:00:15,V0014,Onibus,No_C_Leste,Prudente,28.6,28.95,43.85,0.67,0,0,0,2026-09-28 17:00:00
2026-09-28 17:00:16,V0014,Onibus,No_C_Leste,Prudente,27.92,31.39,36.5,-0.01,0,0,0,2026-09-28 17:00:00
2026-09-28 17:00:17,V0014,Onibus,No_C_Leste,Prudente,27.37,33.37,29.55,1.77,0,0,0,2026-09-28 17:00:00
2026-09-28 17:00:18,V0014,Onibus,No_C_Leste,Prudente,26.65,35.94,38.45,0.8,0,0,0,2026-09-28 17:00:00
2026-09-28 17:00:19,V0014,Onibus,No_C_Leste,Prudente,25.85,38.82,43.07,1.36,0,0,0,2026-09-28 17:00:00
2026-09-28 17:00:20,V0014,Onibus,No_C_Leste,Prudente,25.15,41.35,37.83,0.2,0,0,0,2026-09-28 17:00:00
2026-09-28 17:00:21,V0014,Onibus,No_C_Leste,Prudente,24.35,44.22,42.8,0.87,0,0,0,2026-09-28 17:00:00
2026-09-28 17:00:22,V0014,Onibus,No_C_Leste,Prudente,23.5,47.28,45.77,-0.48,0,0,0,2026-09-28 17:00:00
2026-09-28 17:00:23,V0014,Onibus,No_C_Leste,Prudente,22.81,49.73,36.68,1.36,0,0,0,2026-09-28 17:00:00
2026-09-28 17:00:15,V0015,Carro,No_C_Leste,Prudente,5.47,34.98,44.29,-0.16,0,0,0,2026-09-28 17:00:00
2026-09-28 17:00:16,V0015,Carro,No_C_Leste,Prudente,2.88,33.99,39.9,-1.0,0,0,0,2026-09-28 17:00:00
2026-09-28 17:00:17,V0015,Carro,No_C_Leste,Prudente,0.3,32.99,39.91,-0.29,0,0,0,2026-09-28 17:00:00
2026-09-28 17:00:18,V0015,Carro,No_C_Leste,Prudente,0.0,31.96,41.61,-0.83,0,0,0,2026-09-28 17:00:00
2026-09-28 17:00:19,V0015,Carro,No_C_Leste,Prudente,0.0,30.9,42.6,1.53,0,0,0,2026-09-28 17:00:00
2026-09-28 17:00:20,V0015,Carro,No_C_Leste,Prudente,0.0,29.91,39.46,0.4,0,0,0,2026-09-28 17:00:00
2026-09-28 17:00:21,V0015,Carro,No_C_Leste,Prudente,0.0,28.83,43.45,-0.4,0,0,0,2026-09-28 17:00:00
2026-09-28 17:00:22,V0015,Carro,No_C_Leste,Prudente,0.0,27.81,41.12,0.01,0,0,0,2026-09-28 17:00:00
2026-09-28 17:00:23,V0015,Carro,No_C_Leste,Prudente,0.0,26.8,40.49,-0.77,0,0,0,2026-09-28 17:00:00
2026-09-28 17:00:24,V0015,Carro,No_C_Leste,Prudente,0.0,25.8,40.12,0.5,0,0,0,2026-09-28 17:00:00
2026-09-28 17:00:16,V0016,Carro,No_A_Centro,Agressivo,25.21,34.29,74.6,6.63,1,1,1,2026-09-28 17:00:00
2026-09-28 17:00:17,V0016,Carro,No_A_Centro,Agressivo,20.93,35.54,64.11,4.95,1,1,1,2026-09-28 17:00:00
2026-09-28 17:00:18,V0016,Carro,No_A_Centro,Agressivo,17.38,36.59,53.38,4.57,0,1,1,2026-09-28 17:00:00
2026-09-28 17:00:19,V0016,Carro,No_A_Centro,Agressivo,13.13,37.84,63.74,0.29,1,0,1,2026-09-28 17:00:00
2026-09-28 17:00:20,V0016,Carro,No_A_Centro,Agressivo,8.25,39.27,73.26,-0.62,1,0,1,2026-09-28 17:00:00
2026-09-28 17:00:21,V0016,Carro,No_A_Centro,Agressivo,4.94,40.24,49.7,3.72,0,0,0,2026-09-28 17:00:00
2026-09-28 17:00:22,V0016,Carro,No_A_Centro,Agressivo,0.3,41.6,69.57,4.94,1,1,1,2026-09-28 17:00:00
2026-09-28 17:00:23,V0016,Carro,No_A_Centro,Agressivo,0.0,42.99,70.94,5.95,1,1,1,2026-09-28 17:00:00
2026-09-28 17:00:24,V0016,Carro,No_A_Centro,Agressivo,0.0,44.37,70.6,2.74,1,0,1,2026-09-28 17:00:00
2026-09-28 17:00:25,V0016,Carro,No_A_Centro,Agressivo,0.0,45.63,64.41,2.44,1,0,1,2026-09-28 17:00:00
2026-09-28 17:00:17,V0017,Onibus,No_B_Norte,Prudente,38.7,46.26,31.43,1.35,0,0,0,2026-09-28 17:00:00
2026-09-28 17:00:18,V0017,Onibus,No_B_Norte,Prudente,40.3,48.48,39.43,1.24,0,0,0,2026-09-28 17:00:00
2026-09-28 17:00:19,V0017,Onibus,No_B_Norte,Prudente,41.61,50.0,32.03,-0.6,0,0,0,2026-09-28 17:00:00
2026-09-28 17:00:20,V0017,Onibus,No_B_Norte,Prudente,43.23,50.0,40.03,0.05,0,0,0,2026-09-28 17:00:00
2026-09-28 17:00:21,V0017,Onibus,No_B_Norte,Prudente,44.77,50.0,37.75,0.62,0,0,0,2026-09-28 17:00:00
2026-09-28 17:00:22,V0017,Onibus,No_B_Norte,Prudente,46.18,50.0,34.66,-0.14,0,0,0,2026-09-28 17:00:00
2026-09-28 17:00:23,V0017,Onibus,No_B_Norte,Prudente,47.83,50.0,40.6,0.51,0,0,0,2026-09-28 17:00:00
2026-09-28 17:00:24,V0017,Onibus,No_B_Norte,Prudente,49.6,50.0,43.56,-1.12,0,0,0,2026-09-28 17:00:00
2026-09-28 17:00:25,V0017,Onibus,No_B_Norte,Prudente,50.0,50.0,32.33,1.28,0,0,0,2026-09-28 17:00:00
2026-09-28 17:00:26,V0017,Onibus,No_B_Norte,Prudente,50.0,50.0,41.66,-0.75,0,0,0,2026-09-28 17:00:00
2026-09-28 17:00:18,V0018,Carro,No_B_Norte,Prudente,23.0,35.53,40.85,1.15,0,0,0,2026-09-28 17:00:00
2026-09-28 17:00:19,V0018,Carro,No_B_Norte,Prudente,19.89,35.14,45.13,0.17,0,0,0,2026-09-28 17:00:00
2026-09-28 17:00:20,V0018,Carro,No_B_Norte,Prudente,17.49,34.83,34.9,-0.27,0,0,0,2026-09-28 17:00:00
2026-09-28 17:00:21,V0018,Carro,No_B_Norte,Prudente,14.22,34.42,47.45,0.88,0,0,0,2026-09-28 17:00:00
2026-09-28 17:00:22,V0018,Carro,No_B_Norte,Prudente,11.61,34.08,37.83,-0.34,0,0,0,2026-09-28 17:00:00
2026-09-28 17:00:23,V0018,Carro,No_B_Norte,Prudente,9.45,33.81,31.35,1.44,0,0,0,2026-09-28 17:00:00
2026-09-28 17:00:24,V0018,Carro,No_B_Norte,Prudente,6.39,33.42,44.43,-0.14,0,0,0,2026-09-28 17:00:00
2026-09-28 17:00:25,V0018,Carro,No_B_Norte,Prudente,3.57,33.06,41.0,-2.17,0,0,0,2026-09-28 17:00:00
2026-09-28 17:00:26,V0018,Carro,No_B_Norte,Prudente,0.98,32.73,37.57,1.33,0,0,0,2026-09-28 17:00:00
2026-09-28 17:00:27,V0018,Carro,No_B_Norte,Prudente,0.0,32.34,44.91,0.33,0,0,0,2026-09-28 17:00:00
2026-09-28 17:00:19,V0019,Carro,No_C_Leste,Prudente,44.94,9.91,31.48,-0.06,0,0,0,2026-09-28 17:00:00
2026-09-28 17:00:20,V0019,Carro,No_C_Leste,Prudente,47.55,8.61,41.92,-0.03,0,0,0,2026-09-28 17:00:00
2026-09-28 17:00:21,V0019,Carro,No_C_Leste,Prudente,49.39,7.7,29.66,-0.09,0,0,0,2026-09-28 17:00:00
2026-09-28 17:00:22,V0019,Carro,No_C_Leste,Prudente,50.0,6.66,33.48,0.67,0,0,0,2026-09-28 17:00:00
2026-09-28 17:00:23,V0019,Carro,No_C_Leste,Prudente,50.0,5.37,41.83,-0.94,0,0,0,2026-09-28 17:00:00
2026-09-28 17:00:24,V0019,Carro,No_C_Leste,Prudente,50.0,4.21,37.43,-1.06,0,0,0,2026-09-28 17:00:00
2026-09-28 17:00:25,V0019,Carro,No_C_Leste,Prudente,50.0,2.99,39.69,0.96,0,0,0,2026-09-28 17:00:00
2026-09-28 17:00:26,V0019,Carro,No_C_Leste,Prudente,50.0,1.9,35.07,0.5,0,0,0,2026-09-28 17:00:00
2026-09-28 17:00:27,V0019,Carro,No_C_Leste,Prudente,50.0,0.75,37.35,-0.79,0,0,0,2026-09-28 17:00:00
2026-09-28 17:00:28,V0019,Carro,No_C_Leste,Prudente,50.0,0.0,39.46,-1.04,0,0,0,2026-09-28 17:00:00
2026-09-28 17:00:20,V0020,Onibus,No_C_Leste,Prudente,10.51,19.51,39.49,0.04,0,0,0,2026-09-28 17:00:00
2026-09-28 17:00:21,V0020,Onibus,No_C_Leste,Prudente,7.56,19.45,42.57,1.2,0,0,0,2026-09-28 17:00:00
2026-09-28 17:00:22,V0020,Onibus,No_C_Leste,Prudente,4.48,19.38,44.26,-0.62,0,0,0,2026-09-28 17:00:00
2026-09-28 17:00:23,V0020,Onibus,No_C_Leste,Prudente,1.96,19.33,36.32,0.58,0,0,0,2026-09-28 17:00:00
2026-09-28 17:00:24,V0020,Onibus,No_C_Leste,Prudente,0.0,19.27,37.26,-1.23,0,0,0,2026-09-28 17:00:00
2026-09-28 17:00:25,V0020,Onibus,No_C_Leste,Prudente,0.0,19.2,51.87,-0.31,0,0,0,2026-09-28 17:00:00
2026-09-28 17:00:26,V0020,Onibus,No_C_Leste,Prudente,0.0,19.14,36.87,-2.19,0,0,0,2026-09-28 17:00:00
2026-09-28 17:00:27,V0020,Onibus,No_C_Leste,Prudente,0.0,19.07,44.26,-0.99,0,0,0,2026-09-28 17:00:00
2026-09-28 17:00:28,V0020,Onibus,No_C_Leste,Prudente,0.0,19.01,40.14,0.97,0,0,0,2026-09-28 17:00:00
2026-09-28 17:00:29,V0020,Onibus,No_C_Leste,Prudente,0.0,18.96,35.14,0.08,0,0,0,2026-09-28 17:00:00
2026-09-28 17:00:21,V0021,Carro,No_C_Leste,Agressivo,23.09,30.39,58.95,0.16,0,0,0,2026-09-28 17:00:00
2026-09-28 17:00:22,V0021,Carro,No_C_Leste,Agressivo,23.29,34.54,59.83,0.84,0,0,0,2026-09-28 17:00:00
2026-09-28 17:00:23,V0021,Carro,No_C_Leste,Agressivo,23.54,39.99,78.5,4.76,1,1,1,2026-09-28 17:00:00
2026-09-28 17:00:24,V0021,Carro,No_C_Leste,Agressivo,23.76,44.49,64.94,5.96,1,1,1,2026-09-28 17:00:00
2026-09-28 17:00:25,V0021,Carro,No_C_Leste,Agressivo,23.97,49.05,65.62,1.28,1,0,1,2026-09-28 17:00:00
2026-09-28 17:00:26,V0021,Carro,No_C_Leste,Agressivo,24.23,50.0,77.18,4.08,1,1,1,2026-09-28 17:00:00
2026-09-28 17:00:27,V0021,Carro,No_C_Leste,Agressivo,24.41,50.0,56.7,2.62,0,0,0,2026-09-28 17:00:00
2026-09-28 17:00:28,V0021,Carro,No_C_Leste,Agressivo,24.6,50.0,58.0,0.23,0,0,0,2026-09-28 17:00:00
2026-09-28 17:00:29,V0021,Carro,No_C_Leste,Agressivo,24.84,50.0,72.41,6.82,1,1,1,2026-09-28 17:00:00
2026-09-28 17:00:30,V0021,Carro,No_C_Leste,Agressivo,25.02,50.0,53.81,4.13,0,1,1,2026-09-28 17:00:00
2026-09-28 17:00:22,V0022,Carro,No_B_Norte,Prudente,9.14,13.76,38.09,-0.41,0,0,0,2026-09-28 17:00:00
2026-09-28 17:00:23,V0022,Carro,No_B_Norte,Prudente,9.2,16.25,35.86,-0.55,0,0,0,2026-09-28 17:00:00
2026-09-28 17:00:24,V0022,Carro,No_B_Norte,Prudente,9.25,18.16,27.49,0.68,0,0,0,2026-09-28 17:00:00
2026-09-28 17:00:25,V0022,Carro,No_B_Norte,Prudente,9.32,21.07,41.95,-0.08,0,0,0,2026-09-28 17:00:00
2026-09-28 17:00:26,V0022,Carro,No_B_Norte,Prudente,9.4,23.93,41.19,0.27,0,0,0,2026-09-28 17:00:00
2026-09-28 17:00:27,V0022,Carro,No_B_Norte,Prudente,9.46,26.45,36.38,-0.53,0,0,0,2026-09-28 17:00:00
2026-09-28 17:00:28,V0022,Carro,No_B_Norte,Prudente,9.54,29.41,42.64,0.21,0,0,0,2026-09-28 17:00:00
2026-09-28 17:00:29,V0022,Carro,No_B_Norte,Prudente,9.62,32.9,50.22,1.62,0,0,0,2026-09-28 17:00:00
2026-09-28 17:00:30,V0022,Carro,No_B_Norte,Prudente,9.7,36.0,44.67,-0.76,0,0,0,2026-09-28 17:00:00
2026-09-28 17:00:31,V0022,Carro,No_B_Norte,Prudente,9.77,38.58,37.18,-1.0,0,0,0,2026-09-28 17:00:00
2026-09-28 17:00:23,V0023,Onibus,No_C_Leste,Prudente,22.15,28.17,41.3,-0.9,0,0,0,2026-09-28 17:00:00
2026-09-28 17:00:24,V0023,Onibus,No_C_Leste,Prudente,22.3,31.17,43.19,-1.66,0,0,0,2026-09-28 17:00:00
2026-09-28 17:00:25,V0023,Onibus,No_C_Leste,Prudente,22.43,33.92,39.67,-1.21,0,0,0,2026-09-28 17:00:00
2026-09-28 17:00:26,V0023,Onibus,No_C_Leste,Prudente,22.55,36.47,36.74,0.05,0,0,0,2026-09-28 17:00:00
2026-09-28 17:00:27,V0023,Onibus,No_C_Leste,Prudente,22.67,38.94,35.7,-0.38,0,0,0,2026-09-28 17:00:00
2026-09-28 17:00:28,V0023,Onibus,No_C_Leste,Prudente,22.82,42.07,45.03,-0.58,0,0,0,2026-09-28 17:00:00
2026-09-28 17:00:29,V0023,Onibus,No_C_Leste,Prudente,22.96,45.13,44.18,-1.13,0,0,0,2026-09-28 17:00:00
2026-09-28 17:00:30,V0023,Onibus,No_C_Leste,Prudente,23.1,48.09,42.65,1.44,0,0,0,2026-09-28 17:00:00
2026-09-28 17:00:31,V0023,Onibus,No_C_Leste,Prudente,23.2,50.0,27.64,-0.8,0,0,0,2026-09-28 17:00:00
2026-09-28 17:00:32,V0023,Onibus,No_C_Leste,Prudente,23.34,50.0,42.89,-0.2,0,0,0,2026-09-28 17:00:00
2026-09-28 17:00:24,V0024,Carro,No_A_Centro,Prudente,40.24,45.6,40.85,0.09,0,0,0,2026-09-28 17:00:00
2026-09-28 17:00:25,V0024,Carro,No_A_Centro,Prudente,42.33,47.67,42.44,1.58,0,0,0,2026-09-28 17:00:00
2026-09-28 17:00:26,V0024,Carro,No_A_Centro,Prudente,44.28,49.6,39.4,0.11,0,0,0,2026-09-28 17:00:00
2026-09-28 17:00:27,V0024,Carro,No_A_Centro,Prudente,46.1,50.0,37.03,0.59,0,0,0,2026-09-28 17:00:00
2026-09-28 17:00:28,V0024,Carro,No_A_Centro,Prudente,48.0,50.0,38.41,-0.32,0,0,0,2026-09-28 17:00:00
2026-09-28 17:00:29,V0024,Carro,No_A_Centro,Prudente,50.0,50.0,42.72,1.03,0,0,0,2026-09-28 17:00:00
2026-09-28 17:00:30,V0024,Carro,No_A_Centro,Prudente,50.0,50.0,28.96,0.36,0,0,0,2026-09-28 17:00:00
2026-09-28 17:00:31,V0024,Carro,No_A_Centro,Prudente,50.0,50.0,38.65,0.95,0,0,0,2026-09-28 17:00:00
2026-09-28 17:00:32,V0024,Carro,No_A_Centro,Prudente,50.0,50.0,38.75,1.3,0,0,0,2026-09-28 17:00:00
2026-09-28 17:00:33,V0024,Carro,No_A_Centro,Prudente,50.0,50.0,36.62,-2.23,0,0,0,2026-09-28 17:00:00
2026-09-28 17:00:25,V0025,Carro,No_B_Norte,Prudente,14.16,34.85,41.63,-0.22,0,0,0,2026-09-28 17:00:00
2026-09-28 17:00:26,V0025,Carro,No_B_Norte,Prudente,11.1,34.8,44.15,-2.21,0,0,0,2026-09-28 17:00:00
2026-09-28 17:00:27,V0025,Carro,No_B_Norte,Prudente,8.24,34.75,41.18,0.77,0,0,0,2026-09-28 17:00:00
2026-09-28 17:00:28,V0025,Carro,No_B_Norte,Prudente,5.98,34.71,32.61,1.14,0,0,0,2026-09-28 17:00:00
2026-09-28 17:00:29,V0025,Carro,No_B_Norte,Prudente,3.08,34.67,41.69,-0.42,0,0,0,2026-09-28 17:00:00
2026-09-28 17:00:30,V0025,Carro,No_B_Norte,Prudente,0.08,34.61,43.16,2.27,0,0,0,2026-09-28 17:00:00
2026-09-28 17:00:31,V0025,Carro,No_B_Norte,Prudente,0.0,34.57,40.91,0.25,0,0,0,2026-09-28 17:00:00
2026-09-28 17:00:32,V0025,Carro,No_B_Norte,Prudente,0.0,34.52,37.7,-0.85,0,0,0,2026-09-28 17:00:00
2026-09-28 17:00:33,V0025,Carro,No_B_Norte,Prudente,0.0,34.47,44.15,-0.86,0,0,0,2026-09-28 17:00:00
2026-09-28 17:00:34,V0025,Carro,No_B_Norte,Prudente,0.0,34.42,40.36,-0.48,0,0,0,2026-09-28 17:00:00
2026-09-28 17:00:26,V0026,Carro,No_C_Leste,Agressivo,32.64,44.45,75.3,2.11,1,0,1,2026-09-28 17:00:00
2026-09-28 17:00:27,V0026,Carro,No_C_Leste,Agressivo,30.3,48.03,61.58,1.89,1,0,1,2026-09-28 17:00:00
2026-09-28 17:00:28,V0026,Carro,No_C_Leste,Agressivo,27.54,50.0,72.71,4.95,1,1,1,2026-09-28 17:00:00
2026-09-28 17:00:29,V0026,Carro,No_C_Leste,Agressivo,24.65,50.0,76.09,5.02,1,1,1,2026-09-28 17:00:00
2026-09-28 17:00:30,V0026,Carro,No_C_Leste,Agressivo,22.68,50.0,51.94,3.56,0,0,0,2026-09-28 17:00:00
2026-09-28 17:00:31,V0026,Carro,No_C_Leste,Agressivo,20.53,50.0,56.53,1.97,0,0,0,2026-09-28 17:00:00
2026-09-28 17:00:32,V0026,Carro,No_C_Leste,Agressivo,18.01,50.0,66.36,4.67,1,1,1,2026-09-28 17:00:00
2026-09-28 17:00:33,V0026,Carro,No_C_Leste,Agressivo,15.81,50.0,57.87,-1.65,0,0,0,2026-09-28 17:00:00
2026-09-28 17:00:34,V0026,Carro,No_C_Leste,Agressivo,13.29,50.0,66.44,8.29,1,1,1,2026-09-28 17:00:00
2026-09-28 17:00:35,V0026,Carro,No_C_Leste,Agressivo,10.88,50.0,63.38,3.09,1,0,1,2026-09-28 17:00:00
2026-09-28 17:00:27,V0027,Carro,No_C_Leste,Prudente,37.18,41.11,42.41,0.22,0,0,0,2026-09-28 17:00:00
2026-09-28 17:00:28,V0027,Carro,No_C_Leste,Prudente,34.89,40.12,36.05,0.47,0,0,0,2026-09-28 17:00:00
2026-09-28 17:00:29,V0027,Carro,No_C_Leste,Prudente,31.74,38.75,49.41,1.35,0,0,0,2026-09-28 17:00:00
2026-09-28 17:00:30,V0027,Carro,No_C_Leste,Prudente,28.68,37.43,47.97,-0.51,0,0,0,2026-09-28 17:00:00
2026-09-28 17:00:31,V0027,Carro,No_C_Leste,Prudente,26.45,36.46,35.05,-0.13,0,0,0,2026-09-28 17:00:00
2026-09-28 17:00:32,V0027,Carro,No_C_Leste,Prudente,23.88,35.34,40.28,1.09,0,0,0,2026-09-28 17:00:00
2026-09-28 17:00:33,V0027,Carro,No_C_Leste,Prudente,21.87,34.47,31.54,1.53,0,0,0,2026-09-28 17:00:00
2026-09-28 17:00:34,V0027,Carro,No_C_Leste,Prudente,19.38,33.39,39.21,-0.43,0,0,0,2026-09-28 17:00:00
2026-09-28 17:00:35,V0027,Carro,No_C_Leste,Prudente,17.15,32.42,34.94,-1.65,0,0,0,2026-09-28 17:00:00
2026-09-28 17:00:36,V0027,Carro,No_C_Leste,Prudente,14.34,31.2,44.12,0.07,0,0,0,2026-09-28 17:00:00
2026-09-28 17:00:28,V0028,Onibus,No_C_Leste,Prudente,18.68,16.63,32.49,-0.26,0,0,0,2026-09-28 17:00:00
2026-09-28 17:00:29,V0028,Onibus,No_C_Leste,Prudente,18.49,14.25,34.37,-0.15,0,0,0,2026-09-28 17:00:00
2026-09-28 17:00:30,V0028,Onibus,No_C_Leste,Prudente,18.27,11.48,39.97,-1.32,0,0,0,2026-09-28 17:00:00
2026-09-28 17:00:31,V0028,Onibus,No_C_Leste,Prudente,18.03,8.43,44.02,-0.16,0,0,0,2026-09-28 17:00:00
2026-09-28 17:00:32,V0028,Onibus,No_C_Leste,Prudente,17.78,5.29,45.4,-1.84,0,0,0,2026-09-28 17:00:00
2026-09-28 17:00:33,V0028,Onibus,No_C_Leste,Prudente,17.59,2.87,34.91,0.52,0,0,0,2026-09-28 17:00:00
2026-09-28 17:00:34,V0028,Onibus,No_C_Leste,Prudente,17.4,0.38,36.0,-0.16,0,0,0,2026-09-28 17:00:00
2026-09-28 17:00:35,V0028,Onibus,No_C_Leste,Prudente,17.18,0.0,40.0,0.16,0,0,0,2026-09-28 17:00:00
2026-09-28 17:00:36,V0028,Onibus,No_C_Leste,Prudente,16.98,0.0,36.61,0.15,0,0,0,2026-09-28 17:00:00
2026-09-28 17:00:37,V0028,Onibus,No_C_Leste,Prudente,16.78,0.0,36.09,0.67,0,0,0,2026-09-28 17:00:00
2026-09-28 17:00:29,V0029,Carro,No_A_Centro,Agressivo,42.56,17.39,64.74,1.91,1,0,1,2026-09-28 17:00:00
2026-09-28 17:00:30,V0029,Carro,No_A_Centro,Agressivo,44.06,21.23,59.3,3.21,0,0,0,2026-09-28 17:00:00
2026-09-28 17:00:31,V0029,Carro,No_A_Centro,Agressivo,45.65,25.3,62.96,6.01,1,1,1,2026-09-28 17:00:00
2026-09-28 17:00:32,V0029,Carro,No_A_Centro,Agressivo,46.76,28.13,43.79,5.18,0,1,1,2026-09-28 17:00:00
2026-09-28 17:00:33,V0029,Carro,No_A_Centro,Agressivo,48.65,32.98,74.97,-1.15,1,0,1,2026-09-28 17:00:00
2026-09-28 17:00:34,V0029,Carro,No_A_Centro,Agressivo,50.0,37.01,62.26,2.26,1,0,1,2026-09-28 17:00:00
2026-09-28 17:00:35,V0029,Carro,No_A_Centro,Agressivo,50.0,40.48,53.74,1.44,0,0,0,2026-09-28 17:00:00
2026-09-28 17:00:36,V0029,Carro,No_A_Centro,Agressivo,50.0,44.11,56.12,6.5,0,1,1,2026-09-28 17:00:00
2026-09-28 17:00:37,V0029,Carro,No_A_Centro,Agressivo,50.0,48.8,72.49,5.54,1,1,1,2026-09-28 17:00:00
2026-09-28 17:00:38,V0029,Carro,No_A_Centro,Agressivo,50.0,50.0,70.77,0.74,1,0,1,2026-09-28 17:00:00
2026-09-28 17:00:30,V0030,Carro,No_C_Leste,Prudente,6.7,6.36,42.5,-1.05,0,0,0,2026-09-28 17:00:00
2026-09-28 17:00:31,V0030,Carro,No_C_Leste,Prudente,7.52,3.83,38.25,-0.23,0,0,0,2026-09-28 17:00:00
2026-09-28 17:00:32,V0030,Carro,No_C_Leste,Prudente,8.46,0.92,44.07,-0.94,0,0,0,2026-09-28 17:00:00
2026-09-28 17:00:33,V0030,Carro,No_C_Leste,Prudente,9.34,0.0,41.17,0.25,0,0,0,2026-09-28 17:00:00
2026-09-28 17:00:34,V0030,Carro,No_C_Leste,Prudente,10.38,0.0,48.23,-1.01,0,0,0,2026-09-28 17:00:00
2026-09-28 17:00:35,V0030,Carro,No_C_Leste,Prudente,11.16,0.0,36.71,-0.94,0,0,0,2026-09-28 17:00:00
2026-09-28 17:00:36,V0030,Carro,No_C_Leste,Prudente,11.84,0.0,31.65,1.76,0,0,0,2026-09-28 17:00:00
2026-09-28 17:00:37,V0030,Carro,No_C_Leste,Prudente,12.57,0.0,33.79,-0.82,0,0,0,2026-09-28 17:00:00
2026-09-28 17:00:38,V0030,Carro,No_C_Leste,Prudente,13.56,0.0,46.58,-1.75,0,0,0,2026-09-28 17:00:00
2026-09-28 17:00:39,V0030,Carro,No_C_Leste,Prudente,14.5,0.0,43.78,-1.41,0,0,0,2026-09-28 17:00:00
2026-09-28 17:00:31,V0031,Onibus,No_B_Norte,Prudente,18.75,28.2,41.06,-0.1,0,0,0,2026-09-28 17:00:00
2026-09-28 17:00:32,V0031,Onibus,No_B_Norte,Prudente,16.37,29.21,37.28,0.4,0,0,0,2026-09-28 17:00:00
2026-09-28 17:00:33,V0031,Onibus,No_B_Norte,Prudente,13.82,30.29,39.81,1.1,0,0,0,2026-09-28 17:00:00
2026-09-28 17:00:34,V0031,Onibus,No_B_Norte,Prudente,11.23,31.39,40.57,0.15,0,0,0,2026-09-28 17:00:00
2026-09-28 17:00:35,V0031,Onibus,No_B_Norte,Prudente,8.79,32.42,38.18,-0.06,0,0,0,2026-09-28 17:00:00
2026-09-28 17:00:36,V0031,Onibus,No_B_Norte,Prudente,6.13,33.55,41.54,-1.71,0,0,0,2026-09-28 17:00:00
2026-09-28 17:00:37,V0031,Onibus,No_B_Norte,Prudente,4.01,34.45,33.26,0.74,0,0,0,2026-09-28 17:00:00
2026-09-28 17:00:38,V0031,Onibus,No_B_Norte,Prudente,1.4,35.56,40.85,-0.18,0,0,0,2026-09-28 17:00:00
2026-09-28 17:00:39,V0031,Onibus,No_B_Norte,Prudente,0.0,36.65,40.09,0.35,0,0,0,2026-09-28 17:00:00
2026-09-28 17:00:40,V0031,Onibus,No_B_Norte,Prudente,0.0,37.66,37.3,-0.78,0,0,0,2026-09-28 17:00:00
2026-09-28 17:00:32,V0032,Caminhao,No_A_Centro,Prudente,7.37,43.06,31.85,0.55,0,0,0,2026-09-28 17:00:00
2026-09-28 17:00:33,V0032,Caminhao,No_A_Centro,Prudente,9.94,45.41,50.03,0.72,0,0,0,2026-09-28 17:00:00
2026-09-28 17:00:34,V0032,Caminhao,No_A_Centro,Prudente,11.87,47.17,37.65,0.53,0,0,0,2026-09-28 17:00:00
2026-09-28 17:00:35,V0032,Caminhao,No_A_Centro,Prudente,14.33,49.42,48.1,1.57,0,0,0,2026-09-28 17:00:00
2026-09-28 17:00:36,V0032,Caminhao,No_A_Centro,Prudente,16.13,50.0,34.98,0.51,0,0,0,2026-09-28 17:00:00
2026-09-28 17:00:37,V0032,Caminhao,No_A_Centro,Prudente,18.14,50.0,39.21,0.81,0,0,0,2026-09-28 17:00:00
2026-09-28 17:00:38,V0032,Caminhao,No_A_Centro,Prudente,20.29,50.0,41.92,-2.37,0,0,0,2026-09-28 17:00:00
2026-09-28 17:00:39,V0032,Caminhao,No_A_Centro,Prudente,22.25,50.0,38.26,0.2,0,0,0,2026-09-28 17:00:00
2026-09-28 17:00:40,V0032,Caminhao,No_A_Centro,Prudente,23.93,50.0,32.83,0.58,0,0,0,2026-09-28 17:00:00
2026-09-28 17:00:41,V0032,Caminhao,No_A_Centro,Prudente,25.6,50.0,32.38,-0.8,0,0,0,2026-09-28 17:00:00
2026-09-28 17:00:33,V0033,Carro,No_A_Centro,Agressivo,18.06,37.57,57.4,8.26,0,1,1,2026-09-28 17:00:00
2026-09-28 17:00:34,V0033,Carro,No_A_Centro,Agressivo,16.67,42.15,68.95,3.37,1,0,1,2026-09-28 17:00:00
2026-09-28 17:00:35,V0033,Carro,No_A_Centro,Agressivo,15.49,46.02,58.13,4.4,0,1,1,2026-09-28 17:00:00
2026-09-28 17:00:36,V0033,Carro,No_A_Centro,Agressivo,14.27,50.0,60.39,3.24,1,0,1,2026-09-28 17:00:00
2026-09-28 17:00:37,V0033,Carro,No_A_Centro,Agressivo,12.53,50.0,85.48,2.81,1,0,1,2026-09-28 17:00:00
2026-09-28 17:00:38,V0033,Carro,No_A_Centro,Agressivo,11.03,50.0,74.19,1.59,1,0,1,2026-09-28 17:00:00
2026-09-28 17:00:39,V0033,Carro,No_A_Centro,Agressivo,9.72,50.0,64.72,6.54,1,1,1,2026-09-28 17:00:00
2026-09-28 17:00:40,V0033,Carro,No_A_Centro,Agressivo,8.5,50.0,59.98,6.62,0,1,1,2026-09-28 17:00:00
2026-09-28 17:00:41,V0033,Carro,No_A_Centro,Agressivo,7.07,50.0,70.66,1.88,1,0,1,2026-09-28 17:00:00
2026-09-28 17:00:42,V0033,Carro,No_A_Centro,Agressivo,5.65,50.0,70.06,4.95,1,1,1,2026-09-28 17:00:00
2026-09-28 17:00:34,V0034,Carro,No_A_Centro,Agressivo,13.46,31.51,54.45,2.55,0,0,0,2026-09-28 17:00:00
2026-09-28 17:00:35,V0034,Carro,No_A_Centro,Agressivo,10.18,35.42,73.52,3.24,1,0,1,2026-09-28 17:00:00
2026-09-28 17:00:36,V0034,Carro,No_A_Centro,Agressivo,6.99,39.23,71.53,4.24,1,1,1,2026-09-28 17:00:00
2026-09-28 17:00:37,V0034,Carro,No_A_Centro,Agressivo,3.63,43.24,75.29,5.12,1,1,1,2026-09-28 17:00:00
2026-09-28 17:00:38,V0034,Carro,No_A_Centro,Agressivo,0.9,46.5,61.37,4.27,1,1,1,2026-09-28 17:00:00
2026-09-28 17:00:39,V0034,Carro,No_A_Centro,Agressivo,0.0,49.32,52.79,2.88,0,0,0,2026-09-28 17:00:00
2026-09-28 17:00:40,V0034,Carro,No_A_Centro,Agressivo,0.0,50.0,71.55,3.27,1,0,1,2026-09-28 17:00:00
2026-09-28 17:00:41,V0034,Carro,No_A_Centro,Agressivo,0.0,50.0,68.57,2.57,1,0,1,2026-09-28 17:00:00
2026-09-28 17:00:42,V0034,Carro,No_A_Centro,Agressivo,0.0,50.0,74.03,2.84,1,0,1,2026-09-28 17:00:00
2026-09-28 17:00:43,V0034,Carro,No_A_Centro,Agressivo,0.0,50.0,61.28,4.77,1,1,1,2026-09-28 17:00:00
2026-09-28 17:00:35,V0035,Carro,No_A_Centro,Prudente,36.0,4.99,37.83,-0.31,0,0,0,2026-09-28 17:00:00
2026-09-28 17:00:36,V0035,Carro,No_A_Centro,Prudente,33.65,3.36,41.11,-0.48,0,0,0,2026-09-28 17:00:00
2026-09-28 17:00:37,V0035,Carro,No_A_Centro,Prudente,31.0,1.54,46.28,-0.89,0,0,0,2026-09-28 17:00:00
2026-09-28 17:00:38,V0035,Carro,No_A_Centro,Prudente,28.77,0.0,39.07,-0.44,0,0,0,2026-09-28 17:00:00
2026-09-28 17:00:39,V0035,Carro,No_A_Centro,Prudente,26.07,0.0,47.23,0.2,0,0,0,2026-09-28 17:00:00
2026-09-28 17:00:40,V0035,Carro,No_A_Centro,Prudente,23.49,0.0,45.16,-1.49,0,0,0,2026-09-28 17:00:00
2026-09-28 17:00:41,V0035,Carro,No_A_Centro,Prudente,21.13,0.0,41.34,0.89,0,0,0,2026-09-28 17:00:00
2026-09-28 17:00:42,V0035,Carro,No_A_Centro,Prudente,18.82,0.0,40.41,1.07,0,0,0,2026-09-28 17:00:00
2026-09-28 17:00:43,V0035,Carro,No_A_Centro,Prudente,16.69,0.0,37.41,1.41,0,0,0,2026-09-28 17:00:00
2026-09-28 17:00:44,V0035,Carro,No_A_Centro,Prudente,13.75,0.0,51.49,-0.36,0,0,0,2026-09-28 17:00:00
2026-09-28 17:00:36,V0036,Carro,No_B_Norte,Prudente,40.2,42.18,31.59,-1.76,0,0,0,2026-09-28 17:00:00
2026-09-28 17:00:37,V0036,Carro,No_B_Norte,Prudente,40.48,39.73,35.64,0.79,0,0,0,2026-09-28 17:00:00
2026-09-28 17:00:38,V0036,Carro,No_B_Norte,Prudente,40.79,37.07,38.5,-0.8,0,0,0,2026-09-28 17:00:00
2026-09-28 17:00:39,V0036,Carro,No_B_Norte,Prudente,41.07,34.66,34.97,-1.05,0,0,0,2026-09-28 17:00:00
2026-09-28 17:00:40,V0036,Carro,No_B_Norte,Prudente,41.31,32.56,30.33,-1.21,0,0,0,2026-09-28 17:00:00
2026-09-28 17:00:41,V0036,Carro,No_B_Norte,Prudente,41.58,30.17,34.65,0.68,0,0,0,2026-09-28 17:00:00
2026-09-28 17:00:42,V0036,Carro,No_B_Norte,Prudente,41.9,27.47,39.17,-0.83,0,0,0,2026-09-28 17:00:00
2026-09-28 17:00:43,V0036,Carro,No_B_Norte,Prudente,42.31,23.92,51.55,-0.66,0,0,0,2026-09-28 17:00:00
2026-09-28 17:00:44,V0036,Carro,No_B_Norte,Prudente,42.67,20.75,45.84,1.62,0,0,0,2026-09-28 17:00:00
2026-09-28 17:00:45,V0036,Carro,No_B_Norte,Prudente,42.93,18.54,32.15,0.07,0,0,0,2026-09-28 17:00:00
2026-09-28 17:00:37,V0037,Caminhao,No_A_Centro,Agressivo,13.68,17.65,59.9,5.38,0,1,1,2026-09-28 17:00:00
2026-09-28 17:00:38,V0037,Caminhao,No_A_Centro,Agressivo,15.74,22.54,76.36,1.86,1,0,1,2026-09-28 17:00:00
2026-09-28 17:00:39,V0037,Caminhao,No_A_Centro,Agressivo,17.32,26.27,58.34,3.94,0,0,0,2026-09-28 17:00:00
2026-09-28 17:00:40,V0037,Caminhao,No_A_Centro,Agressivo,18.95,30.15,60.58,4.27,1,1,1,2026-09-28 17:00:00
2026-09-28 17:00:41,V0037,Caminhao,No_A_Centro,Agressivo,20.75,34.41,66.62,-0.03,1,0,1,2026-09-28 17:00:00
2026-09-28 17:00:42,V0037,Caminhao,No_A_Centro,Agressivo,22.84,39.36,77.38,6.59,1,1,1,2026-09-28 17:00:00
2026-09-28 17:00:43,V0037,Caminhao,No_A_Centro,Agressivo,24.46,43.2,60.1,2.22,1,0,1,2026-09-28 17:00:00
2026-09-28 17:00:44,V0037,Caminhao,No_A_Centro,Agressivo,26.28,47.51,67.29,3.67,1,0,1,2026-09-28 17:00:00
2026-09-28 17:00:45,V0037,Caminhao,No_A_Centro,Agressivo,28.18,50.0,70.27,7.02,1,1,1,2026-09-28 17:00:00
2026-09-28 17:00:46,V0037,Caminhao,No_A_Centro,Agressivo,29.89,50.0,63.58,1.4,1,0,1,2026-09-28 17:00:00
2026-09-28 17:00:38,V0038,Carro,No_C_Leste,Agressivo,19.23,11.4,58.27,2.98,0,0,0,2026-09-28 17:00:00
2026-09-28 17:00:39,V0038,Carro,No_C_Leste,Agressivo,18.42,6.57,70.56,0.88,1,0,1,2026-09-28 17:00:00
2026-09-28 17:00:40,V0038,Carro,No_C_Leste,Agressivo,17.99,4.02,37.15,1.26,0,0,0,2026-09-28 17:00:00
2026-09-28 17:00:41,V0038,Carro,No_C_Leste,Agressivo,17.13,0.0,74.65,3.69,1,0,1,2026-09-28 17:00:00
2026-09-28 17:00:42,V0038,Carro,No_C_Leste,Agressivo,16.26,0.0,75.59,0.74,1,0,1,2026-09-28 17:00:00
2026-09-28 17:00:43,V0038,Carro,No_C_Leste,Agressivo,15.66,0.0,51.88,3.93,0,0,0,2026-09-28 17:00:00
2026-09-28 17:00:44,V0038,Carro,No_C_Leste,Agressivo,14.89,0.0,66.92,3.61,1,0,1,2026-09-28 17:00:00
2026-09-28 17:00:45,V0038,Carro,No_C_Leste,Agressivo,14.05,0.0,72.46,3.84,1,0,1,2026-09-28 17:00:00
2026-09-28 17:00:46,V0038,Carro,No_C_Leste,Agressivo,13.26,0.0,68.24,4.43,1,1,1,2026-09-28 17:00:00
2026-09-28 17:00:47,V0038,Carro,No_C_Leste,Agressivo,12.46,0.0,69.02,4.71,1,1,1,2026-09-28 17:00:00
2026-09-28 17:00:39,V0039,Moto,No_B_Norte,Prudente,32.25,27.03,39.16,0.15,0,0,0,2026-09-28 17:00:00
2026-09-28 17:00:40,V0039,Moto,No_B_Norte,Prudente,32.31,23.83,46.03,-0.82,0,0,0,2026-09-28 17:00:00
2026-09-28 17:00:41,V0039,Moto,No_B_Norte,Prudente,32.36,20.92,41.84,-0.39,0,0,0,2026-09-28 17:00:00
2026-09-28 17:00:42,V0039,Moto,No_B_Norte,Prudente,32.4,18.14,40.14,1.28,0,0,0,2026-09-28 17:00:00
2026-09-28 17:00:43,V0039,Moto,No_B_Norte,Prudente,32.45,15.29,40.96,0.05,0,0,0,2026-09-28 17:00:00
2026-09-28 17:00:44,V0039,Moto,No_B_Norte,Prudente,32.49,12.99,33.2,0.75,0,0,0,2026-09-28 17:00:00
2026-09-28 17:00:45,V0039,Moto,No_B_Norte,Prudente,32.54,9.99,43.23,2.16,0,0,0,2026-09-28 17:00:00
2026-09-28 17:00:46,V0039,Moto,No_B_Norte,Prudente,32.59,7.32,38.46,0.22,0,0,0,2026-09-28 17:00:00
2026-09-28 17:00:47,V0039,Moto,No_B_Norte,Prudente,32.64,4.45,41.25,1.58,0,0,0,2026-09-28 17:00:00
2026-09-28 17:00:48,V0039,Moto,No_B_Norte,Prudente,32.68,1.71,39.52,0.28,0,0,0,2026-09-28 17:00:00
2026-09-28 17:00:40,V0040,Carro,No_B_Norte,Prudente,32.57,43.99,40.88,0.41,0,0,0,2026-09-28 17:00:00
2026-09-28 17:00:41,V0040,Carro,No_B_Norte,Prudente,34.74,45.61,39.07,-0.4,0,0,0,2026-09-28 17:00:00
2026-09-28 17:00:42,V0040,Carro,No_B_Norte,Prudente,36.86,47.21,38.19,0.17,0,0,0,2026-09-28 17:00:00
2026-09-28 17:00:43,V0040,Carro,No_B_Norte,Prudente,38.58,48.5,30.95,0.97,0,0,0,2026-09-28 17:00:00
2026-09-28 17:00:44,V0040,Carro,No_B_Norte,Prudente,40.67,50.0,37.6,0.13,0,0,0,2026-09-28 17:00:00
2026-09-28 17:00:45,V0040,Carro,No_B_Norte,Prudente,42.99,50.0,41.84,-0.53,0,0,0,2026-09-28 17:00:00
2026-09-28 17:00:46,V0040,Carro,No_B_Norte,Prudente,45.18,50.0,39.34,-2.04,0,0,0,2026-09-28 17:00:00
2026-09-28 17:00:47,V0040,Carro,No_B_Norte,Prudente,47.6,50.0,43.66,1.08,0,0,0,2026-09-28 17:00:00
2026-09-28 17:00:48,V0040,Carro,No_B_Norte,Prudente,49.35,50.0,31.5,-0.41,0,0,0,2026-09-28 17:00:00
2026-09-28 17:00:49,V0040,Carro,No_B_Norte,Prudente,50.0,50.0,33.85,-0.18,0,0,0,2026-09-28 17:00:00
2026-09-28 17:00:41,V0041,Moto,No_C_Leste,Prudente,37.32,35.56,41.22,-0.56,0,0,0,2026-09-28 17:00:00
2026-09-28 17:00:42,V0041,Moto,No_C_Leste,Prudente,37.74,37.86,33.6,0.87,0,0,0,2026-09-28 17:00:00
2026-09-28 17:00:43,V0041,Moto,No_C_Leste,Prudente,38.29,40.81,43.25,-0.1,0,0,0,2026-09-28 17:00:00
2026-09-28 17:00:44,V0041,Moto,No_C_Leste,Prudente,38.91,44.17,49.23,-1.07,0,0,0,2026-09-28 17:00:00
2026-09-28 17:00:45,V0041,Moto,No_C_Leste,Prudente,39.32,46.38,32.37,-0.69,0,0,0,2026-09-28 17:00:00
2026-09-28 17:00:46,V0041,Moto,No_C_Leste,Prudente,39.83,49.1,39.77,0.24,0,0,0,2026-09-28 17:00:00
2026-09-28 17:00:47,V0041,Moto,No_C_Leste,Prudente,40.32,50.0,38.79,0.35,0,0,0,2026-09-28 17:00:00
2026-09-28 17:00:48,V0041,Moto,No_C_Leste,Prudente,40.75,50.0,33.74,1.44,0,0,0,2026-09-28 17:00:00
2026-09-28 17:00:49,V0041,Moto,No_C_Leste,Prudente,41.25,50.0,39.59,1.12,0,0,0,2026-09-28 17:00:00
2026-09-28 17:00:50,V0041,Moto,No_C_Leste,Prudente,41.78,50.0,41.71,0.46,0,0,0,2026-09-28 17:00:00
2026-09-28 17:00:42,V0042,Carro,No_A_Centro,Prudente,36.01,36.35,35.28,0.32,0,0,0,2026-09-28 17:00:00
2026-09-28 17:00:43,V0042,Carro,No_A_Centro,Prudente,36.23,33.14,46.25,0.49,0,0,0,2026-09-28 17:00:00
2026-09-28 17:00:44,V0042,Carro,No_A_Centro,Prudente,36.4,30.73,34.85,-0.05,0,0,0,2026-09-28 17:00:00
2026-09-28 17:00:45,V0042,Carro,No_A_Centro,Prudente,36.6,27.83,41.87,-0.76,0,0,0,2026-09-28 17:00:00
2026-09-28 17:00:46,V0042,Carro,No_A_Centro,Prudente,36.76,25.53,33.21,-0.32,0,0,0,2026-09-28 17:00:00
2026-09-28 17:00:47,V0042,Carro,No_A_Centro,Prudente,36.93,23.01,36.3,-0.01,0,0,0,2026-09-28 17:00:00
2026-09-28 17:00:48,V0042,Carro,No_A_Centro,Prudente,37.09,20.79,32.04,0.56,0,0,0,2026-09-28 17:00:00
2026-09-28 17:00:49,V0042,Carro,No_A_Centro,Prudente,37.26,18.24,36.83,1.0,0,0,0,2026-09-28 17:00:00
2026-09-28 17:00:50,V0042,Carro,No_A_Centro,Prudente,37.45,15.57,38.62,-0.03,0,0,0,2026-09-28 17:00:00
2026-09-28 17:00:51,V0042,Carro,No_A_Centro,Prudente,37.64,12.86,39.13,-0.69,0,0,0,2026-09-28 17:00:00
2026-09-28 17:00:43,V0043,Carro,No_C_Leste,Prudente,23.41,31.95,43.93,0.43,0,0,0,2026-09-28 17:00:00
2026-09-28 17:00:44,V0043,Carro,No_C_Leste,Prudente,22.78,34.31,35.17,-0.05,0,0,0,2026-09-28 17:00:00
2026-09-28 17:00:45,V0043,Carro,No_C_Leste,Prudente,22.06,36.99,39.98,-1.16,0,0,0,2026-09-28 17:00:00
2026-09-28 17:00:46,V0043,Carro,No_C_Leste,Prudente,21.2,40.18,47.52,0.88,0,0,0,2026-09-28 17:00:00
2026-09-28 17:00:47,V0043,Carro,No_C_Leste,Prudente,20.5,42.78,38.9,0.03,0,0,0,2026-09-28 17:00:00
2026-09-28 17:00:48,V0043,Carro,No_C_Leste,Prudente,19.77,45.54,41.04,-2.04,0,0,0,2026-09-28 17:00:00
2026-09-28 17:00:49,V0043,Carro,No_C_Leste,Prudente,19.07,48.14,38.76,-0.68,0,0,0,2026-09-28 17:00:00
2026-09-28 17:00:50,V0043,Carro,No_C_Leste,Prudente,18.44,50.0,34.99,-0.28,0,0,0,2026-09-28 17:00:00
2026-09-28 17:00:51,V0043,Carro,No_C_Leste,Prudente,17.56,50.0,48.99,0.64,0,0,0,2026-09-28 17:00:00
2026-09-28 17:00:52,V0043,Carro,No_C_Leste,Prudente,16.89,50.0,37.14,0.57,0,0,0,2026-09-28 17:00:00
2026-09-28 17:00:44,V0044,Carro,No_C_Leste,Prudente,9.47,6.61,49.06,0.36,0,0,0,2026-09-28 17:00:00
2026-09-28 17:00:45,V0044,Carro,No_C_Leste,Prudente,7.56,4.4,41.97,0.68,0,0,0,2026-09-28 17:00:00
2026-09-28 17:00:46,V0044,Carro,No_C_Leste,Prudente,5.88,2.46,37.1,1.09,0,0,0,2026-09-28 17:00:00
2026-09-28 17:00:47,V0044,Carro,No_C_Leste,Prudente,4.03,0.33,40.57,0.95,0,0,0,2026-09-28 17:00:00
2026-09-28 17:00:48,V0044,Carro,No_C_Leste,Prudente,2.26,0.0,39.01,1.32,0,0,0,2026-09-28 17:00:00
2026-09-28 17:00:49,V0044,Carro,No_C_Leste,Prudente,0.35,0.0,42.01,2.18,0,0,0,2026-09-28 17:00:00
2026-09-28 17:00:50,V0044,Carro,No_C_Leste,Prudente,0.0,0.0,38.15,0.2,0,0,0,2026-09-28 17:00:00
2026-09-28 17:00:51,V0044,Carro,No_C_Leste,Prudente,0.0,0.0,34.84,-0.53,0,0,0,2026-09-28 17:00:00
2026-09-28 17:00:52,V0044,Carro,No_C_Leste,Prudente,0.0,0.0,43.09,1.13,0,0,0,2026-09-28 17:00:00
2026-09-28 17:00:53,V0044,Carro,No_C_Leste,Prudente,0.0,0.0,54.83,-0.1,0,0,0,2026-09-28 17:00:00
2026-09-28 17:00:45,V0045,Carro,No_A_Centro,Prudente,36.56,14.07,40.19,0.12,0,0,0,2026-09-28 17:00:00
2026-09-28 17:00:46,V0045,Carro,No_A_Centro,Prudente,39.55,14.01,43.07,-1.02,0,0,0,2026-09-28 17:00:00
2026-09-28 17:00:47,V0045,Carro,No_A_Centro,Prudente,42.24,13.94,38.71,-1.67,0,0,0,2026-09-28 17:00:00
2026-09-28 17:00:48,V0045,Carro,No_A_Centro,Prudente,45.15,13.88,42.0,0.65,0,0,0,2026-09-28 17:00:00
2026-09-28 17:00:49,V0045,Carro,No_A_Centro,Prudente,47.76,13.82,37.58,1.57,0,0,0,2026-09-28 17:00:00
2026-09-28 17:00:50,V0045,Carro,No_A_Centro,Prudente,50.0,13.76,33.87,-1.46,0,0,0,2026-09-28 17:00:00
2026-09-28 17:00:51,V0045,Carro,No_A_Centro,Prudente,50.0,13.7,41.12,1.05,0,0,0,2026-09-28 17:00:00
2026-09-28 17:00:52,V0045,Carro,No_A_Centro,Prudente,50.0,13.62,48.42,-0.46,0,0,0,2026-09-28 17:00:00
2026-09-28 17:00:53,V0045,Carro,No_A_Centro,Prudente,50.0,13.55,45.39,-0.04,0,0,0,2026-09-28 17:00:00
2026-09-28 17:00:54,V0045,Carro,No_A_Centro,Prudente,50.0,13.48,39.14,0.88,0,0,0,2026-09-28 17:00:00
2026-09-28 17:00:46,V0046,Moto,No_C_Leste,Infrator,21.42,25.41,90.33,1.24,1,0,1,2026-09-28 17:00:00
2026-09-28 17:00:47,V0046,Moto,No_C_Leste,Infrator,27.26,21.82,98.77,7.33,1,1,1,2026-09-28 17:00:00
2026-09-28 17:00:48,V0046,Moto,No_C_Leste,Infrator,32.53,18.59,89.02,2.94,1,0,1,2026-09-28 17:00:00
2026-09-28 17:00:49,V0046,Moto,No_C_Leste,Infrator,37.75,15.38,88.24,4.13,1,1,1,2026-09-28 17:00:00
2026-09-28 17:00:50,V0046,Moto,No_C_Leste,Infrator,41.81,12.89,68.5,4.85,1,1,1,2026-09-28 17:00:00
2026-09-28 17:00:51,V0046,Moto,No_C_Leste,Infrator,46.74,9.86,83.43,8.19,1,1,1,2026-09-28 17:00:00
2026-09-28 17:00:52,V0046,Moto,No_C_Leste,Infrator,50.0,7.59,62.66,5.71,1,1,1,2026-09-28 17:00:00
2026-09-28 17:00:53,V0046,Moto,No_C_Leste,Infrator,50.0,4.92,73.44,5.96,1,1,1,2026-09-28 17:00:00
2026-09-28 17:00:54,V0046,Moto,No_C_Leste,Infrator,50.0,1.69,88.74,4.74,1,1,1,2026-09-28 17:00:00
2026-09-28 17:00:55,V0046,Moto,No_C_Leste,Infrator,50.0,0.0,93.07,1.26,1,0,1,2026-09-28 17:00:00
2026-09-28 17:00:47,V0047,Carro,No_B_Norte,Prudente,19.89,37.96,39.77,0.48,0,0,0,2026-09-28 17:00:00
2026-09-28 17:00:48,V0047,Carro,No_B_Norte,Prudente,21.8,40.02,40.38,-1.28,0,0,0,2026-09-28 17:00:00
2026-09-28 17:00:49,V0047,Carro,No_B_Norte,Prudente,23.92,42.31,44.98,-0.49,0,0,0,2026-09-28 17:00:00
2026-09-28 17:00:50,V0047,Carro,No_B_Norte,Prudente,25.44,43.95,32.22,-0.43,0,0,0,2026-09-28 17:00:00
2026-09-28 17:00:51,V0047,Carro,No_B_Norte,Prudente,27.69,46.36,47.5,0.85,0,0,0,2026-09-28 17:00:00
2026-09-28 17:00:52,V0047,Carro,No_B_Norte,Prudente,29.5,48.31,38.26,-0.35,0,0,0,2026-09-28 17:00:00
2026-09-28 17:00:53,V0047,Carro,No_B_Norte,Prudente,31.31,50.0,38.39,2.08,0,0,0,2026-09-28 17:00:00
2026-09-28 17:00:54,V0047,Carro,No_B_Norte,Prudente,33.29,50.0,41.91,0.43,0,0,0,2026-09-28 17:00:00
2026-09-28 17:00:55,V0047,Carro,No_B_Norte,Prudente,35.43,50.0,45.15,0.24,0,0,0,2026-09-28 17:00:00
2026-09-28 17:00:56,V0047,Carro,No_B_Norte,Prudente,37.25,50.0,38.7,-0.2,0,0,0,2026-09-28 17:00:00
2026-09-28 17:00:48,V0048,Onibus,No_B_Norte,Prudente,13.11,6.75,39.35,-1.03,0,0,0,2026-09-28 17:00:00
2026-09-28 17:00:49,V0048,Onibus,No_B_Norte,Prudente,10.45,6.22,39.05,0.45,0,0,0,2026-09-28 17:00:00
2026-09-28 17:00:50,V0048,Onibus,No_B_Norte,Prudente,7.93,5.72,37.06,0.01,0,0,0,2026-09-28 17:00:00
2026-09-28 17:00:51,V0048,Onibus,No_B_Norte,Prudente,5.15,5.17,40.7,0.45,0,0,0,2026-09-28 17:00:00
2026-09-28 17:00:52,V0048,Onibus,No_B_Norte,Prudente,2.47,4.64,39.33,1.09,0,0,0,2026-09-28 17:00:00
2026-09-28 17:00:53,V0048,Onibus,No_B_Norte,Prudente,0.47,4.24,29.5,2.94,0,0,0,2026-09-28 17:00:00
2026-09-28 17:00:54,V0048,Onibus,No_B_Norte,Prudente,0.0,3.76,35.64,0.4,0,0,0,2026-09-28 17:00:00
2026-09-28 17:00:55,V0048,Onibus,No_B_Norte,Prudente,0.0,3.28,35.31,0.64,0,0,0,2026-09-28 17:00:00
2026-09-28 17:00:56,V0048,Onibus,No_B_Norte,Prudente,0.0,2.73,41.38,-0.65,0,0,0,2026-09-28 17:00:00
2026-09-28 17:00:57,V0048,Onibus,No_B_Norte,Prudente,0.0,2.11,45.37,-0.16,0,0,0,2026-09-28 17:00:00
2026-09-28 17:00:49,V0049,Carro,No_C_Leste,Infrator,15.24,27.6,86.5,6.09,1,1,1,2026-09-28 17:00:00
2026-09-28 17:00:50,V0049,Carro,No_C_Leste,Infrator,19.23,21.15,109.03,4.83,1,1,1,2026-09-28 17:00:00
2026-09-28 17:00:51,V0049,Carro,No_C_Leste,Infrator,22.4,16.01,87.01,8.15,1,1,1,2026-09-28 17:00:00
2026-09-28 17:00:52,V0049,Carro,No_C_Leste,Infrator,25.91,10.34,96.06,8.56,1,1,1,2026-09-28 17:00:00
2026-09-28 17:00:53,V0049,Carro,No_C_Leste,Infrator,29.25,4.94,91.39,1.57,1,0,1,2026-09-28 17:00:00
2026-09-28 17:00:54,V0049,Carro,No_C_Leste,Infrator,32.95,0.0,101.33,1.56,1,0,1,2026-09-28 17:00:00
2026-09-28 17:00:55,V0049,Carro,No_C_Leste,Infrator,36.16,0.0,88.03,2.74,1,0,1,2026-09-28 17:00:00
2026-09-28 17:00:56,V0049,Carro,No_C_Leste,Infrator,39.24,0.0,84.36,5.99,1,1,1,2026-09-28 17:00:00
2026-09-28 17:00:57,V0049,Carro,No_C_Leste,Infrator,42.46,0.0,88.21,6.27,1,1,1,2026-09-28 17:00:00
2026-09-28 17:00:58,V0049,Carro,No_C_Leste,Infrator,46.16,0.0,101.14,6.36,1,1,1,2026-09-28 17:00:00
2026-09-28 17:00:50,V0050,Carro,No_B_Norte,Agressivo,37.77,25.68,73.38,4.14,1,1,1,2026-09-28 17:00:00
2026-09-28 17:00:51,V0050,Carro,No_B_Norte,Agressivo,35.48,30.03,70.77,4.27,1,1,1,2026-09-28 17:00:00
2026-09-28 17:00:52,V0050,Carro,No_B_Norte,Agressivo,33.05,34.66,75.32,2.48,1,0,1,2026-09-28 17:00:00
2026-09-28 17:00:53,V0050,Carro,No_B_Norte,Agressivo,30.92,38.71,65.96,0.94,1,0,1,2026-09-28 17:00:00
2026-09-28 17:00:54,V0050,Carro,No_B_Norte,Agressivo,29.15,42.08,54.78,-0.29,0,0,0,2026-09-28 17:00:00
2026-09-28 17:00:55,V0050,Carro,No_B_Norte,Agressivo,27.28,45.64,57.92,6.11,0,1,1,2026-09-28 17:00:00
2026-09-28 17:00:56,V0050,Carro,No_B_Norte,Agressivo,25.58,48.87,52.58,2.39,0,0,0,2026-09-28 17:00:00
2026-09-28 17:00:57,V0050,Carro,No_B_Norte,Agressivo,23.81,50.0,54.65,1.8,0,0,0,2026-09-28 17:00:00
2026-09-28 17:00:58,V0050,Carro,No_B_Norte,Agressivo,21.67,50.0,66.36,1.6,1,0,1,2026-09-28 17:00:00
2026-09-28 17:00:59,V0050,Carro,No_B_Norte,Agressivo,19.28,50.0,73.72,6.07,1,1,1,2026-09-28 17:00:00
2026-09-28 17:00:51,V0051,Caminhao,No_C_Leste,Agressivo,25.58,17.83,45.0,7.58,0,1,1,2026-09-28 17:00:00
2026-09-28 17:00:52,V0051,Caminhao,No_C_Leste,Agressivo,28.03,14.99,53.88,-0.29,0,0,0,2026-09-28 17:00:00
2026-09-28 17:00:53,V0051,Caminhao,No_C_Leste,Agressivo,31.35,11.15,73.18,7.88,1,1,1,2026-09-28 17:00:00
2026-09-28 17:00:54,V0051,Caminhao,No_C_Leste,Agressivo,34.8,7.15,76.07,4.13,1,1,1,2026-09-28 17:00:00
2026-09-28 17:00:55,V0051,Caminhao,No_C_Leste,Agressivo,37.97,3.48,69.76,4.71,1,1,1,2026-09-28 17:00:00
2026-09-28 17:00:56,V0051,Caminhao,No_C_Leste,Agressivo,41.19,0.0,71.07,3.56,1,0,1,2026-09-28 17:00:00
2026-09-28 17:00:57,V0051,Caminhao,No_C_Leste,Agressivo,44.18,0.0,65.83,2.87,1,0,1,2026-09-28 17:00:00
2026-09-28 17:00:58,V0051,Caminhao,No_C_Leste,Agressivo,46.85,0.0,58.97,2.44,0,0,0,2026-09-28 17:00:00
2026-09-28 17:00:59,V0051,Caminhao,No_C_Leste,Agressivo,49.19,0.0,51.46,2.8,0,0,0,2026-09-28 17:00:00
2026-09-28 17:01:00,V0051,Caminhao,No_C_Leste,Agressivo,50.0,0.0,57.09,0.79,0,0,0,2026-09-28 17:01:00
2026-09-28 17:00:52,V0052,Carro,No_B_Norte,Infrator,34.51,33.01,100.15,7.32,1,1,1,2026-09-28 17:00:00
2026-09-28 17:00:53,V0052,Carro,No_B_Norte,Infrator,32.45,38.09,78.97,0.24,1,0,1,2026-09-28 17:00:00
2026-09-28 17:00:54,V0052,Carro,No_B_Norte,Infrator,30.26,43.48,83.66,4.52,1,1,1,2026-09-28 17:00:00
2026-09-28 17:00:55,V0052,Carro,No_B_Norte,Infrator,28.3,48.32,75.31,6.65,1,1,1,2026-09-28 17:00:00
2026-09-28 17:00:56,V0052,Carro,No_B_Norte,Infrator,25.6,50.0,103.47,5.67,1,1,1,2026-09-28 17:00:00
2026-09-28 17:00:57,V0052,Carro,No_B_Norte,Infrator,23.34,50.0,86.6,2.19,1,0,1,2026-09-28 17:00:00
2026-09-28 17:00:58,V0052,Carro,No_B_Norte,Infrator,20.76,50.0,98.97,4.77,1,1,1,2026-09-28 17:00:00
2026-09-28 17:00:59,V0052,Carro,No_B_Norte,Infrator,18.69,50.0,79.21,5.19,1,1,1,2026-09-28 17:00:00
2026-09-28 17:01:00,V0052,Carro,No_B_Norte,Infrator,16.35,50.0,89.72,5.42,1,1,1,2026-09-28 17:01:00
2026-09-28 17:01:01,V0052,Carro,No_B_Norte,Infrator,13.82,50.0,97.06,6.15,1,1,1,2026-09-28 17:01:00
2026-09-28 17:00:53,V0053,Carro,No_C_Leste,Agressivo,41.25,17.75,53.78,6.5,0,1,1,2026-09-28 17:00:00
2026-09-28 17:00:54,V0053,Carro,No_C_Leste,Agressivo,42.15,21.47,55.05,1.61,0,0,0,2026-09-28 17:00:00
2026-09-28 17:00:55,V0053,Carro,No_C_Leste,Agressivo,43.13,25.47,59.25,4.79,0,1,1,2026-09-28 17:00:00
2026-09-28 17:00:56,V0053,Carro,No_C_Leste,Agressivo,44.15,29.69,62.64,5.5,1,1,1,2026-09-28 17:00:00
2026-09-28 17:00:57,V0053,Carro,No_C_Leste,Agressivo,45.13,33.71,59.61,3.56,0,0,0,2026-09-28 17:00:00
2026-09-28 17:00:58,V0053,Carro,No_C_Leste,Agressivo,46.09,37.65,58.32,7.29,0,1,1,2026-09-28 17:00:00
2026-09-28 17:00:59,V0053,Carro,No_C_Leste,Agressivo,47.0,41.39,55.5,3.62,0,0,0,2026-09-28 17:00:00
2026-09-28 17:01:00,V0053,Carro,No_C_Leste,Agressivo,48.15,46.12,70.07,3.83,1,0,1,2026-09-28 17:01:00
2026-09-28 17:01:01,V0053,Carro,No_C_Leste,Agressivo,49.19,50.0,63.52,2.74,1,0,1,2026-09-28 17:01:00
2026-09-28 17:01:02,V0053,Carro,No_C_Leste,Agressivo,50.0,50.0,65.35,2.71,1,0,1,2026-09-28 17:01:00
2026-09-28 17:00:54,V0054,Carro,No_A_Centro,Infrator,30.07,33.74,99.59,-0.06,1,0,1,2026-09-28 17:00:00
2026-09-28 17:00:55,V0054,Carro,No_A_Centro,Infrator,30.76,39.82,88.14,4.99,1,1,1,2026-09-28 17:00:00
2026-09-28 17:00:56,V0054,Carro,No_A_Centro,Infrator,31.46,45.97,89.15,2.68,1,0,1,2026-09-28 17:00:00
2026-09-28 17:00:57,V0054,Carro,No_A_Centro,Infrator,32.02,50.0,70.64,-0.74,1,0,1,2026-09-28 17:00:00
2026-09-28 17:00:58,V0054,Carro,No_A_Centro,Infrator,32.76,50.0,94.76,8.31,1,1,1,2026-09-28 17:00:00
2026-09-28 17:00:59,V0054,Carro,No_A_Centro,Infrator,33.45,50.0,88.03,3.4,1,0,1,2026-09-28 17:00:00
2026-09-28 17:01:00,V0054,Carro,No_A_Centro,Infrator,33.99,50.0,68.77,6.69,1,1,1,2026-09-28 17:01:00
2026-09-28 17:01:01,V0054,Carro,No_A_Centro,Infrator,34.57,50.0,73.99,2.87,1,0,1,2026-09-28 17:01:00
2026-09-28 17:01:02,V0054,Carro,No_A_Centro,Infrator,35.2,50.0,79.13,4.41,1,1,1,2026-09-28 17:01:00
2026-09-28 17:01:03,V0054,Carro,No_A_Centro,Infrator,35.8,50.0,77.41,5.1,1,1,1,2026-09-28 17:01:00
2026-09-28 17:00:55,V0055,Moto,No_C_Leste,Prudente,34.21,13.63,41.65,0.83,0,0,0,2026-09-28 17:00:00
2026-09-28 17:00:56,V0055,Moto,No_C_Leste,Prudente,32.19,13.11,30.03,0.37,0,0,0,2026-09-28 17:00:00
2026-09-28 17:00:57,V0055,Moto,No_C_Leste,Prudente,29.09,12.31,46.14,-1.21,0,0,0,2026-09-28 17:00:00
2026-09-28 17:00:58,V0055,Moto,No_C_Leste,Prudente,25.84,11.48,48.36,0.42,0,0,0,2026-09-28 17:00:00
2026-09-28 17:00:59,V0055,Moto,No_C_Leste,Prudente,23.38,10.85,36.47,-0.06,0,0,0,2026-09-28 17:00:00
2026-09-28 17:01:00,V0055,Moto,No_C_Leste,Prudente,20.5,10.11,42.79,0.08,0,0,0,2026-09-28 17:01:00
2026-09-28 17:01:01,V0055,Moto,No_C_Leste,Prudente,17.63,9.37,42.69,-0.92,0,0,0,2026-09-28 17:01:00
2026-09-28 17:01:02,V0055,Moto,No_C_Leste,Prudente,14.89,8.67,40.85,-1.41,0,0,0,2026-09-28 17:01:00
2026-09-28 17:01:03,V0055,Moto,No_C_Leste,Prudente,12.23,7.98,39.44,-0.9,0,0,0,2026-09-28 17:01:00
2026-09-28 17:01:04,V0055,Moto,No_C_Leste,Prudente,9.79,7.36,36.32,1.24,0,0,0,2026-09-28 17:01:00
2026-09-28 17:00:56,V0056,Carro,No_C_Leste,Agressivo,35.38,34.95,60.73,0.19,1,0,1,2026-09-28 17:00:00
2026-09-28 17:00:57,V0056,Carro,No_C_Leste,Agressivo,39.47,32.94,65.58,4.56,1,1,1,2026-09-28 17:00:00
2026-09-28 17:00:58,V0056,Carro,No_C_Leste,Agressivo,43.55,30.93,65.6,5.45,1,1,1,2026-09-28 17:00:00
2026-09-28 17:00:59,V0056,Carro,No_C_Leste,Agressivo,47.23,29.12,59.01,3.45,0,0,0,2026-09-28 17:00:00
2026-09-28 17:01:00,V0056,Carro,No_C_Leste,Agressivo,50.0,27.26,60.78,3.72,1,0,1,2026-09-28 17:01:00
2026-09-28 17:01:01,V0056,Carro,No_C_Leste,Agressivo,50.0,25.14,69.03,4.16,1,1,1,2026-09-28 17:01:00
2026-09-28 17:01:02,V0056,Carro,No_C_Leste,Agressivo,50.0,23.41,56.44,1.22,0,0,0,2026-09-28 17:01:00
2026-09-28 17:01:03,V0056,Carro,No_C_Leste,Agressivo,50.0,21.59,59.37,2.52,0,0,0,2026-09-28 17:01:00
2026-09-28 17:01:04,V0056,Carro,No_C_Leste,Agressivo,50.0,19.57,65.7,4.42,1,1,1,2026-09-28 17:01:00
2026-09-28 17:01:05,V0056,Carro,No_C_Leste,Agressivo,50.0,17.78,58.22,-0.2,0,0,0,2026-09-28 17:01:00
2026-09-28 17:00:57,V0057,Carro,No_C_Leste,Prudente,20.13,28.75,39.97,0.84,0,0,0,2026-09-28 17:00:00
2026-09-28 17:00:58,V0057,Carro,No_C_Leste,Prudente,17.33,28.47,40.41,-0.1,0,0,0,2026-09-28 17:00:00
2026-09-28 17:00:59,V0057,Carro,No_C_Leste,Prudente,14.25,28.17,44.6,-0.29,0,0,0,2026-09-28 17:00:00
2026-09-28 17:01:00,V0057,Carro,No_C_Leste,Prudente,11.39,27.89,41.34,0.32,0,0,0,2026-09-28 17:01:00
2026-09-28 17:01:01,V0057,Carro,No_C_Leste,Prudente,8.86,27.64,36.66,0.99,0,0,0,2026-09-28 17:01:00
2026-09-28 17:01:02,V0057,Carro,No_C_Leste,Prudente,6.16,27.37,39.13,-0.76,0,0,0,2026-09-28 17:01:00
2026-09-28 17:01:03,V0057,Carro,No_C_Leste,Prudente,3.21,27.08,42.68,-0.9,0,0,0,2026-09-28 17:01:00
2026-09-28 17:01:04,V0057,Carro,No_C_Leste,Prudente,0.43,26.8,40.14,-0.01,0,0,0,2026-09-28 17:01:00
2026-09-28 17:01:05,V0057,Carro,No_C_Leste,Prudente,0.0,26.49,45.43,0.47,0,0,0,2026-09-28 17:01:00
2026-09-28 17:01:06,V0057,Carro,No_C_Leste,Prudente,0.0,26.22,39.87,0.82,0,0,0,2026-09-28 17:01:00
2026-09-28 17:00:58,V0058,Carro,No_A_Centro,Prudente,30.11,37.29,27.37,0.06,0,0,0,2026-09-28 17:00:00
2026-09-28 17:00:59,V0058,Carro,No_A_Centro,Prudente,31.32,39.64,38.14,-0.99,0,0,0,2026-09-28 17:00:00
2026-09-28 17:01:00,V0058,Carro,No_A_Centro,Prudente,32.66,42.27,42.54,0.05,0,0,0,2026-09-28 17:01:00
2026-09-28 17:01:01,V0058,Carro,No_A_Centro,Prudente,33.64,44.19,30.99,-0.65,0,0,0,2026-09-28 17:01:00
2026-09-28 17:01:02,V0058,Carro,No_A_Centro,Prudente,34.45,45.77,25.56,0.29,0,0,0,2026-09-28 17:01:00
2026-09-28 17:01:03,V0058,Carro,No_A_Centro,Prudente,35.76,48.33,41.42,-0.79,0,0,0,2026-09-28 17:01:00
2026-09-28 17:01:04,V0058,Carro,No_A_Centro,Prudente,37.11,50.0,42.7,-1.28,0,0,0,2026-09-28 17:01:00
2026-09-28 17:01:05,V0058,Carro,No_A_Centro,Prudente,38.22,50.0,35.17,0.42,0,0,0,2026-09-28 17:01:00
2026-09-28 17:01:06,V0058,Carro,No_A_Centro,Prudente,39.37,50.0,36.56,-0.06,0,0,0,2026-09-28 17:01:00
2026-09-28 17:01:07,V0058,Carro,No_A_Centro,Prudente,40.55,50.0,37.18,-0.41,0,0,0,2026-09-28 17:01:00
2026-09-28 17:00:59,V0059,Carro,No_A_Centro,Prudente,11.98,18.7,38.06,0.17,0,0,0,2026-09-28 17:00:00
2026-09-28 17:01:00,V0059,Carro,No_A_Centro,Prudente,14.26,20.38,40.8,0.0,0,0,0,2026-09-28 17:01:00
2026-09-28 17:01:01,V0059,Carro,No_A_Centro,Prudente,16.62,22.12,42.18,1.19,0,0,0,2026-09-28 17:01:00
2026-09-28 17:01:02,V0059,Carro,No_A_Centro,Prudente,19.13,23.96,44.75,-1.48,0,0,0,2026-09-28 17:01:00
2026-09-28 17:01:03,V0059,Carro,No_A_Centro,Prudente,20.65,25.08,27.23,0.93,0,0,0,2026-09-28 17:01:00
2026-09-28 17:01:04,V0059,Carro,No_A_Centro,Prudente,22.5,26.45,33.17,-0.22,0,0,0,2026-09-28 17:01:00
2026-09-28 17:01:05,V0059,Carro,No_A_Centro,Prudente,24.41,27.85,34.15,-1.8,0,0,0,2026-09-28 17:01:00
2026-09-28 17:01:06,V0059,Carro,No_A_Centro,Prudente,26.8,29.61,42.71,0.76,0,0,0,2026-09-28 17:01:00
2026-09-28 17:01:07,V0059,Carro,No_A_Centro,Prudente,28.87,31.14,37.12,-2.59,0,0,0,2026-09-28 17:01:00
2026-09-28 17:01:08,V0059,Carro,No_A_Centro,Prudente,30.96,32.68,37.27,0.39,0,0,0,2026-09-28 17:01:00
2026-09-28 17:01:00,V0060,Carro,No_C_Leste,Agressivo,30.36,13.91,57.05,2.94,0,0,0,2026-09-28 17:01:00
2026-09-28 17:01:01,V0060,Carro,No_C_Leste,Agressivo,33.78,14.17,49.32,7.12,0,1,1,2026-09-28 17:01:00
2026-09-28 17:01:02,V0060,Carro,No_C_Leste,Agressivo,37.62,14.46,55.46,2.92,0,0,0,2026-09-28 17:01:00
2026-09-28 17:01:03,V0060,Carro,No_C_Leste,Agressivo,42.77,14.86,74.35,1.27,1,0,1,2026-09-28 17:01:00
2026-09-28 17:01:04,V0060,Carro,No_C_Leste,Agressivo,45.99,15.1,46.58,2.11,0,0,0,2026-09-28 17:01:00
2026-09-28 17:01:05,V0060,Carro,No_C_Leste,Agressivo,50.0,15.41,58.0,-1.55,0,0,0,2026-09-28 17:01:00
2026-09-28 17:01:06,V0060,Carro,No_C_Leste,Agressivo,50.0,15.76,67.28,3.41,1,0,1,2026-09-28 17:01:00
2026-09-28 17:01:07,V0060,Carro,No_C_Leste,Agressivo,50.0,16.16,74.14,0.76,1,0,1,2026-09-28 17:01:00
2026-09-28 17:01:08,V0060,Carro,No_C_Leste,Agressivo,50.0,16.43,52.21,2.19,0,0,0,2026-09-28 17:01:00
2026-09-28 17:01:09,V0060,Carro,No_C_Leste,Agressivo,50.0,16.77,64.29,4.84,1,1,1,2026-09-28 17:01:00
2026-09-28 17:01:01,V0061,Carro,No_A_Centro,Agressivo,34.63,28.17,75.41,6.12,1,1,1,2026-09-28 17:01:00
2026-09-28 17:01:02,V0061,Carro,No_A_Centro,Agressivo,38.21,25.39,65.26,1.49,1,0,1,2026-09-28 17:01:00
2026-09-28 17:01:03,V0061,Carro,No_A_Centro,Agressivo,41.98,22.47,68.68,1.64,1,0,1,2026-09-28 17:01:00
2026-09-28 17:01:04,V0061,Carro,No_A_Centro,Agressivo,46.44,19.02,81.11,3.27,1,0,1,2026-09-28 17:01:00
2026-09-28 17:01:05,V0061,Carro,No_A_Centro,Agressivo,49.84,16.38,62.08,3.37,1,0,1,2026-09-28 17:01:00
2026-09-28 17:01:06,V0061,Carro,No_A_Centro,Agressivo,50.0,14.08,54.22,1.06,0,0,0,2026-09-28 17:01:00
2026-09-28 17:01:07,V0061,Carro,No_A_Centro,Agressivo,50.0,10.91,74.6,1.69,1,0,1,2026-09-28 17:01:00
2026-09-28 17:01:08,V0061,Carro,No_A_Centro,Agressivo,50.0,8.5,56.62,4.07,0,1,1,2026-09-28 17:01:00
2026-09-28 17:01:09,V0061,Carro,No_A_Centro,Agressivo,50.0,5.33,74.49,4.44,1,1,1,2026-09-28 17:01:00
2026-09-28 17:01:10,V0061,Carro,No_A_Centro,Agressivo,50.0,2.23,72.97,1.49,1,0,1,2026-09-28 17:01:00
2026-09-28 17:01:02,V0062,Carro,No_A_Centro,Prudente,30.78,23.04,41.41,-0.93,0,0,0,2026-09-28 17:01:00
2026-09-28 17:01:03,V0062,Carro,No_A_Centro,Prudente,31.6,25.93,43.21,1.22,0,0,0,2026-09-28 17:01:00
2026-09-28 17:01:04,V0062,Carro,No_A_Centro,Prudente,32.31,28.4,37.08,0.04,0,0,0,2026-09-28 17:01:00
2026-09-28 17:01:05,V0062,Carro,No_A_Centro,Prudente,33.21,31.56,47.28,1.8,0,0,0,2026-09-28 17:01:00
2026-09-28 17:01:06,V0062,Carro,No_A_Centro,Prudente,34.05,34.48,43.73,0.59,0,0,0,2026-09-28 17:01:00
2026-09-28 17:01:07,V0062,Carro,No_A_Centro,Prudente,34.73,36.87,35.73,0.36,0,0,0,2026-09-28 17:01:00
2026-09-28 17:01:08,V0062,Carro,No_A_Centro,Prudente,35.54,39.72,42.78,-0.21,0,0,0,2026-09-28 17:01:00
2026-09-28 17:01:09,V0062,Carro,No_A_Centro,Prudente,36.25,42.19,37.03,-1.28,0,0,0,2026-09-28 17:01:00
2026-09-28 17:01:10,V0062,Carro,No_A_Centro,Prudente,36.85,44.29,31.31,-1.95,0,0,0,2026-09-28 17:01:00
2026-09-28 17:01:11,V0062,Carro,No_A_Centro,Prudente,37.67,47.15,42.9,0.15,0,0,0,2026-09-28 17:01:00
2026-09-28 17:01:03,V0063,Carro,No_C_Leste,Prudente,15.56,12.59,41.54,0.82,0,0,0,2026-09-28 17:01:00
2026-09-28 17:01:04,V0063,Carro,No_C_Leste,Prudente,16.56,15.5,44.3,-0.58,0,0,0,2026-09-28 17:01:00
2026-09-28 17:01:05,V0063,Carro,No_C_Leste,Prudente,17.44,18.07,39.16,0.28,0,0,0,2026-09-28 17:01:00
2026-09-28 17:01:06,V0063,Carro,No_C_Leste,Prudente,18.31,20.62,38.76,1.61,0,0,0,2026-09-28 17:01:00
2026-09-28 17:01:07,V0063,Carro,No_C_Leste,Prudente,19.27,23.41,42.45,0.73,0,0,0,2026-09-28 17:01:00
2026-09-28 17:01:08,V0063,Carro,No_C_Leste,Prudente,20.24,26.25,43.31,1.17,0,0,0,2026-09-28 17:01:00
2026-09-28 17:01:09,V0063,Carro,No_C_Leste,Prudente,21.16,28.94,40.91,-1.3,0,0,0,2026-09-28 17:01:00
2026-09-28 17:01:10,V0063,Carro,No_C_Leste,Prudente,22.11,31.7,42.0,-0.65,0,0,0,2026-09-28 17:01:00
2026-09-28 17:01:11,V0063,Carro,No_C_Leste,Prudente,22.95,34.15,37.36,0.59,0,0,0,2026-09-28 17:01:00
2026-09-28 17:01:12,V0063,Carro,No_C_Leste,Prudente,23.99,37.19,46.19,0.02,0,0,0,2026-09-28 17:01:00
2026-09-28 17:01:04,V0064,Onibus,No_C_Leste,Prudente,32.53,25.55,30.5,0.08,0,0,0,2026-09-28 17:01:00
2026-09-28 17:01:05,V0064,Onibus,No_C_Leste,Prudente,29.65,23.72,49.06,0.62,0,0,0,2026-09-28 17:01:00
2026-09-28 17:01:06,V0064,Onibus,No_C_Leste,Prudente,27.22,22.16,41.64,0.9,0,0,0,2026-09-28 17:01:00
2026-09-28 17:01:07,V0064,Onibus,No_C_Leste,Prudente,25.06,20.79,36.89,0.48,0,0,0,2026-09-28 17:01:00
2026-09-28 17:01:08,V0064,Onibus,No_C_Leste,Prudente,22.79,19.34,38.75,-0.02,0,0,0,2026-09-28 17:01:00
2026-09-28 17:01:09,V0064,Onibus,No_C_Leste,Prudente,20.2,17.69,44.14,-0.93,0,0,0,2026-09-28 17:01:00
2026-09-28 17:01:10,V0064,Onibus,No_C_Leste,Prudente,17.48,15.96,46.44,-0.42,0,0,0,2026-09-28 17:01:00
2026-09-28 17:01:11,V0064,Onibus,No_C_Leste,Prudente,15.06,14.42,41.3,-1.4,0,0,0,2026-09-28 17:01:00
2026-09-28 17:01:12,V0064,Onibus,No_C_Leste,Prudente,12.51,12.79,43.6,1.45,0,0,0,2026-09-28 17:01:00
2026-09-28 17:01:13,V0064,Onibus,No_C_Leste,Prudente,10.32,11.39,37.43,-1.11,0,0,0,2026-09-28 17:01:00
2026-09-28 17:01:05,V0065,Carro,No_B_Norte,Agressivo,40.43,27.3,58.72,4.3,0,1,1,2026-09-28 17:01:00
2026-09-28 17:01:06,V0065,Carro,No_B_Norte,Agressivo,44.87,27.45,64.03,3.84,1,0,1,2026-09-28 17:01:00
2026-09-28 17:01:07,V0065,Carro,No_B_Norte,Agressivo,48.89,27.58,57.9,2.13,0,0,0,2026-09-28 17:01:00
2026-09-28 17:01:08,V0065,Carro,No_B_Norte,Agressivo,50.0,27.74,70.78,2.25,1,0,1,2026-09-28 17:01:00
2026-09-28 17:01:09,V0065,Carro,No_B_Norte,Agressivo,50.0,27.92,78.82,2.2,1,0,1,2026-09-28 17:01:00
2026-09-28 17:01:10,V0065,Carro,No_B_Norte,Agressivo,50.0,28.07,66.8,4.87,1,1,1,2026-09-28 17:01:00
2026-09-28 17:01:11,V0065,Carro,No_B_Norte,Agressivo,50.0,28.2,53.65,-0.52,0,0,0,2026-09-28 17:01:00
2026-09-28 17:01:12,V0065,Carro,No_B_Norte,Agressivo,50.0,28.32,52.79,5.53,0,1,1,2026-09-28 17:01:00
2026-09-28 17:01:13,V0065,Carro,No_B_Norte,Agressivo,50.0,28.46,60.59,8.12,1,1,1,2026-09-28 17:01:00
2026-09-28 17:01:14,V0065,Carro,No_B_Norte,Agressivo,50.0,28.59,60.49,3.37,1,0,1,2026-09-28 17:01:00
2026-09-28 17:01:06,V0066,Carro,No_A_Centro,Agressivo,23.17,25.44,78.05,4.91,1,1,1,2026-09-28 17:01:00
2026-09-28 17:01:07,V0066,Carro,No_A_Centro,Agressivo,19.3,23.89,60.0,4.66,0,1,1,2026-09-28 17:01:00
2026-09-28 17:01:08,V0066,Carro,No_A_Centro,Agressivo,15.11,22.22,64.94,5.62,1,1,1,2026-09-28 17:01:00
2026-09-28 17:01:09,V0066,Carro,No_A_Centro,Agressivo,10.35,20.31,73.93,1.7,1,0,1,2026-09-28 17:01:00
2026-09-28 17:01:10,V0066,Carro,No_A_Centro,Agressivo,5.67,18.43,72.58,4.36,1,1,1,2026-09-28 17:01:00
2026-09-28 17:01:11,V0066,Carro,No_A_Centro,Agressivo,2.91,17.33,42.81,4.6,0,1,1,2026-09-28 17:01:00
2026-09-28 17:01:12,V0066,Carro,No_A_Centro,Agressivo,0.0,15.74,61.55,1.23,1,0,1,2026-09-28 17:01:00
2026-09-28 17:01:13,V0066,Carro,No_A_Centro,Agressivo,0.0,14.23,58.25,2.73,0,0,0,2026-09-28 17:01:00
2026-09-28 17:01:14,V0066,Carro,No_A_Centro,Agressivo,0.0,12.45,68.84,0.27,1,0,1,2026-09-28 17:01:00
2026-09-28 17:01:15,V0066,Carro,No_A_Centro,Agressivo,0.0,10.73,66.52,4.15,1,1,1,2026-09-28 17:01:00
2026-09-28 17:01:07,V0067,Carro,No_B_Norte,Prudente,22.45,27.82,38.87,-0.96,0,0,0,2026-09-28 17:01:00
2026-09-28 17:01:08,V0067,Carro,No_B_Norte,Prudente,23.04,25.23,38.14,1.09,0,0,0,2026-09-28 17:01:00
2026-09-28 17:01:09,V0067,Carro,No_B_Norte,Prudente,23.8,21.89,49.42,1.54,0,0,0,2026-09-28 17:01:00
2026-09-28 17:01:10,V0067,Carro,No_B_Norte,Prudente,24.38,19.34,37.56,-1.12,0,0,0,2026-09-28 17:01:00
2026-09-28 17:01:11,V0067,Carro,No_B_Norte,Prudente,25.01,16.59,40.7,-1.77,0,0,0,2026-09-28 17:01:00
2026-09-28 17:01:12,V0067,Carro,No_B_Norte,Prudente,25.65,13.77,41.62,-0.15,0,0,0,2026-09-28 17:01:00
2026-09-28 17:01:13,V0067,Carro,No_B_Norte,Prudente,26.23,11.22,37.67,-1.59,0,0,0,2026-09-28 17:01:00
2026-09-28 17:01:14,V0067,Carro,No_B_Norte,Prudente,26.89,8.34,42.57,-0.53,0,0,0,2026-09-28 17:01:00
2026-09-28 17:01:15,V0067,Carro,No_B_Norte,Prudente,27.41,6.02,34.15,-2.87,0,0,0,2026-09-28 17:01:00
2026-09-28 17:01:16,V0067,Carro,No_B_Norte,Prudente,28.03,3.33,39.86,1.77,0,0,0,2026-09-28 17:01:00
2026-09-28 17:01:08,V0068,Moto,No_C_Leste,Agressivo,22.93,29.49,67.84,0.8,1,0,1,2026-09-28 17:01:00
2026-09-28 17:01:09,V0068,Moto,No_C_Leste,Agressivo,23.39,24.78,68.16,1.85,1,0,1,2026-09-28 17:01:00
2026-09-28 17:01:10,V0068,Moto,No_C_Leste,Agressivo,23.85,20.09,67.83,3.24,1,0,1,2026-09-28 17:01:00
2026-09-28 17:01:11,V0068,Moto,No_C_Leste,Agressivo,24.24,16.14,57.19,1.22,0,0,0,2026-09-28 17:01:00
2026-09-28 17:01:12,V0068,Moto,No_C_Leste,Agressivo,24.7,11.45,67.84,2.56,1,0,1,2026-09-28 17:01:00
2026-09-28 17:01:13,V0068,Moto,No_C_Leste,Agressivo,25.09,7.42,58.28,1.15,0,0,0,2026-09-28 17:01:00
2026-09-28 17:01:14,V0068,Moto,No_C_Leste,Agressivo,25.51,3.1,62.57,6.14,1,1,1,2026-09-28 17:01:00
2026-09-28 17:01:15,V0068,Moto,No_C_Leste,Agressivo,25.92,0.0,60.79,2.97,1,0,1,2026-09-28 17:01:00
2026-09-28 17:01:16,V0068,Moto,No_C_Leste,Agressivo,26.37,0.0,65.81,0.74,1,0,1,2026-09-28 17:01:00
2026-09-28 17:01:17,V0068,Moto,No_C_Leste,Agressivo,26.71,0.0,50.9,0.95,0,0,0,2026-09-28 17:01:00
2026-09-28 17:01:09,V0069,Carro,No_A_Centro,Prudente,39.55,3.47,40.33,0.52,0,0,0,2026-09-28 17:01:00
2026-09-28 17:01:10,V0069,Carro,No_A_Centro,Prudente,38.4,1.56,32.19,-0.53,0,0,0,2026-09-28 17:01:00
2026-09-28 17:01:11,V0069,Carro,No_A_Centro,Prudente,36.82,0.0,43.97,-1.25,0,0,0,2026-09-28 17:01:00
2026-09-28 17:01:12,V0069,Carro,No_A_Centro,Prudente,35.34,0.0,41.47,-1.36,0,0,0,2026-09-28 17:01:00
2026-09-28 17:01:13,V0069,Carro,No_A_Centro,Prudente,33.82,0.0,42.33,-0.04,0,0,0,2026-09-28 17:01:00
2026-09-28 17:01:14,V0069,Carro,No_A_Centro,Prudente,32.68,0.0,31.92,1.16,0,0,0,2026-09-28 17:01:00
2026-09-28 17:01:15,V0069,Carro,No_A_Centro,Prudente,31.38,0.0,36.33,-0.81,0,0,0,2026-09-28 17:01:00
2026-09-28 17:01:16,V0069,Carro,No_A_Centro,Prudente,29.91,0.0,41.0,1.15,0,0,0,2026-09-28 17:01:00
2026-09-28 17:01:17,V0069,Carro,No_A_Centro,Prudente,28.66,0.0,34.92,0.06,0,0,0,2026-09-28 17:01:00
2026-09-28 17:01:18,V0069,Carro,No_A_Centro,Prudente,27.15,0.0,42.14,0.69,0,0,0,2026-09-28 17:01:00
2026-09-28 17:01:10,V0070,Carro,No_A_Centro,Prudente,5.06,32.57,39.59,-0.83,0,0,0,2026-09-28 17:01:00
2026-09-28 17:01:11,V0070,Carro,No_A_Centro,Prudente,2.81,31.94,33.67,-0.06,0,0,0,2026-09-28 17:01:00
2026-09-28 17:01:12,V0070,Carro,No_A_Centro,Prudente,0.28,31.23,37.76,2.01,0,0,0,2026-09-28 17:01:00
2026-09-28 17:01:13,V0070,Carro,No_A_Centro,Prudente,0.0,30.31,48.85,-1.03,0,0,0,2026-09-28 17:01:00
2026-09-28 17:01:14,V0070,Carro,No_A_Centro,Prudente,0.0,29.63,36.45,0.07,0,0,0,2026-09-28 17:01:00
2026-09-28 17:01:15,V0070,Carro,No_A_Centro,Prudente,0.0,28.75,46.99,0.06,0,0,0,2026-09-28 17:01:00
2026-09-28 17:01:16,V0070,Carro,No_A_Centro,Prudente,0.0,28.06,36.76,-0.06,0,0,0,2026-09-28 17:01:00
2026-09-28 17:01:17,V0070,Carro,No_A_Centro,Prudente,0.0,27.37,36.86,0.6,0,0,0,2026-09-28 17:01:00
2026-09-28 17:01:18,V0070,Carro,No_A_Centro,Prudente,0.0,26.68,36.45,-0.51,0,0,0,2026-09-28 17:01:00
2026-09-28 17:01:19,V0070,Carro,No_A_Centro,Prudente,0.0,25.82,45.81,-0.77,0,0,0,2026-09-28 17:01:00
2026-09-28 17:01:11,V0071,Carro,No_B_Norte,Prudente,27.7,11.34,38.54,-1.56,0,0,0,2026-09-28 17:01:00
2026-09-28 17:01:12,V0071,Carro,No_B_Norte,Prudente,29.92,9.19,44.42,-0.08,0,0,0,2026-09-28 17:01:00
2026-09-28 17:01:13,V0071,Carro,No_B_Norte,Prudente,31.87,7.31,39.1,3.19,0,0,0,2026-09-28 17:01:00
2026-09-28 17:01:14,V0071,Carro,No_B_Norte,Prudente,33.95,5.31,41.49,-0.75,0,0,0,2026-09-28 17:01:00
2026-09-28 17:01:15,V0071,Carro,No_B_Norte,Prudente,35.84,3.48,37.87,1.15,0,0,0,2026-09-28 17:01:00
2026-09-28 17:01:16,V0071,Carro,No_B_Norte,Prudente,37.87,1.53,40.57,-1.44,0,0,0,2026-09-28 17:01:00
2026-09-28 17:01:17,V0071,Carro,No_B_Norte,Prudente,40.1,0.0,44.6,-0.67,0,0,0,2026-09-28 17:01:00
2026-09-28 17:01:18,V0071,Carro,No_B_Norte,Prudente,42.56,0.0,49.37,1.08,0,0,0,2026-09-28 17:01:00
2026-09-28 17:01:19,V0071,Carro,No_B_Norte,Prudente,44.45,0.0,37.76,1.28,0,0,0,2026-09-28 17:01:00
2026-09-28 17:01:20,V0071,Carro,No_B_Norte,Prudente,46.47,0.0,40.34,0.85,0,0,0,2026-09-28 17:01:00
2026-09-28 17:01:12,V0072,Carro,No_B_Norte,Prudente,12.14,29.88,44.17,-0.43,0,0,0,2026-09-28 17:01:00
2026-09-28 17:01:13,V0072,Carro,No_B_Norte,Prudente,12.86,27.29,38.67,0.48,0,0,0,2026-09-28 17:01:00
2026-09-28 17:01:14,V0072,Carro,No_B_Norte,Prudente,13.56,24.8,37.27,-0.52,0,0,0,2026-09-28 17:01:00
2026-09-28 17:01:15,V0072,Carro,No_B_Norte,Prudente,14.33,22.03,41.49,0.76,0,0,0,2026-09-28 17:01:00
2026-09-28 17:01:16,V0072,Carro,No_B_Norte,Prudente,15.06,19.42,39.0,-1.16,0,0,0,2026-09-28 17:01:00
2026-09-28 17:01:17,V0072,Carro,No_B_Norte,Prudente,15.74,16.99,36.32,0.2,0,0,0,2026-09-28 17:01:00
2026-09-28 17:01:18,V0072,Carro,No_B_Norte,Prudente,16.5,14.25,40.96,0.24,0,0,0,2026-09-28 17:01:00
2026-09-28 17:01:19,V0072,Carro,No_B_Norte,Prudente,17.29,11.4,42.61,0.01,0,0,0,2026-09-28 17:01:00
2026-09-28 17:01:20,V0072,Carro,No_B_Norte,Prudente,18.06,8.63,41.33,-0.05,0,0,0,2026-09-28 17:01:00
2026-09-28 17:01:21,V0072,Carro,No_B_Norte,Prudente,18.92,5.57,45.74,1.43,0,0,0,2026-09-28 17:01:00
2026-09-28 17:01:13,V0073,Onibus,No_B_Norte,Agressivo,6.99,42.55,74.5,8.18,1,1,1,2026-09-28 17:01:00
2026-09-28 17:01:14,V0073,Onibus,No_B_Norte,Agressivo,2.65,44.68,69.64,3.65,1,0,1,2026-09-28 17:01:00
2026-09-28 17:01:15,V0073,Onibus,No_B_Norte,Agressivo,0.0,46.71,66.56,2.29,1,0,1,2026-09-28 17:01:00
2026-09-28 17:01:16,V0073,Onibus,No_B_Norte,Agressivo,0.0,48.78,67.71,2.41,1,0,1,2026-09-28 17:01:00
2026-09-28 17:01:17,V0073,Onibus,No_B_Norte,Agressivo,0.0,50.0,66.35,5.64,1,1,1,2026-09-28 17:01:00
2026-09-28 17:01:18,V0073,Onibus,No_B_Norte,Agressivo,0.0,50.0,56.95,5.28,0,1,1,2026-09-28 17:01:00
2026-09-28 17:01:19,V0073,Onibus,No_B_Norte,Agressivo,0.0,50.0,75.54,2.76,1,0,1,2026-09-28 17:01:00
2026-09-28 17:01:20,V0073,Onibus,No_B_Norte,Agressivo,0.0,50.0,48.03,1.78,0,0,0,2026-09-28 17:01:00
2026-09-28 17:01:21,V0073,Onibus,No_B_Norte,Agressivo,0.0,50.0,75.38,2.95,1,0,1,2026-09-28 17:01:00
2026-09-28 17:01:22,V0073,Onibus,No_B_Norte,Agressivo,0.0,50.0,57.01,1.99,0,0,0,2026-09-28 17:01:00
2026-09-28 17:01:14,V0074,Onibus,No_A_Centro,Prudente,35.56,39.56,37.17,-0.41,0,0,0,2026-09-28 17:01:00
2026-09-28 17:01:15,V0074,Onibus,No_A_Centro,Prudente,37.62,41.07,36.69,-2.03,0,0,0,2026-09-28 17:01:00
2026-09-28 17:01:16,V0074,Onibus,No_A_Centro,Prudente,40.07,42.87,43.82,1.26,0,0,0,2026-09-28 17:01:00
2026-09-28 17:01:17,V0074,Onibus,No_A_Centro,Prudente,41.89,44.2,32.41,1.24,0,0,0,2026-09-28 17:01:00
2026-09-28 17:01:18,V0074,Onibus,No_A_Centro,Prudente,44.1,45.82,39.48,1.23,0,0,0,2026-09-28 17:01:00
2026-09-28 17:01:19,V0074,Onibus,No_A_Centro,Prudente,46.35,47.47,40.19,0.14,0,0,0,2026-09-28 17:01:00
2026-09-28 17:01:20,V0074,Onibus,No_A_Centro,Prudente,48.7,49.19,41.86,-0.79,0,0,0,2026-09-28 17:01:00
2026-09-28 17:01:21,V0074,Onibus,No_A_Centro,Prudente,50.0,50.0,45.97,-1.12,0,0,0,2026-09-28 17:01:00
2026-09-28 17:01:22,V0074,Onibus,No_A_Centro,Prudente,50.0,50.0,37.99,0.52,0,0,0,2026-09-28 17:01:00
2026-09-28 17:01:23,V0074,Onibus,No_A_Centro,Prudente,50.0,50.0,37.45,0.78,0,0,0,2026-09-28 17:01:00
2026-09-28 17:01:15,V0075,Caminhao,No_A_Centro,Infrator,25.52,32.35,75.0,2.97,1,0,1,2026-09-28 17:01:00
2026-09-28 17:01:16,V0075,Caminhao,No_A_Centro,Infrator,19.28,31.86,90.14,5.54,1,1,1,2026-09-28 17:01:00
2026-09-28 17:01:17,V0075,Caminhao,No_A_Centro,Infrator,13.16,31.37,88.51,6.47,1,1,1,2026-09-28 17:01:00
2026-09-28 17:01:18,V0075,Caminhao,No_A_Centro,Infrator,6.83,30.86,91.35,8.33,1,1,1,2026-09-28 17:01:00
2026-09-28 17:01:19,V0075,Caminhao,No_A_Centro,Infrator,0.67,30.37,89.1,4.28,1,1,1,2026-09-28 17:01:00
2026-09-28 17:01:20,V0075,Caminhao,No_A_Centro,Infrator,0.0,29.87,91.73,10.7,1,1,1,2026-09-28 17:01:00
2026-09-28 17:01:21,V0075,Caminhao,No_A_Centro,Infrator,0.0,29.4,83.67,2.08,1,0,1,2026-09-28 17:01:00
2026-09-28 17:01:22,V0075,Caminhao,No_A_Centro,Infrator,0.0,28.87,96.07,4.64,1,1,1,2026-09-28 17:01:00
2026-09-28 17:01:23,V0075,Caminhao,No_A_Centro,Infrator,0.0,28.53,63.27,7.54,1,1,1,2026-09-28 17:01:00
2026-09-28 17:01:24,V0075,Caminhao,No_A_Centro,Infrator,0.0,28.09,79.65,4.73,1,1,1,2026-09-28 17:01:00
2026-09-28 17:01:16,V0076,Onibus,No_A_Centro,Prudente,34.1,44.3,37.82,0.75,0,0,0,2026-09-28 17:01:00
2026-09-28 17:01:17,V0076,Onibus,No_A_Centro,Prudente,33.57,47.1,40.98,0.32,0,0,0,2026-09-28 17:01:00
2026-09-28 17:01:18,V0076,Onibus,No_A_Centro,Prudente,32.99,50.0,44.44,-0.53,0,0,0,2026-09-28 17:01:00
2026-09-28 17:01:19,V0076,Onibus,No_A_Centro,Prudente,32.43,50.0,43.3,-0.39,0,0,0,2026-09-28 17:01:00
2026-09-28 17:01:20,V0076,Onibus,No_A_Centro,Prudente,31.88,50.0,41.7,-0.65,0,0,0,2026-09-28 17:01:00
2026-09-28 17:01:21,V0076,Onibus,No_A_Centro,Prudente,31.42,50.0,35.45,0.09,0,0,0,2026-09-28 17:01:00
2026-09-28 17:01:22,V0076,Onibus,No_A_Centro,Prudente,31.02,50.0,30.57,-0.3,0,0,0,2026-09-28 17:01:00
2026-09-28 17:01:23,V0076,Onibus,No_A_Centro,Prudente,30.61,50.0,31.97,0.78,0,0,0,2026-09-28 17:01:00
2026-09-28 17:01:24,V0076,Onibus,No_A_Centro,Prudente,30.02,50.0,45.25,-0.86,0,0,0,2026-09-28 17:01:00
2026-09-28 17:01:25,V0076,Onibus,No_A_Centro,Prudente,29.47,50.0,42.14,0.9,0,0,0,2026-09-28 17:01:00
2026-09-28 17:01:17,V0077,Carro,No_A_Centro,Agressivo,30.49,44.79,64.16,2.66,1,0,1,2026-09-28 17:01:00
2026-09-28 17:01:18,V0077,Carro,No_A_Centro,Agressivo,32.29,48.97,65.56,5.32,1,1,1,2026-09-28 17:01:00
2026-09-28 17:01:19,V0077,Carro,No_A_Centro,Agressivo,33.87,50.0,57.58,3.48,0,0,0,2026-09-28 17:01:00
2026-09-28 17:01:20,V0077,Carro,No_A_Centro,Agressivo,35.87,50.0,72.8,4.0,1,0,1,2026-09-28 17:01:00
2026-09-28 17:01:21,V0077,Carro,No_A_Centro,Agressivo,37.69,50.0,66.52,5.0,1,1,1,2026-09-28 17:01:00
2026-09-28 17:01:22,V0077,Carro,No_A_Centro,Agressivo,38.88,50.0,43.37,4.36,0,1,1,2026-09-28 17:01:00
2026-09-28 17:01:23,V0077,Carro,No_A_Centro,Agressivo,40.52,50.0,59.77,-0.66,0,0,0,2026-09-28 17:01:00
2026-09-28 17:01:24,V0077,Carro,No_A_Centro,Agressivo,42.42,50.0,69.09,5.75,1,1,1,2026-09-28 17:01:00
2026-09-28 17:01:25,V0077,Carro,No_A_Centro,Agressivo,44.18,50.0,63.9,4.91,1,1,1,2026-09-28 17:01:00
2026-09-28 17:01:26,V0077,Carro,No_A_Centro,Agressivo,46.31,50.0,77.9,5.63,1,1,1,2026-09-28 17:01:00
2026-09-28 17:01:18,V0078,Onibus,No_A_Centro,Prudente,28.86,35.54,35.17,0.03,0,0,0,2026-09-28 17:01:00
2026-09-28 17:01:19,V0078,Onibus,No_A_Centro,Prudente,29.07,38.22,38.72,-2.4,0,0,0,2026-09-28 17:01:00
2026-09-28 17:01:20,V0078,Onibus,No_A_Centro,Prudente,29.3,41.14,42.12,0.14,0,0,0,2026-09-28 17:01:00
2026-09-28 17:01:21,V0078,Onibus,No_A_Centro,Prudente,29.56,44.42,47.4,0.61,0,0,0,2026-09-28 17:01:00
2026-09-28 17:01:22,V0078,Onibus,No_A_Centro,Prudente,29.84,47.98,51.45,0.11,0,0,0,2026-09-28 17:01:00
2026-09-28 17:01:23,V0078,Onibus,No_A_Centro,Prudente,30.06,50.0,39.47,-0.18,0,0,0,2026-09-28 17:01:00
2026-09-28 17:01:24,V0078,Onibus,No_A_Centro,Prudente,30.27,50.0,37.8,-2.21,0,0,0,2026-09-28 17:01:00
2026-09-28 17:01:25,V0078,Onibus,No_A_Centro,Prudente,30.48,50.0,38.9,-2.07,0,0,0,2026-09-28 17:01:00
2026-09-28 17:01:26,V0078,Onibus,No_A_Centro,Prudente,30.71,50.0,42.26,-1.24,0,0,0,2026-09-28 17:01:00
2026-09-28 17:01:27,V0078,Onibus,No_A_Centro,Prudente,30.91,50.0,35.53,-0.67,0,0,0,2026-09-28 17:01:00
2026-09-28 17:01:19,V0079,Caminhao,No_B_Norte,Infrator,31.34,5.49,81.91,2.74,1,0,1,2026-09-28 17:01:00
2026-09-28 17:01:20,V0079,Caminhao,No_B_Norte,Infrator,37.46,5.79,88.19,9.02,1,1,1,2026-09-28 17:01:00
2026-09-28 17:01:21,V0079,Caminhao,No_B_Norte,Infrator,42.06,6.01,66.25,5.35,1,1,1,2026-09-28 17:01:00
2026-09-28 17:01:22,V0079,Caminhao,No_B_Norte,Infrator,47.84,6.29,83.4,7.01,1,1,1,2026-09-28 17:01:00
2026-09-28 17:01:23,V0079,Caminhao,No_B_Norte,Infrator,50.0,6.58,87.13,2.74,1,0,1,2026-09-28 17:01:00
2026-09-28 17:01:24,V0079,Caminhao,No_B_Norte,Infrator,50.0,6.85,81.81,2.61,1,0,1,2026-09-28 17:01:00
2026-09-28 17:01:25,V0079,Caminhao,No_B_Norte,Infrator,50.0,7.17,95.76,5.06,1,1,1,2026-09-28 17:01:00
2026-09-28 17:01:26,V0079,Caminhao,No_B_Norte,Infrator,50.0,7.52,104.01,4.82,1,1,1,2026-09-28 17:01:00
2026-09-28 17:01:27,V0079,Caminhao,No_B_Norte,Infrator,50.0,7.78,77.92,0.46,1,0,1,2026-09-28 17:01:00
2026-09-28 17:01:28,V0079,Caminhao,No_B_Norte,Infrator,50.0,8.01,66.97,0.25,1,0,1,2026-09-28 17:01:00
2026-09-28 17:01:20,V0080,Moto,No_B_Norte,Prudente,38.89,31.62,44.61,-0.54,0,0,0,2026-09-28 17:01:00
2026-09-28 17:01:21,V0080,Moto,No_B_Norte,Prudente,36.69,29.84,40.72,-0.61,0,0,0,2026-09-28 17:01:00
2026-09-28 17:01:22,V0080,Moto,No_B_Norte,Prudente,34.72,28.26,36.46,0.34,0,0,0,2026-09-28 17:01:00
2026-09-28 17:01:23,V0080,Moto,No_B_Norte,Prudente,32.78,26.7,35.84,-2.21,0,0,0,2026-09-28 17:01:00
2026-09-28 17:01:24,V0080,Moto,No_B_Norte,Prudente,30.86,25.15,35.56,-0.31,0,0,0,2026-09-28 17:01:00
2026-09-28 17:01:25,V0080,Moto,No_B_Norte,Prudente,28.28,23.07,47.61,-0.49,0,0,0,2026-09-28 17:01:00
2026-09-28 17:01:26,V0080,Moto,No_B_Norte,Prudente,25.98,21.22,42.56,-0.17,0,0,0,2026-09-28 17:01:00
2026-09-28 17:01:27,V0080,Moto,No_B_Norte,Prudente,23.48,19.21,46.13,1.16,0,0,0,2026-09-28 17:01:00
2026-09-28 17:01:28,V0080,Moto,No_B_Norte,Prudente,21.0,17.21,45.88,-1.73,0,0,0,2026-09-28 17:01:00
2026-09-28 17:01:29,V0080,Moto,No_B_Norte,Prudente,18.78,15.42,41.03,0.76,0,0,0,2026-09-28 17:01:00
2026-09-28 17:01:21,V0081,Caminhao,No_C_Leste,Agressivo,42.77,36.62,55.85,3.22,0,0,0,2026-09-28 17:01:00
2026-09-28 17:01:22,V0081,Caminhao,No_C_Leste,Agressivo,46.03,39.71,64.73,2.58,1,0,1,2026-09-28 17:01:00
2026-09-28 17:01:23,V0081,Caminhao,No_C_Leste,Agressivo,49.26,42.77,63.97,-0.76,1,0,1,2026-09-28 17:01:00
2026-09-28 17:01:24,V0081,Caminhao,No_C_Leste,Agressivo,50.0,45.66,60.61,3.19,1,0,1,2026-09-28 17:01:00
2026-09-28 17:01:25,V0081,Caminhao,No_C_Leste,Agressivo,50.0,48.82,66.28,0.94,1,0,1,2026-09-28 17:01:00
2026-09-28 17:01:26,V0081,Caminhao,No_C_Leste,Agressivo,50.0,50.0,75.13,1.27,1,0,1,2026-09-28 17:01:00
2026-09-28 17:01:27,V0081,Caminhao,No_C_Leste,Agressivo,50.0,50.0,72.76,3.85,1,0,1,2026-09-28 17:01:00
2026-09-28 17:01:28,V0081,Caminhao,No_C_Leste,Agressivo,50.0,50.0,59.83,6.55,0,1,1,2026-09-28 17:01:00
2026-09-28 17:01:29,V0081,Caminhao,No_C_Leste,Agressivo,50.0,50.0,55.45,4.84,0,1,1,2026-09-28 17:01:00
2026-09-28 17:01:30,V0081,Caminhao,No_C_Leste,Agressivo,50.0,50.0,73.0,1.66,1,0,1,2026-09-28 17:01:00
2026-09-28 17:01:22,V0082,Carro,No_A_Centro,Prudente,23.8,35.01,30.9,-0.69,0,0,0,2026-09-28 17:01:00
2026-09-28 17:01:23,V0082,Carro,No_A_Centro,Prudente,24.74,33.08,30.82,1.17,0,0,0,2026-09-28 17:01:00
2026-09-28 17:01:24,V0082,Carro,No_A_Centro,Prudente,26.2,30.1,47.93,0.78,0,0,0,2026-09-28 17:01:00
2026-09-28 17:01:25,V0082,Carro,No_A_Centro,Prudente,27.27,27.91,35.07,1.48,0,0,0,2026-09-28 17:01:00
2026-09-28 17:01:26,V0082,Carro,No_A_Centro,Prudente,28.46,25.49,38.73,-1.21,0,0,0,2026-09-28 17:01:00
2026-09-28 17:01:27,V0082,Carro,No_A_Centro,Prudente,29.53,23.3,35.18,-0.43,0,0,0,2026-09-28 17:01:00
2026-09-28 17:01:28,V0082,Carro,No_A_Centro,Prudente,30.76,20.79,40.25,-0.16,0,0,0,2026-09-28 17:01:00
2026-09-28 17:01:29,V0082,Carro,No_A_Centro,Prudente,31.76,18.73,32.94,1.21,0,0,0,2026-09-28 17:01:00
2026-09-28 17:01:30,V0082,Carro,No_A_Centro,Prudente,32.96,16.28,39.25,-0.71,0,0,0,2026-09-28 17:01:00
2026-09-28 17:01:31,V0082,Carro,No_A_Centro,Prudente,34.35,13.44,45.55,-1.18,0,0,0,2026-09-28 17:01:00
2026-09-28 17:01:23,V0083,Caminhao,No_C_Leste,Agressivo,30.13,23.99,64.79,3.56,1,0,1,2026-09-28 17:01:00
2026-09-28 17:01:24,V0083,Caminhao,No_C_Leste,Agressivo,30.95,27.97,58.52,3.85,0,0,0,2026-09-28 17:01:00
2026-09-28 17:01:25,V0083,Caminhao,No_C_Leste,Agressivo,31.8,32.14,61.21,2.97,1,0,1,2026-09-28 17:01:00
2026-09-28 17:01:26,V0083,Caminhao,No_C_Leste,Agressivo,32.76,36.86,69.37,3.01,1,0,1,2026-09-28 17:01:00
2026-09-28 17:01:27,V0083,Caminhao,No_C_Leste,Agressivo,33.62,41.04,61.51,2.78,1,0,1,2026-09-28 17:01:00
2026-09-28 17:01:28,V0083,Caminhao,No_C_Leste,Agressivo,34.51,45.42,64.29,2.26,1,0,1,2026-09-28 17:01:00
2026-09-28 17:01:29,V0083,Caminhao,No_C_Leste,Agressivo,35.39,49.7,62.93,6.2,1,1,1,2026-09-28 17:01:00
2026-09-28 17:01:30,V0083,Caminhao,No_C_Leste,Agressivo,36.36,50.0,69.49,2.41,1,0,1,2026-09-28 17:01:00
2026-09-28 17:01:31,V0083,Caminhao,No_C_Leste,Agressivo,37.34,50.0,70.58,2.33,1,0,1,2026-09-28 17:01:00
2026-09-28 17:01:32,V0083,Caminhao,No_C_Leste,Agressivo,38.37,50.0,74.38,3.74,1,0,1,2026-09-28 17:01:00
2026-09-28 17:01:24,V0084,Carro,No_B_Norte,Prudente,46.54,15.99,32.3,-1.49,0,0,0,2026-09-28 17:01:00
2026-09-28 17:01:25,V0084,Carro,No_B_Norte,Prudente,49.41,15.28,42.64,-2.04,0,0,0,2026-09-28 17:01:00
2026-09-28 17:01:26,V0084,Carro,No_B_Norte,Prudente,50.0,14.59,40.92,-1.18,0,0,0,2026-09-28 17:01:00
2026-09-28 17:01:27,V0084,Carro,No_B_Norte,Prudente,50.0,13.79,47.86,0.25,0,0,0,2026-09-28 17:01:00
2026-09-28 17:01:28,V0084,Carro,No_B_Norte,Prudente,50.0,13.13,38.9,1.23,0,0,0,2026-09-28 17:01:00
2026-09-28 17:01:29,V0084,Carro,No_B_Norte,Prudente,50.0,12.55,34.68,-0.87,0,0,0,2026-09-28 17:01:00
2026-09-28 17:01:30,V0084,Carro,No_B_Norte,Prudente,50.0,11.99,33.69,-0.87,0,0,0,2026-09-28 17:01:00
2026-09-28 17:01:31,V0084,Carro,No_B_Norte,Prudente,50.0,11.31,40.31,0.49,0,0,0,2026-09-28 17:01:00
2026-09-28 17:01:32,V0084,Carro,No_B_Norte,Prudente,50.0,10.56,44.81,-1.82,0,0,0,2026-09-28 17:01:00
2026-09-28 17:01:33,V0084,Carro,No_B_Norte,Prudente,50.0,9.9,39.14,-1.11,0,0,0,2026-09-28 17:01:00
2026-09-28 17:01:25,V0085,Carro,No_C_Leste,Infrator,24.61,28.41,96.01,10.88,1,1,1,2026-09-28 17:01:00
2026-09-28 17:01:26,V0085,Carro,No_C_Leste,Infrator,20.49,31.34,72.7,6.49,1,1,1,2026-09-28 17:01:00
2026-09-28 17:01:27,V0085,Carro,No_C_Leste,Infrator,15.94,34.57,80.35,4.68,1,1,1,2026-09-28 17:01:00
2026-09-28 17:01:28,V0085,Carro,No_C_Leste,Infrator,9.63,39.04,111.44,0.49,1,0,1,2026-09-28 17:01:00
2026-09-28 17:01:29,V0085,Carro,No_C_Leste,Infrator,4.67,42.56,87.54,6.4,1,1,1,2026-09-28 17:01:00
2026-09-28 17:01:30,V0085,Carro,No_C_Leste,Infrator,0.0,46.41,95.86,5.29,1,1,1,2026-09-28 17:01:00
2026-09-28 17:01:31,V0085,Carro,No_C_Leste,Infrator,0.0,49.95,88.08,3.83,1,0,1,2026-09-28 17:01:00
2026-09-28 17:01:32,V0085,Carro,No_C_Leste,Infrator,0.0,50.0,87.69,3.97,1,0,1,2026-09-28 17:01:00
2026-09-28 17:01:33,V0085,Carro,No_C_Leste,Infrator,0.0,50.0,91.22,3.89,1,0,1,2026-09-28 17:01:00
2026-09-28 17:01:34,V0085,Carro,No_C_Leste,Infrator,0.0,50.0,88.77,4.91,1,1,1,2026-09-28 17:01:00
2026-09-28 17:01:26,V0086,Carro,No_A_Centro,Infrator,20.18,36.95,70.52,2.47,1,0,1,2026-09-28 17:01:00
2026-09-28 17:01:27,V0086,Carro,No_A_Centro,Infrator,14.79,33.59,91.4,2.82,1,0,1,2026-09-28 17:01:00
2026-09-28 17:01:28,V0086,Carro,No_A_Centro,Infrator,9.64,30.38,87.4,-2.26,1,0,1,2026-09-28 17:01:00
2026-09-28 17:01:29,V0086,Carro,No_A_Centro,Infrator,3.03,26.26,112.16,4.19,1,1,1,2026-09-28 17:01:00
2026-09-28 17:01:30,V0086,Carro,No_A_Centro,Infrator,0.0,22.7,96.94,3.99,1,0,1,2026-09-28 17:01:00
2026-09-28 17:01:31,V0086,Carro,No_A_Centro,Infrator,0.0,19.42,89.15,9.48,1,1,1,2026-09-28 17:01:00
2026-09-28 17:01:32,V0086,Carro,No_A_Centro,Infrator,0.0,15.87,96.66,4.39,1,1,1,2026-09-28 17:01:00
2026-09-28 17:01:33,V0086,Carro,No_A_Centro,Infrator,0.0,12.8,83.65,8.01,1,1,1,2026-09-28 17:01:00
2026-09-28 17:01:34,V0086,Carro,No_A_Centro,Infrator,0.0,8.82,108.33,5.58,1,1,1,2026-09-28 17:01:00
2026-09-28 17:01:35,V0086,Carro,No_A_Centro,Infrator,0.0,4.98,104.57,4.28,1,1,1,2026-09-28 17:01:00
2026-09-28 17:01:27,V0087,Carro,No_A_Centro,Prudente,35.53,34.53,35.14,-1.38,0,0,0,2026-09-28 17:01:00
2026-09-28 17:01:28,V0087,Carro,No_A_Centro,Prudente,37.23,36.44,36.87,0.86,0,0,0,2026-09-28 17:01:00
2026-09-28 17:01:29,V0087,Carro,No_A_Centro,Prudente,39.29,38.77,44.77,0.51,0,0,0,2026-09-28 17:01:00
2026-09-28 17:01:30,V0087,Carro,No_A_Centro,Prudente,41.3,41.03,43.63,0.52,0,0,0,2026-09-28 17:01:00
2026-09-28 17:01:31,V0087,Carro,No_A_Centro,Prudente,43.0,42.94,36.79,0.43,0,0,0,2026-09-28 17:01:00
2026-09-28 17:01:32,V0087,Carro,No_A_Centro,Prudente,45.03,45.23,44.0,0.75,0,0,0,2026-09-28 17:01:00
2026-09-28 17:01:33,V0087,Carro,No_A_Centro,Prudente,47.15,47.61,45.94,0.71,0,0,0,2026-09-28 17:01:00
2026-09-28 17:01:34,V0087,Carro,No_A_Centro,Prudente,49.07,49.78,41.76,1.07,0,0,0,2026-09-28 17:01:00
2026-09-28 17:01:35,V0087,Carro,No_A_Centro,Prudente,50.0,50.0,39.87,-0.88,0,0,0,2026-09-28 17:01:00
2026-09-28 17:01:36,V0087,Carro,No_A_Centro,Prudente,50.0,50.0,39.18,-0.74,0,0,0,2026-09-28 17:01:00
2026-09-28 17:01:28,V0088,Carro,No_A_Centro,Prudente,19.65,9.93,40.53,-0.13,0,0,0,2026-09-28 17:01:00
2026-09-28 17:01:29,V0088,Carro,No_A_Centro,Prudente,18.02,12.2,40.15,0.61,0,0,0,2026-09-28 17:01:00
2026-09-28 17:01:30,V0088,Carro,No_A_Centro,Prudente,16.5,14.33,37.68,-0.22,0,0,0,2026-09-28 17:01:00
2026-09-28 17:01:31,V0088,Carro,No_A_Centro,Prudente,14.59,17.0,47.28,0.0,0,0,0,2026-09-28 17:01:00
2026-09-28 17:01:32,V0088,Carro,No_A_Centro,Prudente,13.01,19.21,39.1,0.08,0,0,0,2026-09-28 17:01:00
2026-09-28 17:01:33,V0088,Carro,No_A_Centro,Prudente,11.43,21.42,39.19,-0.71,0,0,0,2026-09-28 17:01:00
2026-09-28 17:01:34,V0088,Carro,No_A_Centro,Prudente,10.01,23.4,35.01,-0.76,0,0,0,2026-09-28 17:01:00
2026-09-28 17:01:35,V0088,Carro,No_A_Centro,Prudente,8.22,25.9,44.36,-0.63,0,0,0,2026-09-28 17:01:00
2026-09-28 17:01:36,V0088,Carro,No_A_Centro,Prudente,6.64,28.12,39.23,0.7,0,0,0,2026-09-28 17:01:00
2026-09-28 17:01:37,V0088,Carro,No_A_Centro,Prudente,5.08,30.3,38.61,0.63,0,0,0,2026-09-28 17:01:00
2026-09-28 17:01:29,V0089,Onibus,No_C_Leste,Prudente,22.28,11.88,40.3,0.28,0,0,0,2026-09-28 17:01:00
2026-09-28 17:01:30,V0089,Onibus,No_C_Leste,Prudente,20.22,9.37,46.8,-1.31,0,0,0,2026-09-28 17:01:00
2026-09-28 17:01:31,V0089,Onibus,No_C_Leste,Prudente,19.12,8.03,24.9,0.18,0,0,0,2026-09-28 17:01:00
2026-09-28 17:01:32,V0089,Onibus,No_C_Leste,Prudente,16.96,5.4,49.0,1.24,0,0,0,2026-09-28 17:01:00
2026-09-28 17:01:33,V0089,Onibus,No_C_Leste,Prudente,15.15,3.2,41.05,-0.49,0,0,0,2026-09-28 17:01:00
2026-09-28 17:01:34,V0089,Onibus,No_C_Leste,Prudente,13.2,0.84,44.04,-0.97,0,0,0,2026-09-28 17:01:00
2026-09-28 17:01:35,V0089,Onibus,No_C_Leste,Prudente,11.33,0.0,42.38,0.51,0,0,0,2026-09-28 17:01:00
2026-09-28 17:01:36,V0089,Onibus,No_C_Leste,Prudente,9.34,0.0,45.3,2.76,0,0,0,2026-09-28 17:01:00
2026-09-28 17:01:37,V0089,Onibus,No_C_Leste,Prudente,7.49,0.0,41.96,-0.51,0,0,0,2026-09-28 17:01:00
2026-09-28 17:01:38,V0089,Onibus,No_C_Leste,Prudente,5.73,0.0,39.87,-1.77,0,0,0,2026-09-28 17:01:00
2026-09-28 17:01:30,V0090,Carro,No_C_Leste,Prudente,14.61,8.49,36.87,0.02,0,0,0,2026-09-28 17:01:00
2026-09-28 17:01:31,V0090,Carro,No_C_Leste,Prudente,12.48,6.23,44.78,-1.03,0,0,0,2026-09-28 17:01:00
2026-09-28 17:01:32,V0090,Carro,No_C_Leste,Prudente,10.78,4.43,35.71,1.13,0,0,0,2026-09-28 17:01:00
2026-09-28 17:01:33,V0090,Carro,No_C_Leste,Prudente,8.93,2.48,38.64,-0.78,0,0,0,2026-09-28 17:01:00
2026-09-28 17:01:34,V0090,Carro,No_C_Leste,Prudente,6.85,0.27,43.64,-0.49,0,0,0,2026-09-28 17:01:00
2026-09-28 17:01:35,V0090,Carro,No_C_Leste,Prudente,4.7,0.0,45.14,-0.66,0,0,0,2026-09-28 17:01:00
2026-09-28 17:01:36,V0090,Carro,No_C_Leste,Prudente,2.83,0.0,39.2,0.94,0,0,0,2026-09-28 17:01:00
2026-09-28 17:01:37,V0090,Carro,No_C_Leste,Prudente,0.98,0.0,38.87,0.76,0,0,0,2026-09-28 17:01:00
2026-09-28 17:01:38,V0090,Carro,No_C_Leste,Prudente,0.0,0.0,39.67,1.98,0,0,0,2026-09-28 17:01:00
2026-09-28 17:01:39,V0090,Carro,No_C_Leste,Prudente,0.0,0.0,47.84,-1.33,0,0,0,2026-09-28 17:01:00
2026-09-28 17:01:31,V0091,Carro,No_C_Leste,Prudente,34.71,7.87,44.83,1.24,0,0,0,2026-09-28 17:01:00
2026-09-28 17:01:32,V0091,Carro,No_C_Leste,Prudente,36.11,10.31,40.44,0.2,0,0,0,2026-09-28 17:01:00
2026-09-28 17:01:33,V0091,Carro,No_C_Leste,Prudente,37.38,12.53,36.91,-0.32,0,0,0,2026-09-28 17:01:00
2026-09-28 17:01:34,V0091,Carro,No_C_Leste,Prudente,38.87,15.12,43.08,1.2,0,0,0,2026-09-28 17:01:00
2026-09-28 17:01:35,V0091,Carro,No_C_Leste,Prudente,40.24,17.49,39.3,-0.45,0,0,0,2026-09-28 17:01:00
2026-09-28 17:01:36,V0091,Carro,No_C_Leste,Prudente,41.62,19.9,40.0,0.6,0,0,0,2026-09-28 17:01:00
2026-09-28 17:01:37,V0091,Carro,No_C_Leste,Prudente,42.75,21.87,32.78,-2.3,0,0,0,2026-09-28 17:01:00
2026-09-28 17:01:38,V0091,Carro,No_C_Leste,Prudente,44.04,24.11,37.25,-1.22,0,0,0,2026-09-28 17:01:00
2026-09-28 17:01:39,V0091,Carro,No_C_Leste,Prudente,45.34,26.37,37.46,-0.15,0,0,0,2026-09-28 17:01:00
2026-09-28 17:01:40,V0091,Carro,No_C_Leste,Prudente,46.65,28.64,37.73,1.45,0,0,0,2026-09-28 17:01:00
2026-09-28 17:01:32,V0092,Onibus,No_A_Centro,Agressivo,38.91,43.2,62.04,7.21,1,1,1,2026-09-28 17:01:00
2026-09-28 17:01:33,V0092,Onibus,No_A_Centro,Agressivo,39.94,47.44,62.82,3.73,1,0,1,2026-09-28 17:01:00
2026-09-28 17:01:34,V0092,Onibus,No_A_Centro,Agressivo,41.13,50.0,72.77,6.2,1,1,1,2026-09-28 17:01:00
2026-09-28 17:01:35,V0092,Onibus,No_A_Centro,Agressivo,42.1,50.0,59.06,2.16,0,0,0,2026-09-28 17:01:00
2026-09-28 17:01:36,V0092,Onibus,No_A_Centro,Agressivo,43.34,50.0,75.2,4.62,1,1,1,2026-09-28 17:01:00
2026-09-28 17:01:37,V0092,Onibus,No_A_Centro,Agressivo,44.55,50.0,73.6,0.26,1,0,1,2026-09-28 17:01:00
2026-09-28 17:01:38,V0092,Onibus,No_A_Centro,Agressivo,45.82,50.0,77.38,1.48,1,0,1,2026-09-28 17:01:00
2026-09-28 17:01:39,V0092,Onibus,No_A_Centro,Agressivo,46.91,50.0,66.54,2.7,1,0,1,2026-09-28 17:01:00
2026-09-28 17:01:40,V0092,Onibus,No_A_Centro,Agressivo,47.86,50.0,57.97,0.17,0,0,0,2026-09-28 17:01:00
2026-09-28 17:01:41,V0092,Onibus,No_A_Centro,Agressivo,48.7,50.0,51.05,3.24,0,0,0,2026-09-28 17:01:00
2026-09-28 17:01:33,V0093,Carro,No_B_Norte,Prudente,36.46,7.45,38.86,-0.99,0,0,0,2026-09-28 17:01:00
2026-09-28 17:01:34,V0093,Carro,No_B_Norte,Prudente,35.09,8.75,27.19,-0.19,0,0,0,2026-09-28 17:01:00
2026-09-28 17:01:35,V0093,Carro,No_B_Norte,Prudente,32.47,11.24,52.06,0.78,0,0,0,2026-09-28 17:01:00
2026-09-28 17:01:36,V0093,Carro,No_B_Norte,Prudente,30.46,13.14,39.9,-0.26,0,0,0,2026-09-28 17:01:00
2026-09-28 17:01:37,V0093,Carro,No_B_Norte,Prudente,28.44,15.06,40.11,0.55,0,0,0,2026-09-28 17:01:00
2026-09-28 17:01:38,V0093,Carro,No_B_Norte,Prudente,26.73,16.69,34.1,1.11,0,0,0,2026-09-28 17:01:00
2026-09-28 17:01:39,V0093,Carro,No_B_Norte,Prudente,24.53,18.78,43.58,0.72,0,0,0,2026-09-28 17:01:00
2026-09-28 17:01:40,V0093,Carro,No_B_Norte,Prudente,22.41,20.8,42.19,0.02,0,0,0,2026-09-28 17:01:00
2026-09-28 17:01:41,V0093,Carro,No_B_Norte,Prudente,20.22,22.87,43.36,0.59,0,0,0,2026-09-28 17:01:00
2026-09-28 17:01:42,V0093,Carro,No_B_Norte,Prudente,18.3,24.7,38.23,-0.57,0,0,0,2026-09-28 17:01:00
2026-09-28 17:01:34,V0094,Carro,No_B_Norte,Prudente,6.0,14.73,29.19,0.26,0,0,0,2026-09-28 17:01:00
2026-09-28 17:01:35,V0094,Carro,No_B_Norte,Prudente,6.45,11.64,44.94,-1.35,0,0,0,2026-09-28 17:01:00
2026-09-28 17:01:36,V0094,Carro,No_B_Norte,Prudente,6.88,8.66,43.35,0.68,0,0,0,2026-09-28 17:01:00
2026-09-28 17:01:37,V0094,Carro,No_B_Norte,Prudente,7.17,6.69,28.63,-0.94,0,0,0,2026-09-28 17:01:00
2026-09-28 17:01:38,V0094,Carro,No_B_Norte,Prudente,7.55,4.08,38.02,-0.18,0,0,0,2026-09-28 17:01:00
2026-09-28 17:01:39,V0094,Carro,No_B_Norte,Prudente,7.92,1.59,36.28,-0.8,0,0,0,2026-09-28 17:01:00
2026-09-28 17:01:40,V0094,Carro,No_B_Norte,Prudente,8.41,0.0,48.36,-0.11,0,0,0,2026-09-28 17:01:00
2026-09-28 17:01:41,V0094,Carro,No_B_Norte,Prudente,8.77,0.0,36.52,-0.04,0,0,0,2026-09-28 17:01:00
2026-09-28 17:01:42,V0094,Carro,No_B_Norte,Prudente,9.2,0.0,42.69,0.05,0,0,0,2026-09-28 17:01:00
2026-09-28 17:01:43,V0094,Carro,No_B_Norte,Prudente,9.6,0.0,38.97,-0.65,0,0,0,2026-09-28 17:01:00
2026-09-28 17:01:35,V0095,Onibus,No_A_Centro,Prudente,16.06,15.33,46.41,0.56,0,0,0,2026-09-28 17:01:00
2026-09-28 17:01:36,V0095,Onibus,No_A_Centro,Prudente,17.57,17.18,34.44,0.25,0,0,0,2026-09-28 17:01:00
2026-09-28 17:01:37,V0095,Onibus,No_A_Centro,Prudente,19.44,19.46,42.49,1.14,0,0,0,2026-09-28 17:01:00
2026-09-28 17:01:38,V0095,Onibus,No_A_Centro,Prudente,21.55,22.03,47.9,-1.02,0,0,0,2026-09-28 17:01:00
2026-09-28 17:01:39,V0095,Onibus,No_A_Centro,Prudente,23.13,23.97,35.95,-1.26,0,0,0,2026-09-28 17:01:00
2026-09-28 17:01:40,V0095,Onibus,No_A_Centro,Prudente,24.84,26.05,38.83,0.47,0,0,0,2026-09-28 17:01:00
2026-09-28 17:01:41,V0095,Onibus,No_A_Centro,Prudente,26.82,28.47,44.94,-0.08,0,0,0,2026-09-28 17:01:00
2026-09-28 17:01:42,V0095,Onibus,No_A_Centro,Prudente,28.51,30.53,38.4,0.15,0,0,0,2026-09-28 17:01:00
2026-09-28 17:01:43,V0095,Onibus,No_A_Centro,Prudente,30.08,32.45,35.82,2.09,0,0,0,2026-09-28 17:01:00
2026-09-28 17:01:44,V0095,Onibus,No_A_Centro,Prudente,31.49,34.17,31.96,0.18,0,0,0,2026-09-28 17:01:00
2026-09-28 17:01:36,V0096,Carro,No_C_Leste,Infrator,30.78,35.17,93.42,3.15,1,0,1,2026-09-28 17:01:00
2026-09-28 17:01:37,V0096,Carro,No_C_Leste,Infrator,37.37,38.6,106.88,-0.68,1,0,1,2026-09-28 17:01:00
2026-09-28 17:01:38,V0096,Carro,No_C_Leste,Infrator,42.26,41.14,79.36,4.75,1,1,1,2026-09-28 17:01:00
2026-09-28 17:01:39,V0096,Carro,No_C_Leste,Infrator,47.37,43.79,82.99,1.3,1,0,1,2026-09-28 17:01:00
2026-09-28 17:01:40,V0096,Carro,No_C_Leste,Infrator,50.0,46.66,89.48,6.11,1,1,1,2026-09-28 17:01:00
2026-09-28 17:01:41,V0096,Carro,No_C_Leste,Infrator,50.0,49.39,85.48,6.0,1,1,1,2026-09-28 17:01:00
2026-09-28 17:01:42,V0096,Carro,No_C_Leste,Infrator,50.0,50.0,80.76,0.15,1,0,1,2026-09-28 17:01:00
2026-09-28 17:01:43,V0096,Carro,No_C_Leste,Infrator,50.0,50.0,77.83,5.47,1,1,1,2026-09-28 17:01:00
2026-09-28 17:01:44,V0096,Carro,No_C_Leste,Infrator,50.0,50.0,86.63,5.12,1,1,1,2026-09-28 17:01:00
2026-09-28 17:01:45,V0096,Carro,No_C_Leste,Infrator,50.0,50.0,90.49,3.26,1,0,1,2026-09-28 17:01:00
2026-09-28 17:01:37,V0097,Carro,No_A_Centro,Prudente,44.15,42.02,42.13,0.02,0,0,0,2026-09-28 17:01:00
2026-09-28 17:01:38,V0097,Carro,No_A_Centro,Prudente,46.63,41.39,36.79,0.49,0,0,0,2026-09-28 17:01:00
2026-09-28 17:01:39,V0097,Carro,No_A_Centro,Prudente,49.92,40.55,49.02,-0.19,0,0,0,2026-09-28 17:01:00
2026-09-28 17:01:40,V0097,Carro,No_A_Centro,Prudente,50.0,39.8,43.6,-1.29,0,0,0,2026-09-28 17:01:00
2026-09-28 17:01:41,V0097,Carro,No_A_Centro,Prudente,50.0,39.19,35.22,0.47,0,0,0,2026-09-28 17:01:00
2026-09-28 17:01:42,V0097,Carro,No_A_Centro,Prudente,50.0,38.37,47.42,0.36,0,0,0,2026-09-28 17:01:00
2026-09-28 17:01:43,V0097,Carro,No_A_Centro,Prudente,50.0,37.71,38.43,-0.0,0,0,0,2026-09-28 17:01:00
2026-09-28 17:01:44,V0097,Carro,No_A_Centro,Prudente,50.0,37.13,33.75,0.6,0,0,0,2026-09-28 17:01:00
2026-09-28 17:01:45,V0097,Carro,No_A_Centro,Prudente,50.0,36.37,44.41,-0.45,0,0,0,2026-09-28 17:01:00
2026-09-28 17:01:46,V0097,Carro,No_A_Centro,Prudente,50.0,35.72,37.65,0.27,0,0,0,2026-09-28 17:01:00
2026-09-28 17:01:38,V0098,Carro,No_B_Norte,Agressivo,18.11,6.65,58.63,3.68,0,0,0,2026-09-28 17:01:00
2026-09-28 17:01:39,V0098,Carro,No_B_Norte,Agressivo,14.04,7.14,58.94,-0.13,0,0,0,2026-09-28 17:01:00
2026-09-28 17:01:40,V0098,Carro,No_B_Norte,Agressivo,10.3,7.6,54.25,-0.21,0,0,0,2026-09-28 17:01:00
2026-09-28 17:01:41,V0098,Carro,No_B_Norte,Agressivo,5.68,8.15,66.98,3.3,1,0,1,2026-09-28 17:01:00
2026-09-28 17:01:42,V0098,Carro,No_B_Norte,Agressivo,1.15,8.7,65.8,4.18,1,1,1,2026-09-28 17:01:00
2026-09-28 17:01:43,V0098,Carro,No_B_Norte,Agressivo,0.0,9.32,74.54,1.82,1,0,1,2026-09-28 17:01:00
2026-09-28 17:01:44,V0098,Carro,No_B_Norte,Agressivo,0.0,9.89,68.25,-0.16,1,0,1,2026-09-28 17:01:00
2026-09-28 17:01:45,V0098,Carro,No_B_Norte,Agressivo,0.0,10.52,76.03,0.51,1,0,1,2026-09-28 17:01:00
2026-09-28 17:01:46,V0098,Carro,No_B_Norte,Agressivo,0.0,11.01,59.32,1.8,0,0,0,2026-09-28 17:01:00
2026-09-28 17:01:47,V0098,Carro,No_B_Norte,Agressivo,0.0,11.45,52.79,3.07,0,0,0,2026-09-28 17:01:00
2026-09-28 17:01:39,V0099,Onibus,No_B_Norte,Prudente,7.75,8.79,37.96,0.69,0,0,0,2026-09-28 17:01:00
2026-09-28 17:01:40,V0099,Onibus,No_B_Norte,Prudente,9.03,11.3,40.53,0.58,0,0,0,2026-09-28 17:01:00
2026-09-28 17:01:41,V0099,Onibus,No_B_Norte,Prudente,10.59,14.39,49.88,-1.56,0,0,0,2026-09-28 17:01:00
2026-09-28 17:01:42,V0099,Onibus,No_B_Norte,Prudente,12.11,17.37,48.09,0.1,0,0,0,2026-09-28 17:01:00
2026-09-28 17:01:43,V0099,Onibus,No_B_Norte,Prudente,13.22,19.57,35.51,-1.33,0,0,0,2026-09-28 17:01:00
2026-09-28 17:01:44,V0099,Onibus,No_B_Norte,Prudente,14.45,21.98,39.05,0.92,0,0,0,2026-09-28 17:01:00
2026-09-28 17:01:45,V0099,Onibus,No_B_Norte,Prudente,15.69,24.42,39.36,1.51,0,0,0,2026-09-28 17:01:00
2026-09-28 17:01:46,V0099,Onibus,No_B_Norte,Prudente,16.72,26.45,32.74,-0.01,0,0,0,2026-09-28 17:01:00
2026-09-28 17:01:47,V0099,Onibus,No_B_Norte,Prudente,17.78,28.54,33.74,0.36,0,0,0,2026-09-28 17:01:00
2026-09-28 17:01:48,V0099,Onibus,No_B_Norte,Prudente,19.17,31.29,44.43,-0.42,0,0,0,2026-09-28 17:01:00
2026-09-28 17:01:40,V0100,Carro,No_C_Leste,Agressivo,17.38,9.75,65.09,4.42,1,1,1,2026-09-28 17:01:00
2026-09-28 17:01:41,V0100,Carro,No_C_Leste,Agressivo,22.12,11.94,75.13,2.26,1,0,1,2026-09-28 17:01:00
2026-09-28 17:01:42,V0100,Carro,No_C_Leste,Agressivo,25.97,13.72,61.17,4.92,1,1,1,2026-09-28 17:01:00
2026-09-28 17:01:43,V0100,Carro,No_C_Leste,Agressivo,30.59,15.86,73.3,4.48,1,1,1,2026-09-28 17:01:00
2026-09-28 17:01:44,V0100,Carro,No_C_Leste,Agressivo,34.21,17.53,57.38,3.85,0,0,0,2026-09-28 17:01:00
2026-09-28 17:01:45,V0100,Carro,No_C_Leste,Agressivo,38.36,19.46,65.88,5.11,1,1,1,2026-09-28 17:01:00
2026-09-28 17:01:46,V0100,Carro,No_C_Leste,Agressivo,42.17,21.22,60.42,-0.33,1,0,1,2026-09-28 17:01:00
2026-09-28 17:01:47,V0100,Carro,No_C_Leste,Agressivo,46.61,23.28,70.52,-2.12,1,0,1,2026-09-28 17:01:00
2026-09-28 17:01:48,V0100,Carro,No_C_Leste,Agressivo,50.0,25.0,59.15,0.95,0,0,0,2026-09-28 17:01:00
2026-09-28 17:01:49,V0100,Carro,No_C_Leste,Agressivo,50.0,26.66,56.76,1.5,0,0,0,2026-09-28 17:01:00
2026-09-28 17:01:41,V0101,Carro,No_C_Leste,Prudente,8.01,33.55,43.4,-1.15,0,0,0,2026-09-28 17:01:00
2026-09-28 17:01:42,V0101,Carro,No_C_Leste,Prudente,10.95,32.93,43.33,0.46,0,0,0,2026-09-28 17:01:00
2026-09-28 17:01:43,V0101,Carro,No_C_Leste,Prudente,13.08,32.48,31.37,-0.68,0,0,0,2026-09-28 17:01:00
2026-09-28 17:01:44,V0101,Carro,No_C_Leste,Prudente,16.21,31.82,45.97,-0.98,0,0,0,2026-09-28 17:01:00
2026-09-28 17:01:45,V0101,Carro,No_C_Leste,Prudente,18.77,31.28,37.68,0.46,0,0,0,2026-09-28 17:01:00
2026-09-28 17:01:46,V0101,Carro,No_C_Leste,Prudente,21.75,30.65,43.92,-0.25,0,0,0,2026-09-28 17:01:00
2026-09-28 17:01:47,V0101,Carro,No_C_Leste,Prudente,24.26,30.11,37.01,1.42,0,0,0,2026-09-28 17:01:00
2026-09-28 17:01:48,V0101,Carro,No_C_Leste,Prudente,27.57,29.41,48.69,0.98,0,0,0,2026-09-28 17:01:00
2026-09-28 17:01:49,V0101,Carro,No_C_Leste,Prudente,30.32,28.83,40.43,-0.81,0,0,0,2026-09-28 17:01:00
2026-09-28 17:01:50,V0101,Carro,No_C_Leste,Prudente,32.76,28.32,35.85,0.52,0,0,0,2026-09-28 17:01:00
2026-09-28 17:01:42,V0102,Carro,No_C_Leste,Prudente,38.35,27.69,32.06,0.79,0,0,0,2026-09-28 17:01:00
2026-09-28 17:01:43,V0102,Carro,No_C_Leste,Prudente,41.33,26.77,44.85,0.8,0,0,0,2026-09-28 17:01:00
2026-09-28 17:01:44,V0102,Carro,No_C_Leste,Prudente,43.99,25.95,40.17,-0.96,0,0,0,2026-09-28 17:01:00
2026-09-28 17:01:45,V0102,Carro,No_C_Leste,Prudente,45.88,25.36,28.45,0.16,0,0,0,2026-09-28 17:01:00
2026-09-28 17:01:46,V0102,Carro,No_C_Leste,Prudente,48.89,24.43,45.41,1.0,0,0,0,2026-09-28 17:01:00
2026-09-28 17:01:47,V0102,Carro,No_C_Leste,Prudente,50.0,23.52,44.08,-0.07,0,0,0,2026-09-28 17:01:00
2026-09-28 17:01:48,V0102,Carro,No_C_Leste,Prudente,50.0,22.59,45.44,0.92,0,0,0,2026-09-28 17:01:00
2026-09-28 17:01:49,V0102,Carro,No_C_Leste,Prudente,50.0,21.81,37.89,0.68,0,0,0,2026-09-28 17:01:00
2026-09-28 17:01:50,V0102,Carro,No_C_Leste,Prudente,50.0,21.05,37.32,0.54,0,0,0,2026-09-28 17:01:00
2026-09-28 17:01:51,V0102,Carro,No_C_Leste,Prudente,50.0,20.36,33.5,-1.22,0,0,0,2026-09-28 17:01:00
2026-09-28 17:01:43,V0103,Carro,No_A_Centro,Prudente,43.25,36.46,42.29,1.67,0,0,0,2026-09-28 17:01:00
2026-09-28 17:01:44,V0103,Carro,No_A_Centro,Prudente,42.42,33.82,39.97,0.67,0,0,0,2026-09-28 17:01:00
2026-09-28 17:01:45,V0103,Carro,No_A_Centro,Prudente,41.69,31.53,34.54,-0.39,0,0,0,2026-09-28 17:01:00
2026-09-28 17:01:46,V0103,Carro,No_A_Centro,Prudente,40.78,28.65,43.48,0.85,0,0,0,2026-09-28 17:01:00
2026-09-28 17:01:47,V0103,Carro,No_A_Centro,Prudente,39.97,26.1,38.53,-0.07,0,0,0,2026-09-28 17:01:00
2026-09-28 17:01:48,V0103,Carro,No_A_Centro,Prudente,39.29,23.95,32.41,-0.36,0,0,0,2026-09-28 17:01:00
2026-09-28 17:01:49,V0103,Carro,No_A_Centro,Prudente,38.36,21.01,44.45,0.58,0,0,0,2026-09-28 17:01:00
2026-09-28 17:01:50,V0103,Carro,No_A_Centro,Prudente,37.47,18.2,42.5,0.05,0,0,0,2026-09-28 17:01:00
2026-09-28 17:01:51,V0103,Carro,No_A_Centro,Prudente,36.63,15.55,40.04,-0.66,0,0,0,2026-09-28 17:01:00
2026-09-28 17:01:52,V0103,Carro,No_A_Centro,Prudente,35.72,12.67,43.49,0.42,0,0,0,2026-09-28 17:01:00
2026-09-28 17:01:44,V0104,Onibus,No_C_Leste,Prudente,9.87,36.21,35.02,-0.28,0,0,0,2026-09-28 17:01:00
2026-09-28 17:01:45,V0104,Onibus,No_C_Leste,Prudente,7.61,35.43,34.41,-1.01,0,0,0,2026-09-28 17:01:00
2026-09-28 17:01:46,V0104,Onibus,No_C_Leste,Prudente,4.86,34.49,41.88,0.81,0,0,0,2026-09-28 17:01:00
2026-09-28 17:01:47,V0104,Onibus,No_C_Leste,Prudente,2.45,33.66,36.75,0.77,0,0,0,2026-09-28 17:01:00
2026-09-28 17:01:48,V0104,Onibus,No_C_Leste,Prudente,0.0,32.63,45.56,1.93,0,0,0,2026-09-28 17:01:00
2026-09-28 17:01:49,V0104,Onibus,No_C_Leste,Prudente,0.0,31.72,40.35,-0.64,0,0,0,2026-09-28 17:01:00
2026-09-28 17:01:50,V0104,Onibus,No_C_Leste,Prudente,0.0,30.93,34.99,-1.1,0,0,0,2026-09-28 17:01:00
2026-09-28 17:01:51,V0104,Onibus,No_C_Leste,Prudente,0.0,29.88,46.25,-1.52,0,0,0,2026-09-28 17:01:00
2026-09-28 17:01:52,V0104,Onibus,No_C_Leste,Prudente,0.0,28.84,46.09,-0.87,0,0,0,2026-09-28 17:01:00
2026-09-28 17:01:53,V0104,Onibus,No_C_Leste,Prudente,0.0,28.02,36.57,-0.15,0,0,0,2026-09-28 17:01:00
2026-09-28 17:01:45,V0105,Carro,No_C_Leste,Prudente,34.17,17.41,34.42,1.24,0,0,0,2026-09-28 17:01:00
2026-09-28 17:01:46,V0105,Carro,No_C_Leste,Prudente,31.69,18.53,39.22,-0.55,0,0,0,2026-09-28 17:01:00
2026-09-28 17:01:47,V0105,Carro,No_C_Leste,Prudente,29.1,19.69,40.8,0.5,0,0,0,2026-09-28 17:01:00
2026-09-28 17:01:48,V0105,Carro,No_C_Leste,Prudente,26.21,20.99,45.59,1.45,0,0,0,2026-09-28 17:01:00
2026-09-28 17:01:49,V0105,Carro,No_C_Leste,Prudente,23.79,22.07,38.2,-1.33,0,0,0,2026-09-28 17:01:00
2026-09-28 17:01:50,V0105,Carro,No_C_Leste,Prudente,21.39,23.15,37.93,0.26,0,0,0,2026-09-28 17:01:00
2026-09-28 17:01:51,V0105,Carro,No_C_Leste,Prudente,19.16,24.16,35.18,-0.96,0,0,0,2026-09-28 17:01:00
2026-09-28 17:01:52,V0105,Carro,No_C_Leste,Prudente,16.52,25.34,41.72,-0.05,0,0,0,2026-09-28 17:01:00
2026-09-28 17:01:53,V0105,Carro,No_C_Leste,Prudente,13.98,26.49,40.16,-0.76,0,0,0,2026-09-28 17:01:00
2026-09-28 17:01:54,V0105,Carro,No_C_Leste,Prudente,11.52,27.59,38.85,-0.92,0,0,0,2026-09-28 17:01:00
2026-09-28 17:01:46,V0106,Carro,No_C_Leste,Agressivo,31.07,35.0,56.13,-0.32,0,0,0,2026-09-28 17:01:00
2026-09-28 17:01:47,V0106,Carro,No_C_Leste,Agressivo,27.48,36.89,58.37,1.67,0,0,0,2026-09-28 17:01:00
2026-09-28 17:01:48,V0106,Carro,No_C_Leste,Agressivo,24.35,38.55,51.02,2.74,0,0,0,2026-09-28 17:01:00
2026-09-28 17:01:49,V0106,Carro,No_C_Leste,Agressivo,19.89,40.9,72.59,0.43,1,0,1,2026-09-28 17:01:00
2026-09-28 17:01:50,V0106,Carro,No_C_Leste,Agressivo,15.86,43.03,65.7,3.79,1,0,1,2026-09-28 17:01:00
2026-09-28 17:01:51,V0106,Carro,No_C_Leste,Agressivo,11.9,45.11,64.33,3.37,1,0,1,2026-09-28 17:01:00
2026-09-28 17:01:52,V0106,Carro,No_C_Leste,Agressivo,7.81,47.27,66.58,1.37,1,0,1,2026-09-28 17:01:00
2026-09-28 17:01:53,V0106,Carro,No_C_Leste,Agressivo,3.09,49.77,76.99,5.5,1,1,1,2026-09-28 17:01:00
2026-09-28 17:01:54,V0106,Carro,No_C_Leste,Agressivo,0.0,50.0,74.52,5.03,1,1,1,2026-09-28 17:01:00
2026-09-28 17:01:55,V0106,Carro,No_C_Leste,Agressivo,0.0,50.0,52.4,4.85,0,1,1,2026-09-28 17:01:00
2026-09-28 17:01:47,V0107,Carro,No_B_Norte,Prudente,17.82,26.69,42.76,0.34,0,0,0,2026-09-28 17:01:00
2026-09-28 17:01:48,V0107,Carro,No_B_Norte,Prudente,19.76,24.52,41.95,-1.33,0,0,0,2026-09-28 17:01:00
2026-09-28 17:01:49,V0107,Carro,No_B_Norte,Prudente,21.86,22.18,45.24,1.17,0,0,0,2026-09-28 17:01:00
2026-09-28 17:01:50,V0107,Carro,No_B_Norte,Prudente,23.66,20.17,38.85,-0.04,0,0,0,2026-09-28 17:01:00
2026-09-28 17:01:51,V0107,Carro,No_B_Norte,Prudente,25.15,18.49,32.34,0.51,0,0,0,2026-09-28 17:01:00
2026-09-28 17:01:52,V0107,Carro,No_B_Norte,Prudente,27.14,16.27,42.86,-0.06,0,0,0,2026-09-28 17:01:00
2026-09-28 17:01:53,V0107,Carro,No_B_Norte,Prudente,29.25,13.91,45.62,-0.33,0,0,0,2026-09-28 17:01:00
2026-09-28 17:01:54,V0107,Carro,No_B_Norte,Prudente,31.23,11.69,42.82,-1.02,0,0,0,2026-09-28 17:01:00
2026-09-28 17:01:55,V0107,Carro,No_B_Norte,Prudente,33.08,9.63,39.88,-0.17,0,0,0,2026-09-28 17:01:00
2026-09-28 17:01:56,V0107,Carro,No_B_Norte,Prudente,34.98,7.5,41.13,-0.37,0,0,0,2026-09-28 17:01:00
2026-09-28 17:01:48,V0108,Onibus,No_A_Centro,Prudente,41.4,25.72,48.39,-0.49,0,0,0,2026-09-28 17:01:00
2026-09-28 17:01:49,V0108,Onibus,No_A_Centro,Prudente,41.25,28.5,40.08,-0.09,0,0,0,2026-09-28 17:01:00
2026-09-28 17:01:50,V0108,Onibus,No_A_Centro,Prudente,41.06,31.81,47.84,1.29,0,0,0,2026-09-28 17:01:00
2026-09-28 17:01:51,V0108,Onibus,No_A_Centro,Prudente,40.9,34.87,44.04,-0.97,0,0,0,2026-09-28 17:01:00
2026-09-28 17:01:52,V0108,Onibus,No_A_Centro,Prudente,40.74,37.76,41.8,0.57,0,0,0,2026-09-28 17:01:00
2026-09-28 17:01:53,V0108,Onibus,No_A_Centro,Prudente,40.6,40.3,36.51,-0.87,0,0,0,2026-09-28 17:01:00
2026-09-28 17:01:54,V0108,Onibus,No_A_Centro,Prudente,40.41,43.66,48.53,-0.3,0,0,0,2026-09-28 17:01:00
2026-09-28 17:01:55,V0108,Onibus,No_A_Centro,Prudente,40.23,46.99,48.07,1.0,0,0,0,2026-09-28 17:01:00
2026-09-28 17:01:56,V0108,Onibus,No_A_Centro,Prudente,40.07,49.91,42.04,0.45,0,0,0,2026-09-28 17:01:00
2026-09-28 17:01:57,V0108,Onibus,No_A_Centro,Prudente,39.95,50.0,33.0,0.21,0,0,0,2026-09-28 17:01:00
2026-09-28 17:01:49,V0109,Carro,No_B_Norte,Prudente,29.48,32.21,36.18,0.04,0,0,0,2026-09-28 17:01:00
2026-09-28 17:01:50,V0109,Carro,No_B_Norte,Prudente,29.25,29.2,43.42,-0.21,0,0,0,2026-09-28 17:01:00
2026-09-28 17:01:51,V0109,Carro,No_B_Norte,Prudente,29.01,26.06,45.36,2.36,0,0,0,2026-09-28 17:01:00
2026-09-28 17:01:52,V0109,Carro,No_B_Norte,Prudente,28.82,23.56,36.07,-1.38,0,0,0,2026-09-28 17:01:00
2026-09-28 17:01:53,V0109,Carro,No_B_Norte,Prudente,28.6,20.69,41.52,0.72,0,0,0,2026-09-28 17:01:00
2026-09-28 17:01:54,V0109,Carro,No_B_Norte,Prudente,28.4,18.0,38.85,1.45,0,0,0,2026-09-28 17:01:00
2026-09-28 17:01:55,V0109,Carro,No_B_Norte,Prudente,28.22,15.69,33.31,0.69,0,0,0,2026-09-28 17:01:00
2026-09-28 17:01:56,V0109,Carro,No_B_Norte,Prudente,28.03,13.13,36.97,1.72,0,0,0,2026-09-28 17:01:00
2026-09-28 17:01:57,V0109,Carro,No_B_Norte,Prudente,27.77,9.67,49.96,-0.77,0,0,0,2026-09-28 17:01:00
2026-09-28 17:01:58,V0109,Carro,No_B_Norte,Prudente,27.57,7.09,37.25,0.86,0,0,0,2026-09-28 17:01:00
2026-09-28 17:01:50,V0110,Carro,No_A_Centro,Agressivo,21.45,9.8,59.48,3.01,0,0,0,2026-09-28 17:01:00
2026-09-28 17:01:51,V0110,Carro,No_A_Centro,Agressivo,19.89,14.5,71.35,2.97,1,0,1,2026-09-28 17:01:00
2026-09-28 17:01:52,V0110,Carro,No_A_Centro,Agressivo,18.43,18.91,67.02,2.25,1,0,1,2026-09-28 17:01:00
2026-09-28 17:01:53,V0110,Carro,No_A_Centro,Agressivo,16.7,24.12,78.99,0.96,1,0,1,2026-09-28 17:01:00
2026-09-28 17:01:54,V0110,Carro,No_A_Centro,Agressivo,15.4,28.04,59.41,2.02,0,0,0,2026-09-28 17:01:00
2026-09-28 17:01:55,V0110,Carro,No_A_Centro,Agressivo,13.88,32.61,69.34,0.92,1,0,1,2026-09-28 17:01:00
2026-09-28 17:01:56,V0110,Carro,No_A_Centro,Agressivo,12.43,36.96,66.09,3.33,1,0,1,2026-09-28 17:01:00
2026-09-28 17:01:57,V0110,Carro,No_A_Centro,Agressivo,11.13,40.88,59.45,3.66,0,0,0,2026-09-28 17:01:00
2026-09-28 17:01:58,V0110,Carro,No_A_Centro,Agressivo,9.88,44.63,56.94,0.77,0,0,0,2026-09-28 17:01:00
2026-09-28 17:01:59,V0110,Carro,No_A_Centro,Agressivo,8.44,48.97,65.8,-0.32,1,0,1,2026-09-28 17:01:00
2026-09-28 17:01:51,V0111,Carro,No_C_Leste,Prudente,24.63,21.62,42.41,0.55,0,0,0,2026-09-28 17:01:00
2026-09-28 17:01:52,V0111,Carro,No_C_Leste,Prudente,22.83,23.98,42.74,-0.25,0,0,0,2026-09-28 17:01:00
2026-09-28 17:01:53,V0111,Carro,No_C_Leste,Prudente,21.17,26.15,39.37,0.33,0,0,0,2026-09-28 17:01:00
2026-09-28 17:01:54,V0111,Carro,No_C_Leste,Prudente,19.47,28.38,40.43,-2.22,0,0,0,2026-09-28 17:01:00
2026-09-28 17:01:55,V0111,Carro,No_C_Leste,Prudente,17.83,30.52,38.85,-0.85,0,0,0,2026-09-28 17:01:00
2026-09-28 17:01:56,V0111,Carro,No_C_Leste,Prudente,16.11,32.78,40.88,2.99,0,0,0,2026-09-28 17:01:00
2026-09-28 17:01:57,V0111,Carro,No_C_Leste,Prudente,14.35,35.09,41.84,-0.31,0,0,0,2026-09-28 17:01:00
2026-09-28 17:01:58,V0111,Carro,No_C_Leste,Prudente,12.47,37.55,44.61,0.48,0,0,0,2026-09-28 17:01:00
2026-09-28 17:01:59,V0111,Carro,No_C_Leste,Prudente,10.69,39.88,42.1,0.61,0,0,0,2026-09-28 17:01:00
2026-09-28 17:02:00,V0111,Carro,No_C_Leste,Prudente,8.57,42.65,50.28,-1.13,0,0,0,2026-09-28 17:02:00
2026-09-28 17:01:52,V0112,Moto,No_C_Leste,Prudente,12.45,34.13,34.81,0.74,0,0,0,2026-09-28 17:01:00
2026-09-28 17:01:53,V0112,Moto,No_C_Leste,Prudente,13.67,36.67,40.56,1.74,0,0,0,2026-09-28 17:01:00
2026-09-28 17:01:54,V0112,Moto,No_C_Leste,Prudente,14.82,39.09,38.59,0.42,0,0,0,2026-09-28 17:01:00
2026-09-28 17:01:55,V0112,Moto,No_C_Leste,Prudente,15.9,41.35,36.1,-0.29,0,0,0,2026-09-28 17:01:00
2026-09-28 17:01:56,V0112,Moto,No_C_Leste,Prudente,17.11,43.9,40.53,-1.53,0,0,0,2026-09-28 17:01:00
2026-09-28 17:01:57,V0112,Moto,No_C_Leste,Prudente,18.09,45.96,32.91,0.6,0,0,0,2026-09-28 17:01:00
2026-09-28 17:01:58,V0112,Moto,No_C_Leste,Prudente,19.26,48.42,39.27,-0.59,0,0,0,2026-09-28 17:01:00
2026-09-28 17:01:59,V0112,Moto,No_C_Leste,Prudente,20.35,50.0,36.32,-0.7,0,0,0,2026-09-28 17:01:00
2026-09-28 17:02:00,V0112,Moto,No_C_Leste,Prudente,21.56,50.0,40.56,0.45,0,0,0,2026-09-28 17:02:00
2026-09-28 17:02:01,V0112,Moto,No_C_Leste,Prudente,22.44,50.0,29.54,1.41,0,0,0,2026-09-28 17:02:00
2026-09-28 17:01:53,V0113,Carro,No_C_Leste,Infrator,20.41,21.63,76.32,6.6,1,1,1,2026-09-28 17:01:00
2026-09-28 17:01:54,V0113,Carro,No_C_Leste,Infrator,19.06,17.79,58.64,5.01,0,1,1,2026-09-28 17:01:00
2026-09-28 17:01:55,V0113,Carro,No_C_Leste,Infrator,17.04,12.0,88.28,7.77,1,1,1,2026-09-28 17:01:00
2026-09-28 17:01:56,V0113,Carro,No_C_Leste,Infrator,15.32,7.1,74.86,5.26,1,1,1,2026-09-28 17:01:00
2026-09-28 17:01:57,V0113,Carro,No_C_Leste,Infrator,13.58,2.13,75.75,5.77,1,1,1,2026-09-28 17:01:00
2026-09-28 17:01:58,V0113,Carro,No_C_Leste,Infrator,11.84,0.0,76.05,3.78,1,0,1,2026-09-28 17:01:00
2026-09-28 17:01:59,V0113,Carro,No_C_Leste,Infrator,10.12,0.0,75.04,6.95,1,1,1,2026-09-28 17:01:00
2026-09-28 17:02:00,V0113,Carro,No_C_Leste,Infrator,7.97,0.0,93.58,4.3,1,1,1,2026-09-28 17:02:00
2026-09-28 17:02:01,V0113,Carro,No_C_Leste,Infrator,6.01,0.0,85.38,0.65,1,0,1,2026-09-28 17:02:00
2026-09-28 17:02:02,V0113,Carro,No_C_Leste,Infrator,4.13,0.0,82.0,4.85,1,1,1,2026-09-28 17:02:00
2026-09-28 17:01:54,V0114,Carro,No_B_Norte,Prudente,33.27,8.32,50.14,0.96,0,0,0,2026-09-28 17:01:00
2026-09-28 17:01:55,V0114,Carro,No_B_Norte,Prudente,30.91,8.71,34.52,0.84,0,0,0,2026-09-28 17:01:00
2026-09-28 17:01:56,V0114,Carro,No_B_Norte,Prudente,27.74,9.23,46.22,0.13,0,0,0,2026-09-28 17:01:00
2026-09-28 17:01:57,V0114,Carro,No_B_Norte,Prudente,24.87,9.69,41.81,0.34,0,0,0,2026-09-28 17:01:00
2026-09-28 17:01:58,V0114,Carro,No_B_Norte,Prudente,22.85,10.02,29.57,-0.19,0,0,0,2026-09-28 17:01:00
2026-09-28 17:01:59,V0114,Carro,No_B_Norte,Prudente,20.19,10.46,38.81,1.43,0,0,0,2026-09-28 17:01:00
2026-09-28 17:02:00,V0114,Carro,No_B_Norte,Prudente,17.33,10.92,41.67,-0.3,0,0,0,2026-09-28 17:02:00
2026-09-28 17:02:01,V0114,Carro,No_B_Norte,Prudente,14.62,11.37,39.55,1.02,0,0,0,2026-09-28 17:02:00
2026-09-28 17:02:02,V0114,Carro,No_B_Norte,Prudente,11.94,11.8,39.08,-0.7,0,0,0,2026-09-28 17:02:00
2026-09-28 17:02:03,V0114,Carro,No_B_Norte,Prudente,9.3,12.24,38.62,0.94,0,0,0,2026-09-28 17:02:00
2026-09-28 17:01:55,V0115,Carro,No_A_Centro,Prudente,29.02,44.77,36.97,0.21,0,0,0,2026-09-28 17:01:00
2026-09-28 17:01:56,V0115,Carro,No_A_Centro,Prudente,31.94,46.06,46.0,-0.49,0,0,0,2026-09-28 17:01:00
2026-09-28 17:01:57,V0115,Carro,No_A_Centro,Prudente,33.88,46.93,30.62,0.62,0,0,0,2026-09-28 17:01:00
2026-09-28 17:01:58,V0115,Carro,No_A_Centro,Prudente,36.22,47.96,36.82,-1.19,0,0,0,2026-09-28 17:01:00
2026-09-28 17:01:59,V0115,Carro,No_A_Centro,Prudente,38.56,49.01,36.88,-0.18,0,0,0,2026-09-28 17:01:00
2026-09-28 17:02:00,V0115,Carro,No_A_Centro,Prudente,40.9,50.0,36.98,-2.21,0,0,0,2026-09-28 17:02:00
2026-09-28 17:02:01,V0115,Carro,No_A_Centro,Prudente,43.72,50.0,44.49,1.27,0,0,0,2026-09-28 17:02:00
2026-09-28 17:02:02,V0115,Carro,No_A_Centro,Prudente,46.47,50.0,43.26,-1.14,0,0,0,2026-09-28 17:02:00
2026-09-28 17:02:03,V0115,Carro,No_A_Centro,Prudente,48.94,50.0,38.99,-0.01,0,0,0,2026-09-28 17:02:00
2026-09-28 17:02:04,V0115,Carro,No_A_Centro,Prudente,50.0,50.0,42.99,0.67,0,0,0,2026-09-28 17:02:00
2026-09-28 17:01:56,V0116,Carro,No_A_Centro,Agressivo,27.48,2.4,76.17,3.83,1,0,1,2026-09-28 17:01:00
2026-09-28 17:01:57,V0116,Carro,No_A_Centro,Agressivo,28.0,0.0,71.01,4.25,1,1,1,2026-09-28 17:01:00
2026-09-28 17:01:58,V0116,Carro,No_A_Centro,Agressivo,28.4,0.0,55.85,3.11,0,0,0,2026-09-28 17:01:00
2026-09-28 17:01:59,V0116,Carro,No_A_Centro,Agressivo,28.93,0.0,73.59,6.05,1,1,1,2026-09-28 17:01:00
2026-09-28 17:02:00,V0116,Carro,No_A_Centro,Agressivo,29.35,0.0,59.23,4.06,0,1,1,2026-09-28 17:02:00
2026-09-28 17:02:01,V0116,Carro,No_A_Centro,Agressivo,29.83,0.0,66.21,2.76,1,0,1,2026-09-28 17:02:00
2026-09-28 17:02:02,V0116,Carro,No_A_Centro,Agressivo,30.32,0.0,67.85,3.44,1,0,1,2026-09-28 17:02:00
2026-09-28 17:02:03,V0116,Carro,No_A_Centro,Agressivo,30.82,0.0,69.33,5.88,1,1,1,2026-09-28 17:02:00
2026-09-28 17:02:04,V0116,Carro,No_A_Centro,Agressivo,31.33,0.0,71.27,3.62,1,0,1,2026-09-28 17:02:00
2026-09-28 17:02:05,V0116,Carro,No_A_Centro,Agressivo,31.9,0.0,79.92,5.22,1,1,1,2026-09-28 17:02:00
2026-09-28 17:01:57,V0117,Carro,No_A_Centro,Agressivo,10.41,20.0,58.22,1.7,0,0,0,2026-09-28 17:01:00
2026-09-28 17:01:58,V0117,Carro,No_A_Centro,Agressivo,9.59,16.18,56.28,1.43,0,0,0,2026-09-28 17:01:00
2026-09-28 17:01:59,V0117,Carro,No_A_Centro,Agressivo,8.69,11.97,62.04,0.19,1,0,1,2026-09-28 17:01:00
2026-09-28 17:02:00,V0117,Carro,No_A_Centro,Agressivo,7.74,7.55,65.12,4.8,1,1,1,2026-09-28 17:02:00
2026-09-28 17:02:01,V0117,Carro,No_A_Centro,Agressivo,6.9,3.63,57.74,6.04,0,1,1,2026-09-28 17:02:00
2026-09-28 17:02:02,V0117,Carro,No_A_Centro,Agressivo,5.9,0.0,69.09,5.06,1,1,1,2026-09-28 17:02:00
2026-09-28 17:02:03,V0117,Carro,No_A_Centro,Agressivo,5.03,0.0,59.74,4.71,0,1,1,2026-09-28 17:02:00
2026-09-28 17:02:04,V0117,Carro,No_A_Centro,Agressivo,4.21,0.0,56.26,4.78,0,1,1,2026-09-28 17:02:00
2026-09-28 17:02:05,V0117,Carro,No_A_Centro,Agressivo,3.24,0.0,66.37,4.11,1,1,1,2026-09-28 17:02:00
2026-09-28 17:02:06,V0117,Carro,No_A_Centro,Agressivo,2.43,0.0,55.6,1.21,0,0,0,2026-09-28 17:02:00
2026-09-28 17:01:58,V0118,Carro,No_C_Leste,Agressivo,13.35,36.38,52.79,4.24,0,1,1,2026-09-28 17:01:00
2026-09-28 17:01:59,V0118,Carro,No_C_Leste,Agressivo,14.35,41.38,73.36,4.07,1,1,1,2026-09-28 17:01:00
2026-09-28 17:02:00,V0118,Carro,No_C_Leste,Agressivo,15.31,46.19,70.7,4.52,1,1,1,2026-09-28 17:02:00
2026-09-28 17:02:01,V0118,Carro,No_C_Leste,Agressivo,16.09,50.0,57.4,5.87,0,1,1,2026-09-28 17:02:00
2026-09-28 17:02:02,V0118,Carro,No_C_Leste,Agressivo,16.92,50.0,61.32,2.87,1,0,1,2026-09-28 17:02:00
2026-09-28 17:02:03,V0118,Carro,No_C_Leste,Agressivo,17.76,50.0,62.34,3.98,1,0,1,2026-09-28 17:02:00
2026-09-28 17:02:04,V0118,Carro,No_C_Leste,Agressivo,18.59,50.0,60.7,3.13,1,0,1,2026-09-28 17:02:00
2026-09-28 17:02:05,V0118,Carro,No_C_Leste,Agressivo,19.33,50.0,55.12,5.33,0,1,1,2026-09-28 17:02:00
2026-09-28 17:02:06,V0118,Carro,No_C_Leste,Agressivo,20.29,50.0,70.37,2.42,1,0,1,2026-09-28 17:02:00
2026-09-28 17:02:07,V0118,Carro,No_C_Leste,Agressivo,21.12,50.0,61.25,4.29,1,1,1,2026-09-28 17:02:00
2026-09-28 17:01:59,V0119,Carro,No_C_Leste,Agressivo,32.15,10.46,71.05,4.22,1,1,1,2026-09-28 17:01:00
2026-09-28 17:02:00,V0119,Carro,No_C_Leste,Agressivo,35.42,12.68,56.87,2.51,0,0,0,2026-09-28 17:02:00
2026-09-28 17:02:01,V0119,Carro,No_C_Leste,Agressivo,39.13,15.2,64.69,2.73,1,0,1,2026-09-28 17:02:00
2026-09-28 17:02:02,V0119,Carro,No_C_Leste,Agressivo,43.02,17.84,67.67,5.86,1,1,1,2026-09-28 17:02:00
2026-09-28 17:02:03,V0119,Carro,No_C_Leste,Agressivo,47.25,20.71,73.65,0.38,1,0,1,2026-09-28 17:02:00
2026-09-28 17:02:04,V0119,Carro,No_C_Leste,Agressivo,50.0,23.44,69.98,5.66,1,1,1,2026-09-28 17:02:00
2026-09-28 17:02:05,V0119,Carro,No_C_Leste,Agressivo,50.0,26.1,68.09,5.18,1,1,1,2026-09-28 17:02:00
2026-09-28 17:02:06,V0119,Carro,No_C_Leste,Agressivo,50.0,29.26,81.1,5.05,1,1,1,2026-09-28 17:02:00
2026-09-28 17:02:07,V0119,Carro,No_C_Leste,Agressivo,50.0,31.88,66.99,5.09,1,1,1,2026-09-28 17:02:00
2026-09-28 17:02:08,V0119,Carro,No_C_Leste,Agressivo,50.0,34.46,66.16,3.05,1,0,1,2026-09-28 17:02:00
2026-09-28 17:02:00,V0120,Onibus,No_A_Centro,Agressivo,34.27,19.06,54.17,1.89,0,0,0,2026-09-28 17:02:00
2026-09-28 17:02:01,V0120,Onibus,No_A_Centro,Agressivo,32.98,14.33,70.63,3.32,1,0,1,2026-09-28 17:02:00
2026-09-28 17:02:02,V0120,Onibus,No_A_Centro,Agressivo,31.81,10.09,63.35,4.12,1,1,1,2026-09-28 17:02:00
2026-09-28 17:02:03,V0120,Onibus,No_A_Centro,Agressivo,30.84,6.53,53.23,3.28,0,0,0,2026-09-28 17:02:00
2026-09-28 17:02:04,V0120,Onibus,No_A_Centro,Agressivo,29.48,1.57,73.95,4.1,1,1,1,2026-09-28 17:02:00
2026-09-28 17:02:05,V0120,Onibus,No_A_Centro,Agressivo,28.18,0.0,70.53,6.19,1,1,1,2026-09-28 17:02:00
2026-09-28 17:02:06,V0120,Onibus,No_A_Centro,Agressivo,27.0,0.0,64.47,1.69,1,0,1,2026-09-28 17:02:00
2026-09-28 17:02:07,V0120,Onibus,No_A_Centro,Agressivo,25.63,0.0,74.52,5.34,1,1,1,2026-09-28 17:02:00
2026-09-28 17:02:08,V0120,Onibus,No_A_Centro,Agressivo,24.35,0.0,69.47,2.68,1,0,1,2026-09-28 17:02:00
2026-09-28 17:02:09,V0120,Onibus,No_A_Centro,Agressivo,23.16,0.0,65.01,0.45,1,0,1,2026-09-28 17:02:00
2026-09-28 17:02:01,V0121,Caminhao,No_A_Centro,Agressivo,30.2,29.59,59.06,2.03,0,0,0,2026-09-28 17:02:00
2026-09-28 17:02:02,V0121,Caminhao,No_A_Centro,Agressivo,27.11,25.41,74.85,6.37,1,1,1,2026-09-28 17:02:00
2026-09-28 17:02:03,V0121,Caminhao,No_A_Centro,Agressivo,24.24,21.53,69.5,1.24,1,0,1,2026-09-28 17:02:00
2026-09-28 17:02:04,V0121,Caminhao,No_A_Centro,Agressivo,20.89,17.01,80.9,1.94,1,0,1,2026-09-28 17:02:00
2026-09-28 17:02:05,V0121,Caminhao,No_A_Centro,Agressivo,18.32,13.53,62.32,3.68,1,0,1,2026-09-28 17:02:00
2026-09-28 17:02:06,V0121,Caminhao,No_A_Centro,Agressivo,15.12,9.21,77.43,4.71,1,1,1,2026-09-28 17:02:00
2026-09-28 17:02:07,V0121,Caminhao,No_A_Centro,Agressivo,12.3,5.4,68.32,3.93,1,0,1,2026-09-28 17:02:00
2026-09-28 17:02:08,V0121,Caminhao,No_A_Centro,Agressivo,9.6,1.75,65.35,4.12,1,1,1,2026-09-28 17:02:00
2026-09-28 17:02:09,V0121,Caminhao,No_A_Centro,Agressivo,7.75,0.0,44.76,2.41,0,0,0,2026-09-28 17:02:00
2026-09-28 17:02:10,V0121,Caminhao,No_A_Centro,Agressivo,4.99,0.0,66.93,0.7,1,0,1,2026-09-28 17:02:00
2026-09-28 17:02:02,V0122,Carro,No_C_Leste,Infrator,12.01,39.51,67.61,8.34,1,1,1,2026-09-28 17:02:00
2026-09-28 17:02:03,V0122,Carro,No_C_Leste,Infrator,7.38,36.84,76.93,4.55,1,1,1,2026-09-28 17:02:00
2026-09-28 17:02:04,V0122,Carro,No_C_Leste,Infrator,1.71,33.57,94.32,5.78,1,1,1,2026-09-28 17:02:00
2026-09-28 17:02:05,V0122,Carro,No_C_Leste,Infrator,0.0,30.51,88.32,7.4,1,1,1,2026-09-28 17:02:00
2026-09-28 17:02:06,V0122,Carro,No_C_Leste,Infrator,0.0,27.41,89.29,3.98,1,0,1,2026-09-28 17:02:00
2026-09-28 17:02:07,V0122,Carro,No_C_Leste,Infrator,0.0,24.53,83.34,5.64,1,1,1,2026-09-28 17:02:00
2026-09-28 17:02:08,V0122,Carro,No_C_Leste,Infrator,0.0,21.89,76.04,7.99,1,1,1,2026-09-28 17:02:00
2026-09-28 17:02:09,V0122,Carro,No_C_Leste,Infrator,0.0,18.84,87.89,5.22,1,1,1,2026-09-28 17:02:00
2026-09-28 17:02:10,V0122,Carro,No_C_Leste,Infrator,0.0,15.48,96.92,4.64,1,1,1,2026-09-28 17:02:00
2026-09-28 17:02:11,V0122,Carro,No_C_Leste,Infrator,0.0,12.6,83.18,3.55,1,0,1,2026-09-28 17:02:00
2026-09-28 17:02:03,V0123,Moto,No_B_Norte,Agressivo,9.48,40.0,63.35,1.51,1,0,1,2026-09-28 17:02:00
2026-09-28 17:02:04,V0123,Moto,No_B_Norte,Agressivo,11.28,35.97,63.59,-0.1,1,0,1,2026-09-28 17:02:00
2026-09-28 17:02:05,V0123,Moto,No_B_Norte,Agressivo,13.01,32.1,61.07,2.43,1,0,1,2026-09-28 17:02:00
2026-09-28 17:02:06,V0123,Moto,No_B_Norte,Agressivo,14.8,28.11,62.95,2.52,1,0,1,2026-09-28 17:02:00
2026-09-28 17:02:07,V0123,Moto,No_B_Norte,Agressivo,16.63,24.02,64.51,3.96,1,0,1,2026-09-28 17:02:00
2026-09-28 17:02:08,V0123,Moto,No_B_Norte,Agressivo,18.67,19.45,72.0,1.7,1,0,1,2026-09-28 17:02:00
2026-09-28 17:02:09,V0123,Moto,No_B_Norte,Agressivo,20.24,15.94,55.37,0.92,0,0,0,2026-09-28 17:02:00
2026-09-28 17:02:10,V0123,Moto,No_B_Norte,Agressivo,21.98,12.07,61.1,2.3,1,0,1,2026-09-28 17:02:00
2026-09-28 17:02:11,V0123,Moto,No_B_Norte,Agressivo,23.65,8.34,58.84,0.41,0,0,0,2026-09-28 17:02:00
2026-09-28 17:02:12,V0123,Moto,No_B_Norte,Agressivo,25.39,4.45,61.35,3.36,1,0,1,2026-09-28 17:02:00
2026-09-28 17:02:04,V0124,Onibus,No_A_Centro,Prudente,15.28,39.82,44.41,-0.38,0,0,0,2026-09-28 17:02:00
2026-09-28 17:02:05,V0124,Onibus,No_A_Centro,Prudente,16.55,41.5,30.41,-0.15,0,0,0,2026-09-28 17:02:00
2026-09-28 17:02:06,V0124,Onibus,No_A_Centro,Prudente,18.51,44.09,46.76,0.28,0,0,0,2026-09-28 17:02:00
2026-09-28 17:02:07,V0124,Onibus,No_A_Centro,Prudente,20.24,46.37,41.18,-1.06,0,0,0,2026-09-28 17:02:00
2026-09-28 17:02:08,V0124,Onibus,No_A_Centro,Prudente,21.67,48.27,34.17,0.02,0,0,0,2026-09-28 17:02:00
2026-09-28 17:02:09,V0124,Onibus,No_A_Centro,Prudente,23.05,50.0,32.87,0.78,0,0,0,2026-09-28 17:02:00
2026-09-28 17:02:10,V0124,Onibus,No_A_Centro,Prudente,24.55,50.0,35.77,-0.02,0,0,0,2026-09-28 17:02:00
2026-09-28 17:02:11,V0124,Onibus,No_A_Centro,Prudente,25.83,50.0,30.57,-0.39,0,0,0,2026-09-28 17:02:00
2026-09-28 17:02:12,V0124,Onibus,No_A_Centro,Prudente,27.26,50.0,34.07,-2.32,0,0,0,2026-09-28 17:02:00
2026-09-28 17:02:13,V0124,Onibus,No_A_Centro,Prudente,29.04,50.0,42.71,1.64,0,0,0,2026-09-28 17:02:00
2026-09-28 17:02:05,V0125,Moto,No_A_Centro,Prudente,33.58,33.86,41.97,-1.93,0,0,0,2026-09-28 17:02:00
2026-09-28 17:02:06,V0125,Moto,No_A_Centro,Prudente,35.31,31.82,38.61,0.85,0,0,0,2026-09-28 17:02:00
2026-09-28 17:02:07,V0125,Moto,No_A_Centro,Prudente,37.1,29.72,39.76,-1.41,0,0,0,2026-09-28 17:02:00
2026-09-28 17:02:08,V0125,Moto,No_A_Centro,Prudente,38.89,27.62,39.74,1.7,0,0,0,2026-09-28 17:02:00
2026-09-28 17:02:09,V0125,Moto,No_A_Centro,Prudente,40.97,25.17,46.23,-0.06,0,0,0,2026-09-28 17:02:00
2026-09-28 17:02:10,V0125,Moto,No_A_Centro,Prudente,42.99,22.8,44.76,-0.37,0,0,0,2026-09-28 17:02:00
2026-09-28 17:02:11,V0125,Moto,No_A_Centro,Prudente,44.4,21.14,31.48,-0.92,0,0,0,2026-09-28 17:02:00
2026-09-28 17:02:12,V0125,Moto,No_A_Centro,Prudente,46.56,18.61,47.81,-0.27,0,0,0,2026-09-28 17:02:00
2026-09-28 17:02:13,V0125,Moto,No_A_Centro,Prudente,48.3,16.56,38.78,-0.3,0,0,0,2026-09-28 17:02:00
2026-09-28 17:02:14,V0125,Moto,No_A_Centro,Prudente,50.0,13.94,49.52,1.63,0,0,0,2026-09-28 17:02:00
2026-09-28 17:02:06,V0126,Carro,No_B_Norte,Prudente,24.84,32.82,29.52,0.86,0,0,0,2026-09-28 17:02:00
2026-09-28 17:02:07,V0126,Carro,No_B_Norte,Prudente,25.16,35.27,35.54,0.4,0,0,0,2026-09-28 17:02:00
2026-09-28 17:02:08,V0126,Carro,No_B_Norte,Prudente,25.45,37.58,33.54,0.29,0,0,0,2026-09-28 17:02:00
2026-09-28 17:02:09,V0126,Carro,No_B_Norte,Prudente,25.76,40.02,35.46,-0.72,0,0,0,2026-09-28 17:02:00
2026-09-28 17:02:10,V0126,Carro,No_B_Norte,Prudente,26.13,42.93,42.21,-0.43,0,0,0,2026-09-28 17:02:00
2026-09-28 17:02:11,V0126,Carro,No_B_Norte,Prudente,26.5,45.82,41.9,-0.19,0,0,0,2026-09-28 17:02:00
2026-09-28 17:02:12,V0126,Carro,No_B_Norte,Prudente,26.85,48.6,40.34,0.45,0,0,0,2026-09-28 17:02:00
2026-09-28 17:02:13,V0126,Carro,No_B_Norte,Prudente,27.19,50.0,38.25,-1.0,0,0,0,2026-09-28 17:02:00
2026-09-28 17:02:14,V0126,Carro,No_B_Norte,Prudente,27.52,50.0,37.34,1.2,0,0,0,2026-09-28 17:02:00
2026-09-28 17:02:15,V0126,Carro,No_B_Norte,Prudente,27.87,50.0,40.58,-0.84,0,0,0,2026-09-28 17:02:00
2026-09-28 17:02:07,V0127,Moto,No_B_Norte,Prudente,39.89,38.97,34.49,0.68,0,0,0,2026-09-28 17:02:00
2026-09-28 17:02:08,V0127,Moto,No_B_Norte,Prudente,41.21,41.57,42.04,-0.31,0,0,0,2026-09-28 17:02:00
2026-09-28 17:02:09,V0127,Moto,No_B_Norte,Prudente,42.34,43.79,35.81,-0.89,0,0,0,2026-09-28 17:02:00
2026-09-28 17:02:10,V0127,Moto,No_B_Norte,Prudente,43.68,46.43,42.67,1.23,0,0,0,2026-09-28 17:02:00
2026-09-28 17:02:11,V0127,Moto,No_B_Norte,Prudente,44.84,48.71,36.81,0.46,0,0,0,2026-09-28 17:02:00
2026-09-28 17:02:12,V0127,Moto,No_B_Norte,Prudente,45.77,50.0,29.56,-0.58,0,0,0,2026-09-28 17:02:00
2026-09-28 17:02:13,V0127,Moto,No_B_Norte,Prudente,47.03,50.0,39.84,-0.91,0,0,0,2026-09-28 17:02:00
2026-09-28 17:02:14,V0127,Moto,No_B_Norte,Prudente,48.14,50.0,35.32,-0.67,0,0,0,2026-09-28 17:02:00
2026-09-28 17:02:15,V0127,Moto,No_B_Norte,Prudente,49.45,50.0,41.46,-0.19,0,0,0,2026-09-28 17:02:00
2026-09-28 17:02:16,V0127,Moto,No_B_Norte,Prudente,50.0,50.0,28.81,-2.12,0,0,0,2026-09-28 17:02:00
2026-09-28 17:02:08,V0128,Moto,No_A_Centro,Prudente,31.98,11.46,49.7,-1.4,0,0,0,2026-09-28 17:02:00
2026-09-28 17:02:09,V0128,Moto,No_A_Centro,Prudente,28.81,11.71,45.86,-0.37,0,0,0,2026-09-28 17:02:00
2026-09-28 17:02:10,V0128,Moto,No_A_Centro,Prudente,26.25,11.92,37.0,-1.11,0,0,0,2026-09-28 17:02:00
2026-09-28 17:02:11,V0128,Moto,No_A_Centro,Prudente,22.64,12.2,52.05,0.22,0,0,0,2026-09-28 17:02:00
2026-09-28 17:02:12,V0128,Moto,No_A_Centro,Prudente,19.87,12.43,40.11,0.89,0,0,0,2026-09-28 17:02:00
2026-09-28 17:02:13,V0128,Moto,No_A_Centro,Prudente,17.32,12.63,36.75,0.0,0,0,0,2026-09-28 17:02:00
2026-09-28 17:02:14,V0128,Moto,No_A_Centro,Prudente,14.54,12.85,40.28,-0.51,0,0,0,2026-09-28 17:02:00
2026-09-28 17:02:15,V0128,Moto,No_A_Centro,Prudente,11.35,13.11,46.0,-0.22,0,0,0,2026-09-28 17:02:00
2026-09-28 17:02:16,V0128,Moto,No_A_Centro,Prudente,9.12,13.29,32.23,-0.3,0,0,0,2026-09-28 17:02:00
2026-09-28 17:02:17,V0128,Moto,No_A_Centro,Prudente,6.27,13.52,41.25,-0.89,0,0,0,2026-09-28 17:02:00
2026-09-28 17:02:09,V0129,Carro,No_B_Norte,Prudente,14.33,13.74,37.75,1.26,0,0,0,2026-09-28 17:02:00
2026-09-28 17:02:10,V0129,Carro,No_B_Norte,Prudente,12.45,15.51,37.32,0.36,0,0,0,2026-09-28 17:02:00
2026-09-28 17:02:11,V0129,Carro,No_B_Norte,Prudente,10.61,17.25,36.35,0.76,0,0,0,2026-09-28 17:02:00
2026-09-28 17:02:12,V0129,Carro,No_B_Norte,Prudente,8.41,19.31,43.43,1.85,0,0,0,2026-09-28 17:02:00
2026-09-28 17:02:13,V0129,Carro,No_B_Norte,Prudente,6.44,21.18,39.12,0.67,0,0,0,2026-09-28 17:02:00
2026-09-28 17:02:14,V0129,Carro,No_B_Norte,Prudente,4.39,23.1,40.49,1.3,0,0,0,2026-09-28 17:02:00
2026-09-28 17:02:15,V0129,Carro,No_B_Norte,Prudente,2.55,24.84,36.41,0.75,0,0,0,2026-09-28 17:02:00
2026-09-28 17:02:16,V0129,Carro,No_B_Norte,Prudente,0.58,26.7,39.03,-0.06,0,0,0,2026-09-28 17:02:00
2026-09-28 17:02:17,V0129,Carro,No_B_Norte,Prudente,0.0,28.62,40.46,0.25,0,0,0,2026-09-28 17:02:00
2026-09-28 17:02:18,V0129,Carro,No_B_Norte,Prudente,0.0,30.5,39.42,0.21,0,0,0,2026-09-28 17:02:00
2026-09-28 17:02:10,V0130,Onibus,No_B_Norte,Prudente,28.27,34.78,41.66,0.53,0,0,0,2026-09-28 17:02:00
2026-09-28 17:02:11,V0130,Onibus,No_B_Norte,Prudente,27.26,37.0,35.19,-0.98,0,0,0,2026-09-28 17:02:00
2026-09-28 17:02:12,V0130,Onibus,No_B_Norte,Prudente,25.98,39.85,44.96,1.04,0,0,0,2026-09-28 17:02:00
2026-09-28 17:02:13,V0130,Onibus,No_B_Norte,Prudente,24.99,42.03,34.56,-1.28,0,0,0,2026-09-28 17:02:00
2026-09-28 17:02:14,V0130,Onibus,No_B_Norte,Prudente,23.86,44.53,39.46,-0.8,0,0,0,2026-09-28 17:02:00
2026-09-28 17:02:15,V0130,Onibus,No_B_Norte,Prudente,22.83,46.8,35.9,-1.25,0,0,0,2026-09-28 17:02:00
2026-09-28 17:02:16,V0130,Onibus,No_B_Norte,Prudente,21.76,49.19,37.66,-1.15,0,0,0,2026-09-28 17:02:00
2026-09-28 17:02:17,V0130,Onibus,No_B_Norte,Prudente,20.77,50.0,34.52,0.3,0,0,0,2026-09-28 17:02:00
2026-09-28 17:02:18,V0130,Onibus,No_B_Norte,Prudente,19.63,50.0,39.72,0.48,0,0,0,2026-09-28 17:02:00
2026-09-28 17:02:19,V0130,Onibus,No_B_Norte,Prudente,18.72,50.0,31.75,0.01,0,0,0,2026-09-28 17:02:00
2026-09-28 17:02:11,V0131,Carro,No_C_Leste,Infrator,23.88,25.25,89.67,9.56,1,1,1,2026-09-28 17:02:00
2026-09-28 17:02:12,V0131,Carro,No_C_Leste,Infrator,23.92,20.01,75.51,10.24,1,1,1,2026-09-28 17:02:00
2026-09-28 17:02:13,V0131,Carro,No_C_Leste,Infrator,23.97,13.46,94.32,4.29,1,1,1,2026-09-28 17:02:00
2026-09-28 17:02:14,V0131,Carro,No_C_Leste,Infrator,24.02,6.77,96.36,1.68,1,0,1,2026-09-28 17:02:00
2026-09-28 17:02:15,V0131,Carro,No_C_Leste,Infrator,24.06,1.43,76.75,3.17,1,0,1,2026-09-28 17:02:00
2026-09-28 17:02:16,V0131,Carro,No_C_Leste,Infrator,24.1,0.0,79.71,1.83,1,0,1,2026-09-28 17:02:00
2026-09-28 17:02:17,V0131,Carro,No_C_Leste,Infrator,24.15,0.0,97.23,4.22,1,1,1,2026-09-28 17:02:00
2026-09-28 17:02:18,V0131,Carro,No_C_Leste,Infrator,24.2,0.0,88.53,3.29,1,0,1,2026-09-28 17:02:00
2026-09-28 17:02:19,V0131,Carro,No_C_Leste,Infrator,24.23,0.0,66.79,5.81,1,1,1,2026-09-28 17:02:00
2026-09-28 17:02:20,V0131,Carro,No_C_Leste,Infrator,24.27,0.0,65.88,4.79,1,1,1,2026-09-28 17:02:00
2026-09-28 17:02:12,V0132,Carro,No_A_Centro,Prudente,30.29,24.78,40.61,-1.01,0,0,0,2026-09-28 17:02:00
2026-09-28 17:02:13,V0132,Carro,No_A_Centro,Prudente,31.66,27.08,38.61,0.72,0,0,0,2026-09-28 17:02:00
2026-09-28 17:02:14,V0132,Carro,No_A_Centro,Prudente,33.24,29.72,44.26,1.25,0,0,0,2026-09-28 17:02:00
2026-09-28 17:02:15,V0132,Carro,No_A_Centro,Prudente,35.0,32.67,49.55,0.81,0,0,0,2026-09-28 17:02:00
2026-09-28 17:02:16,V0132,Carro,No_A_Centro,Prudente,36.38,34.99,38.92,0.86,0,0,0,2026-09-28 17:02:00
2026-09-28 17:02:17,V0132,Carro,No_A_Centro,Prudente,37.89,37.52,42.33,0.51,0,0,0,2026-09-28 17:02:00
2026-09-28 17:02:18,V0132,Carro,No_A_Centro,Prudente,39.34,39.96,40.89,-0.91,0,0,0,2026-09-28 17:02:00
2026-09-28 17:02:19,V0132,Carro,No_A_Centro,Prudente,40.58,42.04,34.86,-0.1,0,0,0,2026-09-28 17:02:00
2026-09-28 17:02:20,V0132,Carro,No_A_Centro,Prudente,42.03,44.47,40.74,-0.68,0,0,0,2026-09-28 17:02:00
2026-09-28 17:02:21,V0132,Carro,No_A_Centro,Prudente,43.53,46.98,42.12,2.08,0,0,0,2026-09-28 17:02:00
2026-09-28 17:02:13,V0133,Caminhao,No_A_Centro,Prudente,6.5,10.7,41.67,-0.16,0,0,0,2026-09-28 17:02:00
2026-09-28 17:02:14,V0133,Caminhao,No_A_Centro,Prudente,4.57,9.83,30.46,-0.86,0,0,0,2026-09-28 17:02:00
2026-09-28 17:02:15,V0133,Caminhao,No_A_Centro,Prudente,2.17,8.73,37.93,1.89,0,0,0,2026-09-28 17:02:00
2026-09-28 17:02:16,V0133,Caminhao,No_A_Centro,Prudente,0.0,7.5,42.78,-1.34,0,0,0,2026-09-28 17:02:00
2026-09-28 17:02:17,V0133,Caminhao,No_A_Centro,Prudente,0.0,6.28,42.43,-1.55,0,0,0,2026-09-28 17:02:00
2026-09-28 17:02:18,V0133,Caminhao,No_A_Centro,Prudente,0.0,4.98,45.41,-0.47,0,0,0,2026-09-28 17:02:00
2026-09-28 17:02:19,V0133,Caminhao,No_A_Centro,Prudente,0.0,3.84,39.53,1.33,0,0,0,2026-09-28 17:02:00
2026-09-28 17:02:20,V0133,Caminhao,No_A_Centro,Prudente,0.0,2.87,33.56,-1.4,0,0,0,2026-09-28 17:02:00
2026-09-28 17:02:21,V0133,Caminhao,No_A_Centro,Prudente,0.0,1.81,37.08,1.04,0,0,0,2026-09-28 17:02:00
2026-09-28 17:02:22,V0133,Caminhao,No_A_Centro,Prudente,0.0,0.88,32.4,-2.83,0,0,0,2026-09-28 17:02:00
2026-09-28 17:02:14,V0134,Caminhao,No_A_Centro,Prudente,36.48,15.85,42.42,0.46,0,0,0,2026-09-28 17:02:00
2026-09-28 17:02:15,V0134,Caminhao,No_A_Centro,Prudente,34.64,17.55,36.04,-2.24,0,0,0,2026-09-28 17:02:00
2026-09-28 17:02:16,V0134,Caminhao,No_A_Centro,Prudente,32.5,19.54,42.05,-0.19,0,0,0,2026-09-28 17:02:00
2026-09-28 17:02:17,V0134,Caminhao,No_A_Centro,Prudente,30.38,21.51,41.68,1.96,0,0,0,2026-09-28 17:02:00
2026-09-28 17:02:18,V0134,Caminhao,No_A_Centro,Prudente,28.35,23.39,39.87,-0.51,0,0,0,2026-09-28 17:02:00
2026-09-28 17:02:19,V0134,Caminhao,No_A_Centro,Prudente,26.6,25.01,34.26,-0.31,0,0,0,2026-09-28 17:02:00
2026-09-28 17:02:20,V0134,Caminhao,No_A_Centro,Prudente,24.53,26.94,40.8,0.05,0,0,0,2026-09-28 17:02:00
2026-09-28 17:02:21,V0134,Caminhao,No_A_Centro,Prudente,22.05,29.23,48.62,0.5,0,0,0,2026-09-28 17:02:00
2026-09-28 17:02:22,V0134,Caminhao,No_A_Centro,Prudente,20.05,31.09,39.33,-0.71,0,0,0,2026-09-28 17:02:00
2026-09-28 17:02:23,V0134,Caminhao,No_A_Centro,Prudente,17.94,33.04,41.33,-0.91,0,0,0,2026-09-28 17:02:00
2026-09-28 17:02:15,V0135,Carro,No_C_Leste,Agressivo,46.89,33.75,70.72,-1.1,1,0,1,2026-09-28 17:02:00
2026-09-28 17:02:16,V0135,Carro,No_C_Leste,Agressivo,50.0,36.14,74.27,2.33,1,0,1,2026-09-28 17:02:00
2026-09-28 17:02:17,V0135,Carro,No_C_Leste,Agressivo,50.0,38.35,68.4,5.39,1,1,1,2026-09-28 17:02:00
2026-09-28 17:02:18,V0135,Carro,No_C_Leste,Agressivo,50.0,40.09,54.03,1.58,0,0,0,2026-09-28 17:02:00
2026-09-28 17:02:19,V0135,Carro,No_C_Leste,Agressivo,50.0,42.11,62.69,1.43,1,0,1,2026-09-28 17:02:00
2026-09-28 17:02:20,V0135,Carro,No_C_Leste,Agressivo,50.0,44.65,78.88,1.29,1,0,1,2026-09-28 17:02:00
2026-09-28 17:02:21,V0135,Carro,No_C_Leste,Agressivo,50.0,46.6,60.56,3.41,1,0,1,2026-09-28 17:02:00
2026-09-28 17:02:22,V0135,Carro,No_C_Leste,Agressivo,50.0,48.39,55.38,2.21,0,0,0,2026-09-28 17:02:00
2026-09-28 17:02:23,V0135,Carro,No_C_Leste,Agressivo,50.0,50.0,67.54,2.33,1,0,1,2026-09-28 17:02:00
2026-09-28 17:02:24,V0135,Carro,No_C_Leste,Agressivo,50.0,50.0,64.25,1.94,1,0,1,2026-09-28 17:02:00
2026-09-28 17:02:16,V0136,Carro,No_C_Leste,Prudente,9.12,39.2,40.07,-1.58,0,0,0,2026-09-28 17:02:00
2026-09-28 17:02:17,V0136,Carro,No_C_Leste,Prudente,6.41,38.18,41.77,-0.26,0,0,0,2026-09-28 17:02:00
2026-09-28 17:02:18,V0136,Carro,No_C_Leste,Prudente,3.36,37.04,46.85,1.43,0,0,0,2026-09-28 17:02:00
2026-09-28 17:02:19,V0136,Carro,No_C_Leste,Prudente,0.28,35.89,47.32,-0.56,0,0,0,2026-09-28 17:02:00
2026-09-28 17:02:20,V0136,Carro,No_C_Leste,Prudente,0.0,34.67,49.95,0.35,0,0,0,2026-09-28 17:02:00
2026-09-28 17:02:21,V0136,Carro,No_C_Leste,Prudente,0.0,33.5,48.13,-0.5,0,0,0,2026-09-28 17:02:00
2026-09-28 17:02:22,V0136,Carro,No_C_Leste,Prudente,0.0,32.56,38.51,0.27,0,0,0,2026-09-28 17:02:00
2026-09-28 17:02:23,V0136,Carro,No_C_Leste,Prudente,0.0,31.57,40.76,1.25,0,0,0,2026-09-28 17:02:00
2026-09-28 17:02:24,V0136,Carro,No_C_Leste,Prudente,0.0,30.62,38.84,1.16,0,0,0,2026-09-28 17:02:00
2026-09-28 17:02:25,V0136,Carro,No_C_Leste,Prudente,0.0,29.56,43.66,-0.21,0,0,0,2026-09-28 17:02:00
2026-09-28 17:02:17,V0137,Onibus,No_A_Centro,Prudente,12.96,38.98,30.24,0.14,0,0,0,2026-09-28 17:02:00
2026-09-28 17:02:18,V0137,Onibus,No_A_Centro,Prudente,10.82,39.19,30.91,0.76,0,0,0,2026-09-28 17:02:00
2026-09-28 17:02:19,V0137,Onibus,No_A_Centro,Prudente,8.09,39.47,39.53,0.42,0,0,0,2026-09-28 17:02:00
2026-09-28 17:02:20,V0137,Onibus,No_A_Centro,Prudente,5.62,39.72,35.68,1.28,0,0,0,2026-09-28 17:02:00
2026-09-28 17:02:21,V0137,Onibus,No_A_Centro,Prudente,2.5,40.03,45.21,0.58,0,0,0,2026-09-28 17:02:00
2026-09-28 17:02:22,V0137,Onibus,No_A_Centro,Prudente,0.0,40.31,39.35,0.58,0,0,0,2026-09-28 17:02:00
2026-09-28 17:02:23,V0137,Onibus,No_A_Centro,Prudente,0.0,40.56,36.47,0.86,0,0,0,2026-09-28 17:02:00
2026-09-28 17:02:24,V0137,Onibus,No_A_Centro,Prudente,0.0,40.9,48.25,1.07,0,0,0,2026-09-28 17:02:00
2026-09-28 17:02:25,V0137,Onibus,No_A_Centro,Prudente,0.0,41.15,36.35,0.36,0,0,0,2026-09-28 17:02:00
2026-09-28 17:02:26,V0137,Onibus,No_A_Centro,Prudente,0.0,41.38,33.53,0.57,0,0,0,2026-09-28 17:02:00
2026-09-28 17:02:18,V0138,Moto,No_A_Centro,Prudente,14.98,28.18,38.36,-0.34,0,0,0,2026-09-28 17:02:00
2026-09-28 17:02:19,V0138,Moto,No_A_Centro,Prudente,12.12,29.82,47.48,-0.48,0,0,0,2026-09-28 17:02:00
2026-09-28 17:02:20,V0138,Moto,No_A_Centro,Prudente,9.96,31.06,35.8,-0.22,0,0,0,2026-09-28 17:02:00
2026-09-28 17:02:21,V0138,Moto,No_A_Centro,Prudente,7.89,32.24,34.34,0.34,0,0,0,2026-09-28 17:02:00
2026-09-28 17:02:22,V0138,Moto,No_A_Centro,Prudente,5.59,33.56,38.13,-0.51,0,0,0,2026-09-28 17:02:00
2026-09-28 17:02:23,V0138,Moto,No_A_Centro,Prudente,3.36,34.84,37.03,-0.11,0,0,0,2026-09-28 17:02:00
2026-09-28 17:02:24,V0138,Moto,No_A_Centro,Prudente,0.93,36.23,40.42,-0.52,0,0,0,2026-09-28 17:02:00
2026-09-28 17:02:25,V0138,Moto,No_A_Centro,Prudente,0.0,37.55,38.21,-0.08,0,0,0,2026-09-28 17:02:00
2026-09-28 17:02:26,V0138,Moto,No_A_Centro,Prudente,0.0,38.9,39.09,0.03,0,0,0,2026-09-28 17:02:00
2026-09-28 17:02:27,V0138,Moto,No_A_Centro,Prudente,0.0,40.17,36.62,1.0,0,0,0,2026-09-28 17:02:00
2026-09-28 17:02:19,V0139,Moto,No_C_Leste,Agressivo,2.98,31.25,65.33,3.89,1,0,1,2026-09-28 17:02:00
2026-09-28 17:02:20,V0139,Moto,No_C_Leste,Agressivo,0.0,34.28,72.61,0.96,1,0,1,2026-09-28 17:02:00
2026-09-28 17:02:21,V0139,Moto,No_C_Leste,Agressivo,0.0,37.14,68.79,2.46,1,0,1,2026-09-28 17:02:00
2026-09-28 17:02:22,V0139,Moto,No_C_Leste,Agressivo,0.0,40.13,71.77,-1.25,1,0,1,2026-09-28 17:02:00
2026-09-28 17:02:23,V0139,Moto,No_C_Leste,Agressivo,0.0,42.8,64.21,1.79,1,0,1,2026-09-28 17:02:00
2026-09-28 17:02:24,V0139,Moto,No_C_Leste,Agressivo,0.0,45.65,68.46,3.94,1,0,1,2026-09-28 17:02:00
2026-09-28 17:02:25,V0139,Moto,No_C_Leste,Agressivo,0.0,48.12,59.34,1.58,0,0,0,2026-09-28 17:02:00
2026-09-28 17:02:26,V0139,Moto,No_C_Leste,Agressivo,0.0,50.0,64.11,1.21,1,0,1,2026-09-28 17:02:00
2026-09-28 17:02:27,V0139,Moto,No_C_Leste,Agressivo,0.0,50.0,71.74,2.26,1,0,1,2026-09-28 17:02:00
2026-09-28 17:02:28,V0139,Moto,No_C_Leste,Agressivo,0.0,50.0,41.74,2.25,0,0,0,2026-09-28 17:02:00
2026-09-28 17:02:20,V0140,Moto,No_C_Leste,Prudente,15.56,20.25,41.26,-1.19,0,0,0,2026-09-28 17:02:00
2026-09-28 17:02:21,V0140,Moto,No_C_Leste,Prudente,12.62,19.69,43.04,0.71,0,0,0,2026-09-28 17:02:00
2026-09-28 17:02:22,V0140,Moto,No_C_Leste,Prudente,9.95,19.18,39.14,-0.17,0,0,0,2026-09-28 17:02:00
2026-09-28 17:02:23,V0140,Moto,No_C_Leste,Prudente,7.5,18.71,35.97,-1.35,0,0,0,2026-09-28 17:02:00
2026-09-28 17:02:24,V0140,Moto,No_C_Leste,Prudente,4.19,18.08,48.49,-0.87,0,0,0,2026-09-28 17:02:00
2026-09-28 17:02:25,V0140,Moto,No_C_Leste,Prudente,0.93,17.46,47.84,-0.86,0,0,0,2026-09-28 17:02:00
2026-09-28 17:02:26,V0140,Moto,No_C_Leste,Prudente,0.0,16.91,42.63,-1.14,0,0,0,2026-09-28 17:02:00
2026-09-28 17:02:27,V0140,Moto,No_C_Leste,Prudente,0.0,16.35,42.62,-0.33,0,0,0,2026-09-28 17:02:00
2026-09-28 17:02:28,V0140,Moto,No_C_Leste,Prudente,0.0,15.86,38.44,0.61,0,0,0,2026-09-28 17:02:00
2026-09-28 17:02:29,V0140,Moto,No_C_Leste,Prudente,0.0,15.37,37.65,-1.43,0,0,0,2026-09-28 17:02:00
2026-09-28 17:02:21,V0141,Carro,No_C_Leste,Infrator,17.65,26.05,94.78,6.57,1,1,1,2026-09-28 17:02:00
2026-09-28 17:02:22,V0141,Carro,No_C_Leste,Infrator,20.01,21.49,73.96,4.01,1,1,1,2026-09-28 17:02:00
2026-09-28 17:02:23,V0141,Carro,No_C_Leste,Infrator,22.48,16.73,77.2,8.99,1,1,1,2026-09-28 17:02:00
2026-09-28 17:02:24,V0141,Carro,No_C_Leste,Infrator,24.81,12.23,73.03,7.68,1,1,1,2026-09-28 17:02:00
2026-09-28 17:02:25,V0141,Carro,No_C_Leste,Infrator,27.81,6.43,93.93,10.49,1,1,1,2026-09-28 17:02:00
2026-09-28 17:02:26,V0141,Carro,No_C_Leste,Infrator,30.39,1.45,80.9,7.14,1,1,1,2026-09-28 17:02:00
2026-09-28 17:02:27,V0141,Carro,No_C_Leste,Infrator,33.84,0.0,107.82,3.15,1,0,1,2026-09-28 17:02:00
2026-09-28 17:02:28,V0141,Carro,No_C_Leste,Infrator,36.06,0.0,69.65,-0.64,1,0,1,2026-09-28 17:02:00
2026-09-28 17:02:29,V0141,Carro,No_C_Leste,Infrator,39.0,0.0,92.13,-0.65,1,0,1,2026-09-28 17:02:00
2026-09-28 17:02:30,V0141,Carro,No_C_Leste,Infrator,41.6,0.0,81.28,6.31,1,1,1,2026-09-28 17:02:00
2026-09-28 17:02:22,V0142,Carro,No_C_Leste,Agressivo,44.75,27.79,76.76,3.59,1,0,1,2026-09-28 17:02:00
2026-09-28 17:02:23,V0142,Carro,No_C_Leste,Agressivo,46.91,23.41,70.31,1.55,1,0,1,2026-09-28 17:02:00
2026-09-28 17:02:24,V0142,Carro,No_C_Leste,Agressivo,49.07,19.08,69.69,2.21,1,0,1,2026-09-28 17:02:00
2026-09-28 17:02:25,V0142,Carro,No_C_Leste,Agressivo,50.0,15.26,61.38,4.79,1,1,1,2026-09-28 17:02:00
2026-09-28 17:02:26,V0142,Carro,No_C_Leste,Agressivo,50.0,10.77,72.21,6.38,1,1,1,2026-09-28 17:02:00
2026-09-28 17:02:27,V0142,Carro,No_C_Leste,Agressivo,50.0,5.92,77.99,4.83,1,1,1,2026-09-28 17:02:00
2026-09-28 17:02:28,V0142,Carro,No_C_Leste,Agressivo,50.0,2.73,51.24,6.66,0,1,1,2026-09-28 17:02:00
2026-09-28 17:02:29,V0142,Carro,No_C_Leste,Agressivo,50.0,0.0,72.34,1.47,1,0,1,2026-09-28 17:02:00
2026-09-28 17:02:30,V0142,Carro,No_C_Leste,Agressivo,50.0,0.0,70.83,0.93,1,0,1,2026-09-28 17:02:00
2026-09-28 17:02:31,V0142,Carro,No_C_Leste,Agressivo,50.0,0.0,69.95,0.37,1,0,1,2026-09-28 17:02:00
2026-09-28 17:02:23,V0143,Moto,No_B_Norte,Prudente,37.56,14.81,41.42,-0.99,0,0,0,2026-09-28 17:02:00
2026-09-28 17:02:24,V0143,Moto,No_B_Norte,Prudente,39.87,15.72,35.77,1.25,0,0,0,2026-09-28 17:02:00
2026-09-28 17:02:25,V0143,Moto,No_B_Norte,Prudente,42.7,16.84,43.9,-0.04,0,0,0,2026-09-28 17:02:00
2026-09-28 17:02:26,V0143,Moto,No_B_Norte,Prudente,45.15,17.81,37.91,-2.03,0,0,0,2026-09-28 17:02:00
2026-09-28 17:02:27,V0143,Moto,No_B_Norte,Prudente,47.39,18.69,34.65,1.91,0,0,0,2026-09-28 17:02:00
2026-09-28 17:02:28,V0143,Moto,No_B_Norte,Prudente,49.56,19.55,33.6,0.19,0,0,0,2026-09-28 17:02:00
2026-09-28 17:02:29,V0143,Moto,No_B_Norte,Prudente,50.0,20.7,45.04,-1.25,0,0,0,2026-09-28 17:02:00
2026-09-28 17:02:30,V0143,Moto,No_B_Norte,Prudente,50.0,21.75,40.92,0.94,0,0,0,2026-09-28 17:02:00
2026-09-28 17:02:31,V0143,Moto,No_B_Norte,Prudente,50.0,22.77,40.06,2.87,0,0,0,2026-09-28 17:02:00
2026-09-28 17:02:32,V0143,Moto,No_B_Norte,Prudente,50.0,23.58,31.66,1.06,0,0,0,2026-09-28 17:02:00
2026-09-28 17:02:24,V0144,Carro,No_B_Norte,Prudente,43.2,23.17,35.01,1.04,0,0,0,2026-09-28 17:02:00
2026-09-28 17:02:25,V0144,Carro,No_B_Norte,Prudente,45.34,25.86,49.51,0.24,0,0,0,2026-09-28 17:02:00
2026-09-28 17:02:26,V0144,Carro,No_B_Norte,Prudente,47.09,28.07,40.56,0.15,0,0,0,2026-09-28 17:02:00
2026-09-28 17:02:27,V0144,Carro,No_B_Norte,Prudente,49.07,30.57,45.91,1.16,0,0,0,2026-09-28 17:02:00
2026-09-28 17:02:28,V0144,Carro,No_B_Norte,Prudente,50.0,32.71,39.42,0.25,0,0,0,2026-09-28 17:02:00
2026-09-28 17:02:29,V0144,Carro,No_B_Norte,Prudente,50.0,35.07,43.26,-1.14,0,0,0,2026-09-28 17:02:00
2026-09-28 17:02:30,V0144,Carro,No_B_Norte,Prudente,50.0,37.57,46.06,1.73,0,0,0,2026-09-28 17:02:00
2026-09-28 17:02:31,V0144,Carro,No_B_Norte,Prudente,50.0,40.07,45.83,-1.25,0,0,0,2026-09-28 17:02:00
2026-09-28 17:02:32,V0144,Carro,No_B_Norte,Prudente,50.0,41.71,30.15,0.71,0,0,0,2026-09-28 17:02:00
2026-09-28 17:02:33,V0144,Carro,No_B_Norte,Prudente,50.0,43.68,36.2,0.29,0,0,0,2026-09-28 17:02:00
2026-09-28 17:02:25,V0145,Carro,No_A_Centro,Prudente,21.54,31.74,35.42,1.36,0,0,0,2026-09-28 17:02:00
2026-09-28 17:02:26,V0145,Carro,No_A_Centro,Prudente,22.13,28.61,45.85,0.13,0,0,0,2026-09-28 17:02:00
2026-09-28 17:02:27,V0145,Carro,No_A_Centro,Prudente,22.65,25.86,40.4,0.55,0,0,0,2026-09-28 17:02:00
2026-09-28 17:02:28,V0145,Carro,No_A_Centro,Prudente,23.12,23.42,35.69,0.03,0,0,0,2026-09-28 17:02:00
2026-09-28 17:02:29,V0145,Carro,No_A_Centro,Prudente,23.49,21.43,29.24,0.88,0,0,0,2026-09-28 17:02:00
2026-09-28 17:02:30,V0145,Carro,No_A_Centro,Prudente,23.91,19.23,32.19,1.5,0,0,0,2026-09-28 17:02:00
2026-09-28 17:02:31,V0145,Carro,No_A_Centro,Prudente,24.41,16.61,38.35,-0.21,0,0,0,2026-09-28 17:02:00
2026-09-28 17:02:32,V0145,Carro,No_A_Centro,Prudente,24.88,14.1,36.86,-0.29,0,0,0,2026-09-28 17:02:00
2026-09-28 17:02:33,V0145,Carro,No_A_Centro,Prudente,25.49,10.89,47.09,-2.49,0,0,0,2026-09-28 17:02:00
2026-09-28 17:02:34,V0145,Carro,No_A_Centro,Prudente,26.09,7.72,46.38,0.34,0,0,0,2026-09-28 17:02:00
2026-09-28 17:02:26,V0146,Carro,No_B_Norte,Agressivo,13.83,20.21,74.65,5.28,1,1,1,2026-09-28 17:02:00
2026-09-28 17:02:27,V0146,Carro,No_B_Norte,Agressivo,10.5,22.54,58.66,2.2,0,0,0,2026-09-28 17:02:00
2026-09-28 17:02:28,V0146,Carro,No_B_Norte,Agressivo,7.22,24.84,57.66,3.65,0,0,0,2026-09-28 17:02:00
2026-09-28 17:02:29,V0146,Carro,No_B_Norte,Agressivo,2.73,27.98,78.86,4.41,1,1,1,2026-09-28 17:02:00
2026-09-28 17:02:30,V0146,Carro,No_B_Norte,Agressivo,0.0,30.91,73.29,4.64,1,1,1,2026-09-28 17:02:00
2026-09-28 17:02:31,V0146,Carro,No_B_Norte,Agressivo,0.0,33.5,65.0,5.17,1,1,1,2026-09-28 17:02:00
2026-09-28 17:02:32,V0146,Carro,No_B_Norte,Agressivo,0.0,36.32,70.96,5.88,1,1,1,2026-09-28 17:02:00
2026-09-28 17:02:33,V0146,Carro,No_B_Norte,Agressivo,0.0,38.77,61.32,-0.48,1,0,1,2026-09-28 17:02:00
2026-09-28 17:02:34,V0146,Carro,No_B_Norte,Agressivo,0.0,41.69,73.36,3.7,1,0,1,2026-09-28 17:02:00
2026-09-28 17:02:35,V0146,Carro,No_B_Norte,Agressivo,0.0,44.19,62.63,2.52,1,0,1,2026-09-28 17:02:00
2026-09-28 17:02:27,V0147,Onibus,No_C_Leste,Prudente,40.4,9.75,45.61,2.32,0,0,0,2026-09-28 17:02:00
2026-09-28 17:02:28,V0147,Onibus,No_C_Leste,Prudente,37.58,10.13,40.98,-0.9,0,0,0,2026-09-28 17:02:00
2026-09-28 17:02:29,V0147,Onibus,No_C_Leste,Prudente,35.36,10.43,32.26,0.26,0,0,0,2026-09-28 17:02:00
2026-09-28 17:02:30,V0147,Onibus,No_C_Leste,Prudente,32.23,10.86,45.52,0.48,0,0,0,2026-09-28 17:02:00
2026-09-28 17:02:31,V0147,Onibus,No_C_Leste,Prudente,29.48,11.23,39.99,-0.59,0,0,0,2026-09-28 17:02:00
2026-09-28 17:02:32,V0147,Onibus,No_C_Leste,Prudente,27.1,11.56,34.54,0.83,0,0,0,2026-09-28 17:02:00
2026-09-28 17:02:33,V0147,Onibus,No_C_Leste,Prudente,24.03,11.97,44.57,-1.55,0,0,0,2026-09-28 17:02:00
2026-09-28 17:02:34,V0147,Onibus,No_C_Leste,Prudente,20.73,12.42,47.95,0.57,0,0,0,2026-09-28 17:02:00
2026-09-28 17:02:35,V0147,Onibus,No_C_Leste,Prudente,17.5,12.86,47.0,-1.34,0,0,0,2026-09-28 17:02:00
2026-09-28 17:02:36,V0147,Onibus,No_C_Leste,Prudente,15.22,13.17,33.17,-0.15,0,0,0,2026-09-28 17:02:00
2026-09-28 17:02:28,V0148,Carro,No_A_Centro,Prudente,31.4,29.31,38.13,-0.16,0,0,0,2026-09-28 17:02:00
2026-09-28 17:02:29,V0148,Carro,No_A_Centro,Prudente,29.48,31.68,43.83,1.01,0,0,0,2026-09-28 17:02:00
2026-09-28 17:02:30,V0148,Carro,No_A_Centro,Prudente,27.46,34.16,46.12,-1.17,0,0,0,2026-09-28 17:02:00
2026-09-28 17:02:31,V0148,Carro,No_A_Centro,Prudente,25.4,36.7,47.13,-0.58,0,0,0,2026-09-28 17:02:00
2026-09-28 17:02:32,V0148,Carro,No_A_Centro,Prudente,24.14,38.25,28.72,-1.18,0,0,0,2026-09-28 17:02:00
2026-09-28 17:02:33,V0148,Carro,No_A_Centro,Prudente,22.34,40.46,41.09,-0.98,0,0,0,2026-09-28 17:02:00
2026-09-28 17:02:34,V0148,Carro,No_A_Centro,Prudente,20.6,42.59,39.56,0.34,0,0,0,2026-09-28 17:02:00
2026-09-28 17:02:35,V0148,Carro,No_A_Centro,Prudente,18.89,44.7,39.09,-0.49,0,0,0,2026-09-28 17:02:00
2026-09-28 17:02:36,V0148,Carro,No_A_Centro,Prudente,17.41,46.52,33.75,0.02,0,0,0,2026-09-28 17:02:00
2026-09-28 17:02:37,V0148,Carro,No_A_Centro,Prudente,16.11,48.12,29.68,-0.69,0,0,0,2026-09-28 17:02:00
2026-09-28 17:02:29,V0149,Carro,No_C_Leste,Agressivo,23.64,7.25,50.65,0.29,0,0,0,2026-09-28 17:02:00
2026-09-28 17:02:30,V0149,Carro,No_C_Leste,Agressivo,26.7,4.49,59.33,6.91,0,1,1,2026-09-28 17:02:00
2026-09-28 17:02:31,V0149,Carro,No_C_Leste,Agressivo,29.84,1.67,60.79,3.36,1,0,1,2026-09-28 17:02:00
2026-09-28 17:02:32,V0149,Carro,No_C_Leste,Agressivo,33.36,0.0,68.2,3.26,1,0,1,2026-09-28 17:02:00
2026-09-28 17:02:33,V0149,Carro,No_C_Leste,Agressivo,36.68,0.0,64.38,0.61,1,0,1,2026-09-28 17:02:00
2026-09-28 17:02:34,V0149,Carro,No_C_Leste,Agressivo,40.63,0.0,76.61,6.61,1,1,1,2026-09-28 17:02:00
2026-09-28 17:02:35,V0149,Carro,No_C_Leste,Agressivo,43.29,0.0,51.54,0.95,0,0,0,2026-09-28 17:02:00
2026-09-28 17:02:36,V0149,Carro,No_C_Leste,Agressivo,46.53,0.0,62.76,1.07,1,0,1,2026-09-28 17:02:00
2026-09-28 17:02:37,V0149,Carro,No_C_Leste,Agressivo,50.0,0.0,69.05,1.54,1,0,1,2026-09-28 17:02:00
2026-09-28 17:02:38,V0149,Carro,No_C_Leste,Agressivo,50.0,0.0,82.32,5.38,1,1,1,2026-09-28 17:02:00
2026-09-28 17:02:30,V0150,Carro,No_B_Norte,Prudente,38.27,30.42,40.92,1.39,0,0,0,2026-09-28 17:02:00
2026-09-28 17:02:31,V0150,Carro,No_B_Norte,Prudente,36.68,32.75,40.62,-0.79,0,0,0,2026-09-28 17:02:00
2026-09-28 17:02:32,V0150,Carro,No_B_Norte,Prudente,35.15,34.99,38.98,0.8,0,0,0,2026-09-28 17:02:00
2026-09-28 17:02:33,V0150,Carro,No_B_Norte,Prudente,33.73,37.06,36.15,-0.44,0,0,0,2026-09-28 17:02:00
2026-09-28 17:02:34,V0150,Carro,No_B_Norte,Prudente,32.21,39.29,38.89,-1.15,0,0,0,2026-09-28 17:02:00
2026-09-28 17:02:35,V0150,Carro,No_B_Norte,Prudente,30.79,41.36,36.22,0.17,0,0,0,2026-09-28 17:02:00
2026-09-28 17:02:36,V0150,Carro,No_B_Norte,Prudente,28.99,44.0,46.01,0.32,0,0,0,2026-09-28 17:02:00
2026-09-28 17:02:37,V0150,Carro,No_B_Norte,Prudente,27.43,46.28,39.77,-0.83,0,0,0,2026-09-28 17:02:00
2026-09-28 17:02:38,V0150,Carro,No_B_Norte,Prudente,25.64,48.89,45.48,0.43,0,0,0,2026-09-28 17:02:00
2026-09-28 17:02:39,V0150,Carro,No_B_Norte,Prudente,24.21,50.0,36.47,0.9,0,0,0,2026-09-28 17:02:00
2026-09-28 17:02:31,V0151,Carro,No_B_Norte,Agressivo,46.0,6.61,68.49,-2.06,1,0,1,2026-09-28 17:02:00
2026-09-28 17:02:32,V0151,Carro,No_B_Norte,Agressivo,49.46,3.16,70.46,3.25,1,0,1,2026-09-28 17:02:00
2026-09-28 17:02:33,V0151,Carro,No_B_Norte,Agressivo,50.0,0.05,63.22,7.09,1,1,1,2026-09-28 17:02:00
2026-09-28 17:02:34,V0151,Carro,No_B_Norte,Agressivo,50.0,0.0,59.6,2.19,0,0,0,2026-09-28 17:02:00
2026-09-28 17:02:35,V0151,Carro,No_B_Norte,Agressivo,50.0,0.0,80.93,1.34,1,0,1,2026-09-28 17:02:00
2026-09-28 17:02:36,V0151,Carro,No_B_Norte,Agressivo,50.0,0.0,60.6,2.71,1,0,1,2026-09-28 17:02:00
2026-09-28 17:02:37,V0151,Carro,No_B_Norte,Agressivo,50.0,0.0,71.73,3.42,1,0,1,2026-09-28 17:02:00
2026-09-28 17:02:38,V0151,Carro,No_B_Norte,Agressivo,50.0,0.0,54.66,1.94,0,0,0,2026-09-28 17:02:00
2026-09-28 17:02:39,V0151,Carro,No_B_Norte,Agressivo,50.0,0.0,60.14,2.85,1,0,1,2026-09-28 17:02:00
2026-09-28 17:02:40,V0151,Carro,No_B_Norte,Agressivo,50.0,0.0,68.41,3.84,1,0,1,2026-09-28 17:02:00
2026-09-28 17:02:32,V0152,Caminhao,No_C_Leste,Prudente,29.51,16.06,46.35,0.21,0,0,0,2026-09-28 17:02:00
2026-09-28 17:02:33,V0152,Caminhao,No_C_Leste,Prudente,30.5,13.01,46.21,0.57,0,0,0,2026-09-28 17:02:00
2026-09-28 17:02:34,V0152,Caminhao,No_C_Leste,Prudente,31.19,10.87,32.39,1.75,0,0,0,2026-09-28 17:02:00
2026-09-28 17:02:35,V0152,Caminhao,No_C_Leste,Prudente,32.05,8.21,40.26,0.58,0,0,0,2026-09-28 17:02:00
2026-09-28 17:02:36,V0152,Caminhao,No_C_Leste,Prudente,32.76,6.01,33.28,0.51,0,0,0,2026-09-28 17:02:00
2026-09-28 17:02:37,V0152,Caminhao,No_C_Leste,Prudente,33.73,3.0,45.51,1.94,0,0,0,2026-09-28 17:02:00
2026-09-28 17:02:38,V0152,Caminhao,No_C_Leste,Prudente,34.74,0.0,47.0,0.55,0,0,0,2026-09-28 17:02:00
2026-09-28 17:02:39,V0152,Caminhao,No_C_Leste,Prudente,35.43,0.0,32.28,0.13,0,0,0,2026-09-28 17:02:00
2026-09-28 17:02:40,V0152,Caminhao,No_C_Leste,Prudente,36.22,0.0,37.04,0.23,0,0,0,2026-09-28 17:02:00
2026-09-28 17:02:41,V0152,Caminhao,No_C_Leste,Prudente,36.94,0.0,33.92,-0.21,0,0,0,2026-09-28 17:02:00
2026-09-28 17:02:33,V0153,Carro,No_C_Leste,Agressivo,9.01,15.99,63.98,1.88,1,0,1,2026-09-28 17:02:00
2026-09-28 17:02:34,V0153,Carro,No_C_Leste,Agressivo,6.83,17.88,41.56,7.11,0,1,1,2026-09-28 17:02:00
2026-09-28 17:02:35,V0153,Carro,No_C_Leste,Agressivo,2.95,21.22,73.71,2.25,1,0,1,2026-09-28 17:02:00
2026-09-28 17:02:36,V0153,Carro,No_C_Leste,Agressivo,0.0,24.18,65.15,0.66,1,0,1,2026-09-28 17:02:00
2026-09-28 17:02:37,V0153,Carro,No_C_Leste,Agressivo,0.0,27.74,78.57,6.79,1,1,1,2026-09-28 17:02:00
2026-09-28 17:02:38,V0153,Carro,No_C_Leste,Agressivo,0.0,30.75,66.25,5.05,1,1,1,2026-09-28 17:02:00
2026-09-28 17:02:39,V0153,Carro,No_C_Leste,Agressivo,0.0,33.76,66.4,0.33,1,0,1,2026-09-28 17:02:00
2026-09-28 17:02:40,V0153,Carro,No_C_Leste,Agressivo,0.0,36.56,61.71,3.26,1,0,1,2026-09-28 17:02:00
2026-09-28 17:02:41,V0153,Carro,No_C_Leste,Agressivo,0.0,39.34,61.36,2.56,1,0,1,2026-09-28 17:02:00
2026-09-28 17:02:42,V0153,Carro,No_C_Leste,Agressivo,0.0,42.26,64.27,2.84,1,0,1,2026-09-28 17:02:00
2026-09-28 17:02:34,V0154,Carro,No_A_Centro,Agressivo,10.05,30.43,67.55,3.26,1,0,1,2026-09-28 17:02:00
2026-09-28 17:02:35,V0154,Carro,No_A_Centro,Agressivo,10.17,34.76,62.33,0.98,1,0,1,2026-09-28 17:02:00
2026-09-28 17:02:36,V0154,Carro,No_A_Centro,Agressivo,10.27,38.83,58.69,3.2,0,0,0,2026-09-28 17:02:00
2026-09-28 17:02:37,V0154,Carro,No_A_Centro,Agressivo,10.37,42.73,56.09,6.54,0,1,1,2026-09-28 17:02:00
2026-09-28 17:02:38,V0154,Carro,No_A_Centro,Agressivo,10.45,45.77,43.87,2.35,0,0,0,2026-09-28 17:02:00
2026-09-28 17:02:39,V0154,Carro,No_A_Centro,Agressivo,10.57,50.0,65.88,4.01,1,1,1,2026-09-28 17:02:00
2026-09-28 17:02:40,V0154,Carro,No_A_Centro,Agressivo,10.68,50.0,57.67,5.27,0,1,1,2026-09-28 17:02:00
2026-09-28 17:02:41,V0154,Carro,No_A_Centro,Agressivo,10.78,50.0,53.85,1.87,0,0,0,2026-09-28 17:02:00
2026-09-28 17:02:42,V0154,Carro,No_A_Centro,Agressivo,10.9,50.0,69.97,5.08,1,1,1,2026-09-28 17:02:00
2026-09-28 17:02:43,V0154,Carro,No_A_Centro,Agressivo,11.0,50.0,53.77,8.29,0,1,1,2026-09-28 17:02:00
2026-09-28 17:02:35,V0155,Moto,No_C_Leste,Prudente,41.29,11.04,45.9,-0.63,0,0,0,2026-09-28 17:02:00
2026-09-28 17:02:36,V0155,Moto,No_C_Leste,Prudente,40.75,13.78,40.23,0.05,0,0,0,2026-09-28 17:02:00
2026-09-28 17:02:37,V0155,Moto,No_C_Leste,Prudente,40.26,16.34,37.49,-1.37,0,0,0,2026-09-28 17:02:00
2026-09-28 17:02:38,V0155,Moto,No_C_Leste,Prudente,39.7,19.17,41.61,-0.06,0,0,0,2026-09-28 17:02:00
2026-09-28 17:02:39,V0155,Moto,No_C_Leste,Prudente,39.14,22.07,42.5,-0.53,0,0,0,2026-09-28 17:02:00
2026-09-28 17:02:40,V0155,Moto,No_C_Leste,Prudente,38.53,25.21,46.1,-0.88,0,0,0,2026-09-28 17:02:00
2026-09-28 17:02:41,V0155,Moto,No_C_Leste,Prudente,37.88,28.52,48.56,-1.75,0,0,0,2026-09-28 17:02:00
2026-09-28 17:02:42,V0155,Moto,No_C_Leste,Prudente,37.32,31.4,42.17,0.48,0,0,0,2026-09-28 17:02:00
2026-09-28 17:02:43,V0155,Moto,No_C_Leste,Prudente,36.85,33.85,36.02,0.42,0,0,0,2026-09-28 17:02:00
2026-09-28 17:02:44,V0155,Moto,No_C_Leste,Prudente,36.23,37.02,46.4,-2.22,0,0,0,2026-09-28 17:02:00
2026-09-28 17:02:36,V0156,Moto,No_A_Centro,Prudente,24.03,25.72,41.99,-0.83,0,0,0,2026-09-28 17:02:00
2026-09-28 17:02:37,V0156,Moto,No_A_Centro,Prudente,26.45,25.67,34.99,-0.28,0,0,0,2026-09-28 17:02:00
2026-09-28 17:02:38,V0156,Moto,No_A_Centro,Prudente,29.71,25.6,46.84,-1.17,0,0,0,2026-09-28 17:02:00
2026-09-28 17:02:39,V0156,Moto,No_A_Centro,Prudente,31.57,25.56,26.86,-0.52,0,0,0,2026-09-28 17:02:00
2026-09-28 17:02:40,V0156,Moto,No_A_Centro,Prudente,34.75,25.49,45.71,-1.73,0,0,0,2026-09-28 17:02:00
2026-09-28 17:02:41,V0156,Moto,No_A_Centro,Prudente,37.11,25.44,34.1,0.26,0,0,0,2026-09-28 17:02:00
2026-09-28 17:02:42,V0156,Moto,No_A_Centro,Prudente,40.78,25.36,52.85,-1.36,0,0,0,2026-09-28 17:02:00
2026-09-28 17:02:43,V0156,Moto,No_A_Centro,Prudente,43.07,25.3,33.02,0.34,0,0,0,2026-09-28 17:02:00
2026-09-28 17:02:44,V0156,Moto,No_A_Centro,Prudente,46.27,25.24,46.02,-0.62,0,0,0,2026-09-28 17:02:00
2026-09-28 17:02:45,V0156,Moto,No_A_Centro,Prudente,48.48,25.19,31.89,0.43,0,0,0,2026-09-28 17:02:00
2026-09-28 17:02:37,V0157,Carro,No_B_Norte,Agressivo,34.2,23.01,70.5,5.93,1,1,1,2026-09-28 17:02:00
2026-09-28 17:02:38,V0157,Carro,No_B_Norte,Agressivo,35.32,19.27,56.11,2.93,0,0,0,2026-09-28 17:02:00
2026-09-28 17:02:39,V0157,Carro,No_B_Norte,Agressivo,36.53,15.23,60.75,-0.14,1,0,1,2026-09-28 17:02:00
2026-09-28 17:02:40,V0157,Carro,No_B_Norte,Agressivo,37.87,10.72,67.77,8.02,1,1,1,2026-09-28 17:02:00
2026-09-28 17:02:41,V0157,Carro,No_B_Norte,Agressivo,38.87,7.38,50.28,2.94,0,0,0,2026-09-28 17:02:00
2026-09-28 17:02:42,V0157,Carro,No_B_Norte,Agressivo,40.27,2.71,70.12,3.25,1,0,1,2026-09-28 17:02:00
2026-09-28 17:02:43,V0157,Carro,No_B_Norte,Agressivo,41.54,0.0,64.09,0.4,1,0,1,2026-09-28 17:02:00
2026-09-28 17:02:44,V0157,Carro,No_B_Norte,Agressivo,42.87,0.0,66.86,1.49,1,0,1,2026-09-28 17:02:00
2026-09-28 17:02:45,V0157,Carro,No_B_Norte,Agressivo,43.82,0.0,47.48,5.39,0,1,1,2026-09-28 17:02:00
2026-09-28 17:02:46,V0157,Carro,No_B_Norte,Agressivo,45.26,0.0,72.67,3.1,1,0,1,2026-09-28 17:02:00
2026-09-28 17:02:38,V0158,Moto,No_B_Norte,Prudente,14.85,3.53,44.68,0.18,0,0,0,2026-09-28 17:02:00
2026-09-28 17:02:39,V0158,Moto,No_B_Norte,Prudente,16.93,1.08,46.27,0.39,0,0,0,2026-09-28 17:02:00
2026-09-28 17:02:40,V0158,Moto,No_B_Norte,Prudente,19.07,0.0,47.79,-0.44,0,0,0,2026-09-28 17:02:00
2026-09-28 17:02:41,V0158,Moto,No_B_Norte,Prudente,20.9,0.0,40.72,0.83,0,0,0,2026-09-28 17:02:00
2026-09-28 17:02:42,V0158,Moto,No_B_Norte,Prudente,22.56,0.0,37.14,-0.79,0,0,0,2026-09-28 17:02:00
2026-09-28 17:02:43,V0158,Moto,No_B_Norte,Prudente,24.21,0.0,36.85,-0.75,0,0,0,2026-09-28 17:02:00
2026-09-28 17:02:44,V0158,Moto,No_B_Norte,Prudente,26.12,0.0,42.61,-1.83,0,0,0,2026-09-28 17:02:00
2026-09-28 17:02:45,V0158,Moto,No_B_Norte,Prudente,27.57,0.0,32.22,1.86,0,0,0,2026-09-28 17:02:00
2026-09-28 17:02:46,V0158,Moto,No_B_Norte,Prudente,29.2,0.0,36.37,0.2,0,0,0,2026-09-28 17:02:00
2026-09-28 17:02:47,V0158,Moto,No_B_Norte,Prudente,30.66,0.0,32.55,0.09,0,0,0,2026-09-28 17:02:00
2026-09-28 17:02:39,V0159,Carro,No_A_Centro,Agressivo,18.27,16.29,73.55,4.21,1,1,1,2026-09-28 17:02:00
2026-09-28 17:02:40,V0159,Carro,No_A_Centro,Agressivo,20.46,10.92,83.43,0.04,1,0,1,2026-09-28 17:02:00
2026-09-28 17:02:41,V0159,Carro,No_A_Centro,Agressivo,22.44,6.1,75.07,5.29,1,1,1,2026-09-28 17:02:00
2026-09-28 17:02:42,V0159,Carro,No_A_Centro,Agressivo,23.94,2.42,57.21,5.01,0,1,1,2026-09-28 17:02:00
2026-09-28 17:02:43,V0159,Carro,No_A_Centro,Agressivo,25.73,0.0,67.69,2.55,1,0,1,2026-09-28 17:02:00
2026-09-28 17:02:44,V0159,Carro,No_A_Centro,Agressivo,27.26,0.0,58.41,1.56,0,0,0,2026-09-28 17:02:00
2026-09-28 17:02:45,V0159,Carro,No_A_Centro,Agressivo,29.41,0.0,81.4,3.0,1,0,1,2026-09-28 17:02:00
2026-09-28 17:02:46,V0159,Carro,No_A_Centro,Agressivo,31.28,0.0,71.26,1.42,1,0,1,2026-09-28 17:02:00
2026-09-28 17:02:47,V0159,Carro,No_A_Centro,Agressivo,32.83,0.0,58.76,5.16,0,1,1,2026-09-28 17:02:00
2026-09-28 17:02:48,V0159,Carro,No_A_Centro,Agressivo,34.25,0.0,54.2,2.17,0,0,0,2026-09-28 17:02:00
2026-09-28 17:02:40,V0160,Carro,No_B_Norte,Prudente,46.93,29.57,45.02,-0.7,0,0,0,2026-09-28 17:02:00
2026-09-28 17:02:41,V0160,Carro,No_B_Norte,Prudente,49.72,28.36,43.8,1.05,0,0,0,2026-09-28 17:02:00
2026-09-28 17:02:42,V0160,Carro,No_B_Norte,Prudente,50.0,27.26,39.52,0.42,0,0,0,2026-09-28 17:02:00
2026-09-28 17:02:43,V0160,Carro,No_B_Norte,Prudente,50.0,26.1,41.91,-0.82,0,0,0,2026-09-28 17:02:00
2026-09-28 17:02:44,V0160,Carro,No_B_Norte,Prudente,50.0,24.91,42.66,1.62,0,0,0,2026-09-28 17:02:00
2026-09-28 17:02:45,V0160,Carro,No_B_Norte,Prudente,50.0,23.8,40.11,-1.46,0,0,0,2026-09-28 17:02:00
2026-09-28 17:02:46,V0160,Carro,No_B_Norte,Prudente,50.0,22.78,36.56,-1.78,0,0,0,2026-09-28 17:02:00
2026-09-28 17:02:47,V0160,Carro,No_B_Norte,Prudente,50.0,21.49,46.45,0.76,0,0,0,2026-09-28 17:02:00
2026-09-28 17:02:48,V0160,Carro,No_B_Norte,Prudente,50.0,20.45,37.49,-1.42,0,0,0,2026-09-28 17:02:00
2026-09-28 17:02:49,V0160,Carro,No_B_Norte,Prudente,50.0,19.46,35.83,-0.64,0,0,0,2026-09-28 17:02:00
2026-09-28 17:02:41,V0161,Carro,No_A_Centro,Agressivo,33.08,44.83,68.37,3.53,1,0,1,2026-09-28 17:02:00
2026-09-28 17:02:42,V0161,Carro,No_A_Centro,Agressivo,30.11,47.98,62.29,3.74,1,0,1,2026-09-28 17:02:00
2026-09-28 17:02:43,V0161,Carro,No_A_Centro,Agressivo,27.07,50.0,64.01,3.92,1,0,1,2026-09-28 17:02:00
2026-09-28 17:02:44,V0161,Carro,No_A_Centro,Agressivo,24.16,50.0,61.02,2.63,1,0,1,2026-09-28 17:02:00
2026-09-28 17:02:45,V0161,Carro,No_A_Centro,Agressivo,21.44,50.0,57.08,2.93,0,0,0,2026-09-28 17:02:00
2026-09-28 17:02:46,V0161,Carro,No_A_Centro,Agressivo,18.66,50.0,58.51,0.77,0,0,0,2026-09-28 17:02:00
2026-09-28 17:02:47,V0161,Carro,No_A_Centro,Agressivo,15.46,50.0,67.07,3.43,1,0,1,2026-09-28 17:02:00
2026-09-28 17:02:48,V0161,Carro,No_A_Centro,Agressivo,12.07,50.0,71.26,2.14,1,0,1,2026-09-28 17:02:00
2026-09-28 17:02:49,V0161,Carro,No_A_Centro,Agressivo,8.82,50.0,68.26,4.1,1,1,1,2026-09-28 17:02:00
2026-09-28 17:02:50,V0161,Carro,No_A_Centro,Agressivo,5.56,50.0,68.56,1.35,1,0,1,2026-09-28 17:02:00
2026-09-28 17:02:42,V0162,Onibus,No_A_Centro,Agressivo,39.98,37.31,82.77,3.02,1,0,1,2026-09-28 17:02:00
2026-09-28 17:02:43,V0162,Onibus,No_A_Centro,Agressivo,38.05,40.74,56.63,3.06,0,0,0,2026-09-28 17:02:00
2026-09-28 17:02:44,V0162,Onibus,No_A_Centro,Agressivo,35.57,45.15,72.92,1.77,1,0,1,2026-09-28 17:02:00
2026-09-28 17:02:45,V0162,Onibus,No_A_Centro,Agressivo,33.39,49.02,63.97,3.68,1,0,1,2026-09-28 17:02:00
2026-09-28 17:02:46,V0162,Onibus,No_A_Centro,Agressivo,30.85,50.0,74.62,4.55,1,1,1,2026-09-28 17:02:00
2026-09-28 17:02:47,V0162,Onibus,No_A_Centro,Agressivo,28.41,50.0,71.53,2.15,1,0,1,2026-09-28 17:02:00
2026-09-28 17:02:48,V0162,Onibus,No_A_Centro,Agressivo,26.08,50.0,68.22,1.56,1,0,1,2026-09-28 17:02:00
2026-09-28 17:02:49,V0162,Onibus,No_A_Centro,Agressivo,23.64,50.0,71.76,5.3,1,1,1,2026-09-28 17:02:00
2026-09-28 17:02:50,V0162,Onibus,No_A_Centro,Agressivo,21.27,50.0,69.43,2.27,1,0,1,2026-09-28 17:02:00
2026-09-28 17:02:51,V0162,Onibus,No_A_Centro,Agressivo,19.11,50.0,63.37,6.61,1,1,1,2026-09-28 17:02:00
2026-09-28 17:02:43,V0163,Carro,No_C_Leste,Prudente,40.36,22.81,40.89,1.23,0,0,0,2026-09-28 17:02:00
2026-09-28 17:02:44,V0163,Carro,No_C_Leste,Prudente,41.83,25.41,43.02,-0.85,0,0,0,2026-09-28 17:02:00
2026-09-28 17:02:45,V0163,Carro,No_C_Leste,Prudente,43.61,28.58,52.43,0.26,0,0,0,2026-09-28 17:02:00
2026-09-28 17:02:46,V0163,Carro,No_C_Leste,Prudente,45.2,31.39,46.38,-0.15,0,0,0,2026-09-28 17:02:00
2026-09-28 17:02:47,V0163,Carro,No_C_Leste,Prudente,46.65,33.97,42.67,0.84,0,0,0,2026-09-28 17:02:00
2026-09-28 17:02:48,V0163,Carro,No_C_Leste,Prudente,48.22,36.76,46.09,1.06,0,0,0,2026-09-28 17:02:00
2026-09-28 17:02:49,V0163,Carro,No_C_Leste,Prudente,49.74,39.44,44.36,-0.32,0,0,0,2026-09-28 17:02:00
2026-09-28 17:02:50,V0163,Carro,No_C_Leste,Prudente,50.0,41.69,37.14,0.33,0,0,0,2026-09-28 17:02:00
2026-09-28 17:02:51,V0163,Carro,No_C_Leste,Prudente,50.0,44.39,44.67,-0.22,0,0,0,2026-09-28 17:02:00
2026-09-28 17:02:52,V0163,Carro,No_C_Leste,Prudente,50.0,47.13,45.33,1.45,0,0,0,2026-09-28 17:02:00
2026-09-28 17:02:44,V0164,Carro,No_A_Centro,Infrator,21.98,12.6,94.97,2.81,1,0,1,2026-09-28 17:02:00
2026-09-28 17:02:45,V0164,Carro,No_A_Centro,Infrator,26.84,10.75,74.77,4.09,1,1,1,2026-09-28 17:02:00
2026-09-28 17:02:46,V0164,Carro,No_A_Centro,Infrator,32.37,8.65,85.24,4.21,1,1,1,2026-09-28 17:02:00
2026-09-28 17:02:47,V0164,Carro,No_A_Centro,Infrator,37.85,6.56,84.39,5.66,1,1,1,2026-09-28 17:02:00
2026-09-28 17:02:48,V0164,Carro,No_A_Centro,Infrator,42.47,4.8,71.32,1.24,1,0,1,2026-09-28 17:02:00
2026-09-28 17:02:49,V0164,Carro,No_A_Centro,Infrator,46.22,3.37,57.78,7.83,0,1,1,2026-09-28 17:02:00
2026-09-28 17:02:50,V0164,Carro,No_A_Centro,Infrator,50.0,1.26,85.15,8.14,1,1,1,2026-09-28 17:02:00
2026-09-28 17:02:51,V0164,Carro,No_A_Centro,Infrator,50.0,0.0,73.62,5.07,1,1,1,2026-09-28 17:02:00
2026-09-28 17:02:52,V0164,Carro,No_A_Centro,Infrator,50.0,0.0,87.15,3.31,1,0,1,2026-09-28 17:02:00
2026-09-28 17:02:53,V0164,Carro,No_A_Centro,Infrator,50.0,0.0,69.47,10.24,1,1,1,2026-09-28 17:02:00
2026-09-28 17:02:45,V0165,Carro,No_A_Centro,Agressivo,23.49,40.92,68.97,5.14,1,1,1,2026-09-28 17:02:00
2026-09-28 17:02:46,V0165,Carro,No_A_Centro,Agressivo,24.78,44.54,55.4,-1.63,0,0,0,2026-09-28 17:02:00
2026-09-28 17:02:47,V0165,Carro,No_A_Centro,Agressivo,26.45,49.25,71.86,1.34,1,0,1,2026-09-28 17:02:00
2026-09-28 17:02:48,V0165,Carro,No_A_Centro,Agressivo,27.58,50.0,48.85,3.29,0,0,0,2026-09-28 17:02:00
2026-09-28 17:02:49,V0165,Carro,No_A_Centro,Agressivo,29.24,50.0,71.35,2.76,1,0,1,2026-09-28 17:02:00
2026-09-28 17:02:50,V0165,Carro,No_A_Centro,Agressivo,30.66,50.0,61.34,2.68,1,0,1,2026-09-28 17:02:00
2026-09-28 17:02:51,V0165,Carro,No_A_Centro,Agressivo,32.1,50.0,62.04,0.3,1,0,1,2026-09-28 17:02:00
2026-09-28 17:02:52,V0165,Carro,No_A_Centro,Agressivo,33.48,50.0,59.28,4.04,0,1,1,2026-09-28 17:02:00
2026-09-28 17:02:53,V0165,Carro,No_A_Centro,Agressivo,35.05,50.0,67.57,3.34,1,0,1,2026-09-28 17:02:00
2026-09-28 17:02:54,V0165,Carro,No_A_Centro,Agressivo,36.38,50.0,57.04,2.64,0,0,0,2026-09-28 17:02:00
2026-09-28 17:02:46,V0166,Carro,No_C_Leste,Prudente,23.18,21.28,47.28,0.81,0,0,0,2026-09-28 17:02:00
2026-09-28 17:02:47,V0166,Carro,No_C_Leste,Prudente,21.24,23.22,39.47,-0.45,0,0,0,2026-09-28 17:02:00
2026-09-28 17:02:48,V0166,Carro,No_C_Leste,Prudente,19.42,25.04,37.13,1.09,0,0,0,2026-09-28 17:02:00
2026-09-28 17:02:49,V0166,Carro,No_C_Leste,Prudente,16.99,27.48,49.52,-0.61,0,0,0,2026-09-28 17:02:00
2026-09-28 17:02:50,V0166,Carro,No_C_Leste,Prudente,14.75,29.72,45.69,0.03,0,0,0,2026-09-28 17:02:00
2026-09-28 17:02:51,V0166,Carro,No_C_Leste,Prudente,12.84,31.64,38.94,1.5,0,0,0,2026-09-28 17:02:00
2026-09-28 17:02:52,V0166,Carro,No_C_Leste,Prudente,10.88,33.6,39.95,0.3,0,0,0,2026-09-28 17:02:00
2026-09-28 17:02:53,V0166,Carro,No_C_Leste,Prudente,8.86,35.63,41.24,-1.63,0,0,0,2026-09-28 17:02:00
2026-09-28 17:02:54,V0166,Carro,No_C_Leste,Prudente,6.82,37.67,41.44,-0.56,0,0,0,2026-09-28 17:02:00
2026-09-28 17:02:55,V0166,Carro,No_C_Leste,Prudente,5.21,39.28,32.89,-0.52,0,0,0,2026-09-28 17:02:00
2026-09-28 17:02:47,V0167,Caminhao,No_B_Norte,Agressivo,39.66,14.89,58.74,1.48,0,0,0,2026-09-28 17:02:00
2026-09-28 17:02:48,V0167,Caminhao,No_B_Norte,Agressivo,41.32,11.77,50.83,3.94,0,0,0,2026-09-28 17:02:00
2026-09-28 17:02:49,V0167,Caminhao,No_B_Norte,Agressivo,42.95,8.68,50.35,0.54,0,0,0,2026-09-28 17:02:00
2026-09-28 17:02:50,V0167,Caminhao,No_B_Norte,Agressivo,44.53,5.71,48.4,2.83,0,0,0,2026-09-28 17:02:00
2026-09-28 17:02:51,V0167,Caminhao,No_B_Norte,Agressivo,46.6,1.79,63.8,2.35,1,0,1,2026-09-28 17:02:00
2026-09-28 17:02:52,V0167,Caminhao,No_B_Norte,Agressivo,48.44,0.0,56.66,0.66,0,0,0,2026-09-28 17:02:00
2026-09-28 17:02:53,V0167,Caminhao,No_B_Norte,Agressivo,50.0,0.0,68.71,1.9,1,0,1,2026-09-28 17:02:00
2026-09-28 17:02:54,V0167,Caminhao,No_B_Norte,Agressivo,50.0,0.0,67.53,1.23,1,0,1,2026-09-28 17:02:00
2026-09-28 17:02:55,V0167,Caminhao,No_B_Norte,Agressivo,50.0,0.0,66.45,5.61,1,1,1,2026-09-28 17:02:00
2026-09-28 17:02:56,V0167,Caminhao,No_B_Norte,Agressivo,50.0,0.0,69.69,2.18,1,0,1,2026-09-28 17:02:00
2026-09-28 17:02:48,V0168,Moto,No_C_Leste,Prudente,15.06,39.43,47.85,0.07,0,0,0,2026-09-28 17:02:00
2026-09-28 17:02:49,V0168,Moto,No_C_Leste,Prudente,17.61,39.65,36.8,-0.89,0,0,0,2026-09-28 17:02:00
2026-09-28 17:02:50,V0168,Moto,No_C_Leste,Prudente,20.08,39.85,35.74,-1.46,0,0,0,2026-09-28 17:02:00
2026-09-28 17:02:51,V0168,Moto,No_C_Leste,Prudente,23.18,40.11,44.66,-2.23,0,0,0,2026-09-28 17:02:00
2026-09-28 17:02:52,V0168,Moto,No_C_Leste,Prudente,26.11,40.35,42.44,-0.87,0,0,0,2026-09-28 17:02:00
2026-09-28 17:02:53,V0168,Moto,No_C_Leste,Prudente,28.7,40.57,37.44,-0.9,0,0,0,2026-09-28 17:02:00
2026-09-28 17:02:54,V0168,Moto,No_C_Leste,Prudente,31.97,40.84,47.23,0.02,0,0,0,2026-09-28 17:02:00
2026-09-28 17:02:55,V0168,Moto,No_C_Leste,Prudente,35.01,41.1,43.95,1.3,0,0,0,2026-09-28 17:02:00
2026-09-28 17:02:56,V0168,Moto,No_C_Leste,Prudente,37.84,41.33,40.82,-1.2,0,0,0,2026-09-28 17:02:00
2026-09-28 17:02:57,V0168,Moto,No_C_Leste,Prudente,40.53,41.56,38.9,-0.74,0,0,0,2026-09-28 17:02:00
2026-09-28 17:02:49,V0169,Onibus,No_B_Norte,Agressivo,20.89,10.84,61.94,2.75,1,0,1,2026-09-28 17:02:00
2026-09-28 17:02:50,V0169,Onibus,No_B_Norte,Agressivo,20.25,15.09,61.82,0.63,1,0,1,2026-09-28 17:02:00
2026-09-28 17:02:51,V0169,Onibus,No_B_Norte,Agressivo,19.61,19.33,61.8,3.54,1,0,1,2026-09-28 17:02:00
2026-09-28 17:02:52,V0169,Onibus,No_B_Norte,Agressivo,18.93,23.77,64.64,3.37,1,0,1,2026-09-28 17:02:00
2026-09-28 17:02:53,V0169,Onibus,No_B_Norte,Agressivo,18.31,27.86,59.64,5.34,0,1,1,2026-09-28 17:02:00
2026-09-28 17:02:54,V0169,Onibus,No_B_Norte,Agressivo,17.73,31.68,55.59,3.98,0,0,0,2026-09-28 17:02:00
2026-09-28 17:02:55,V0169,Onibus,No_B_Norte,Agressivo,16.95,36.79,74.46,3.96,1,0,1,2026-09-28 17:02:00
2026-09-28 17:02:56,V0169,Onibus,No_B_Norte,Agressivo,16.29,41.15,63.38,1.94,1,0,1,2026-09-28 17:02:00
2026-09-28 17:02:57,V0169,Onibus,No_B_Norte,Agressivo,15.53,46.18,73.29,0.15,1,0,1,2026-09-28 17:02:00
2026-09-28 17:02:58,V0169,Onibus,No_B_Norte,Agressivo,14.93,50.0,57.24,2.2,0,0,0,2026-09-28 17:02:00
2026-09-28 17:02:50,V0170,Moto,No_B_Norte,Prudente,26.88,39.38,38.61,-0.34,0,0,0,2026-09-28 17:02:00
2026-09-28 17:02:51,V0170,Moto,No_B_Norte,Prudente,25.03,41.08,36.09,-1.02,0,0,0,2026-09-28 17:02:00
2026-09-28 17:02:52,V0170,Moto,No_B_Norte,Prudente,22.68,43.23,45.92,1.67,0,0,0,2026-09-28 17:02:00
2026-09-28 17:02:53,V0170,Moto,No_B_Norte,Prudente,20.88,44.87,35.07,1.4,0,0,0,2026-09-28 17:02:00
2026-09-28 17:02:54,V0170,Moto,No_B_Norte,Prudente,18.95,46.63,37.56,0.53,0,0,0,2026-09-28 17:02:00
2026-09-28 17:02:55,V0170,Moto,No_B_Norte,Prudente,16.54,48.84,47.05,-0.15,0,0,0,2026-09-28 17:02:00
2026-09-28 17:02:56,V0170,Moto,No_B_Norte,Prudente,14.58,50.0,38.36,0.8,0,0,0,2026-09-28 17:02:00
2026-09-28 17:02:57,V0170,Moto,No_B_Norte,Prudente,12.81,50.0,34.45,1.15,0,0,0,2026-09-28 17:02:00
2026-09-28 17:02:58,V0170,Moto,No_B_Norte,Prudente,10.72,50.0,40.71,-0.58,0,0,0,2026-09-28 17:02:00
2026-09-28 17:02:59,V0170,Moto,No_B_Norte,Prudente,8.83,50.0,36.98,-1.38,0,0,0,2026-09-28 17:02:00
2026-09-28 17:02:51,V0171,Moto,No_C_Leste,Prudente,7.4,13.54,39.96,-0.22,0,0,0,2026-09-28 17:02:00
2026-09-28 17:02:52,V0171,Moto,No_C_Leste,Prudente,6.61,16.07,38.14,-0.73,0,0,0,2026-09-28 17:02:00
2026-09-28 17:02:53,V0171,Moto,No_C_Leste,Prudente,5.76,18.82,41.6,1.65,0,0,0,2026-09-28 17:02:00
2026-09-28 17:02:54,V0171,Moto,No_C_Leste,Prudente,4.92,21.52,40.7,1.0,0,0,0,2026-09-28 17:02:00
2026-09-28 17:02:55,V0171,Moto,No_C_Leste,Prudente,4.23,23.71,33.05,0.16,0,0,0,2026-09-28 17:02:00
2026-09-28 17:02:56,V0171,Moto,No_C_Leste,Prudente,3.52,26.0,34.51,-1.48,0,0,0,2026-09-28 17:02:00
2026-09-28 17:02:57,V0171,Moto,No_C_Leste,Prudente,2.77,28.41,36.3,1.19,0,0,0,2026-09-28 17:02:00
2026-09-28 17:02:58,V0171,Moto,No_C_Leste,Prudente,1.85,31.38,44.75,0.24,0,0,0,2026-09-28 17:02:00
2026-09-28 17:02:59,V0171,Moto,No_C_Leste,Prudente,1.19,33.52,32.34,-0.2,0,0,0,2026-09-28 17:02:00
2026-09-28 17:03:00,V0171,Moto,No_C_Leste,Prudente,0.33,36.28,41.51,0.18,0,0,0,2026-09-28 17:03:00
2026-09-28 17:02:52,V0172,Moto,No_B_Norte,Agressivo,26.02,17.68,60.39,-2.8,1,0,1,2026-09-28 17:02:00
2026-09-28 17:02:53,V0172,Moto,No_B_Norte,Agressivo,30.78,16.51,70.59,2.49,1,0,1,2026-09-28 17:02:00
2026-09-28 17:02:54,V0172,Moto,No_B_Norte,Agressivo,35.98,15.23,77.11,3.8,1,0,1,2026-09-28 17:02:00
2026-09-28 17:02:55,V0172,Moto,No_B_Norte,Agressivo,40.07,14.22,60.67,5.13,1,1,1,2026-09-28 17:02:00
2026-09-28 17:02:56,V0172,Moto,No_B_Norte,Agressivo,45.08,12.99,74.21,2.56,1,0,1,2026-09-28 17:02:00
2026-09-28 17:02:57,V0172,Moto,No_B_Norte,Agressivo,50.0,11.75,74.55,1.89,1,0,1,2026-09-28 17:02:00
2026-09-28 17:02:58,V0172,Moto,No_B_Norte,Agressivo,50.0,10.65,66.28,4.14,1,1,1,2026-09-28 17:02:00
2026-09-28 17:02:59,V0172,Moto,No_B_Norte,Agressivo,50.0,9.46,71.28,4.24,1,1,1,2026-09-28 17:02:00
2026-09-28 17:03:00,V0172,Moto,No_B_Norte,Agressivo,50.0,8.43,62.34,5.19,1,1,1,2026-09-28 17:03:00
2026-09-28 17:03:01,V0172,Moto,No_B_Norte,Agressivo,50.0,7.36,64.0,1.86,1,0,1,2026-09-28 17:03:00
2026-09-28 17:02:53,V0173,Carro,No_A_Centro,Agressivo,31.92,17.76,75.6,0.19,1,0,1,2026-09-28 17:02:00
2026-09-28 17:02:54,V0173,Carro,No_A_Centro,Agressivo,31.88,12.92,69.69,1.53,1,0,1,2026-09-28 17:02:00
2026-09-28 17:02:55,V0173,Carro,No_A_Centro,Agressivo,31.86,9.2,53.68,3.44,0,0,0,2026-09-28 17:02:00
2026-09-28 17:02:56,V0173,Carro,No_A_Centro,Agressivo,31.83,4.12,73.08,1.31,1,0,1,2026-09-28 17:02:00
2026-09-28 17:02:57,V0173,Carro,No_A_Centro,Agressivo,31.8,0.44,53.01,2.82,0,0,0,2026-09-28 17:02:00
2026-09-28 17:02:58,V0173,Carro,No_A_Centro,Agressivo,31.77,0.0,64.3,4.1,1,1,1,2026-09-28 17:02:00
2026-09-28 17:02:59,V0173,Carro,No_A_Centro,Agressivo,31.74,0.0,72.6,2.88,1,0,1,2026-09-28 17:02:00
2026-09-28 17:03:00,V0173,Carro,No_A_Centro,Agressivo,31.71,0.0,79.84,3.45,1,0,1,2026-09-28 17:03:00
2026-09-28 17:03:01,V0173,Carro,No_A_Centro,Agressivo,31.68,0.0,62.23,-0.22,1,0,1,2026-09-28 17:03:00
2026-09-28 17:03:02,V0173,Carro,No_A_Centro,Agressivo,31.65,0.0,62.9,2.33,1,0,1,2026-09-28 17:03:00
2026-09-28 17:02:54,V0174,Carro,No_B_Norte,Prudente,8.05,6.14,43.76,-1.19,0,0,0,2026-09-28 17:02:00
2026-09-28 17:02:55,V0174,Carro,No_B_Norte,Prudente,10.86,5.73,40.91,1.21,0,0,0,2026-09-28 17:02:00
2026-09-28 17:02:56,V0174,Carro,No_B_Norte,Prudente,13.77,5.32,42.37,-0.72,0,0,0,2026-09-28 17:02:00
2026-09-28 17:02:57,V0174,Carro,No_B_Norte,Prudente,17.04,4.85,47.59,0.66,0,0,0,2026-09-28 17:02:00
2026-09-28 17:02:58,V0174,Carro,No_B_Norte,Prudente,19.15,4.54,30.7,0.86,0,0,0,2026-09-28 17:02:00
2026-09-28 17:02:59,V0174,Carro,No_B_Norte,Prudente,21.71,4.18,37.14,0.2,0,0,0,2026-09-28 17:02:00
2026-09-28 17:03:00,V0174,Carro,No_B_Norte,Prudente,24.8,3.73,45.04,-0.55,0,0,0,2026-09-28 17:03:00
2026-09-28 17:03:01,V0174,Carro,No_B_Norte,Prudente,26.98,3.42,31.77,1.51,0,0,0,2026-09-28 17:03:00
2026-09-28 17:03:02,V0174,Carro,No_B_Norte,Prudente,30.13,2.96,45.82,-0.09,0,0,0,2026-09-28 17:03:00
2026-09-28 17:03:03,V0174,Carro,No_B_Norte,Prudente,33.18,2.53,44.27,-0.37,0,0,0,2026-09-28 17:03:00
2026-09-28 17:02:55,V0175,Carro,No_A_Centro,Prudente,10.07,33.88,38.6,-1.28,0,0,0,2026-09-28 17:02:00
2026-09-28 17:02:56,V0175,Carro,No_A_Centro,Prudente,11.77,31.46,42.58,-0.83,0,0,0,2026-09-28 17:02:00
2026-09-28 17:02:57,V0175,Carro,No_A_Centro,Prudente,13.8,28.57,50.92,0.57,0,0,0,2026-09-28 17:02:00
2026-09-28 17:02:58,V0175,Carro,No_A_Centro,Prudente,15.28,26.46,37.1,-0.61,0,0,0,2026-09-28 17:02:00
2026-09-28 17:02:59,V0175,Carro,No_A_Centro,Prudente,16.86,24.22,39.54,-0.24,0,0,0,2026-09-28 17:02:00
2026-09-28 17:03:00,V0175,Carro,No_A_Centro,Prudente,18.68,21.63,45.58,0.19,0,0,0,2026-09-28 17:03:00
2026-09-28 17:03:01,V0175,Carro,No_A_Centro,Prudente,20.14,19.56,36.34,1.89,0,0,0,2026-09-28 17:03:00
2026-09-28 17:03:02,V0175,Carro,No_A_Centro,Prudente,21.74,17.28,40.25,0.77,0,0,0,2026-09-28 17:03:00
2026-09-28 17:03:03,V0175,Carro,No_A_Centro,Prudente,23.22,15.18,36.96,0.36,0,0,0,2026-09-28 17:03:00
2026-09-28 17:03:04,V0175,Carro,No_A_Centro,Prudente,24.88,12.82,41.56,-1.89,0,0,0,2026-09-28 17:03:00
2026-09-28 17:02:56,V0176,Carro,No_A_Centro,Agressivo,30.25,33.63,76.66,0.01,1,0,1,2026-09-28 17:02:00
2026-09-28 17:02:57,V0176,Carro,No_A_Centro,Agressivo,32.54,37.57,65.62,3.25,1,0,1,2026-09-28 17:02:00
2026-09-28 17:02:58,V0176,Carro,No_A_Centro,Agressivo,34.45,40.86,54.8,3.76,0,0,0,2026-09-28 17:02:00
2026-09-28 17:02:59,V0176,Carro,No_A_Centro,Agressivo,37.03,45.3,73.93,6.02,1,1,1,2026-09-28 17:02:00
2026-09-28 17:03:00,V0176,Carro,No_A_Centro,Agressivo,39.23,49.08,63.01,8.0,1,1,1,2026-09-28 17:03:00
2026-09-28 17:03:01,V0176,Carro,No_A_Centro,Agressivo,40.92,50.0,48.54,3.71,0,0,0,2026-09-28 17:03:00
2026-09-28 17:03:02,V0176,Carro,No_A_Centro,Agressivo,42.79,50.0,53.7,3.18,0,0,0,2026-09-28 17:03:00
2026-09-28 17:03:03,V0176,Carro,No_A_Centro,Agressivo,44.91,50.0,60.82,4.01,1,1,1,2026-09-28 17:03:00
2026-09-28 17:03:04,V0176,Carro,No_A_Centro,Agressivo,47.15,50.0,63.98,1.35,1,0,1,2026-09-28 17:03:00
2026-09-28 17:03:05,V0176,Carro,No_A_Centro,Agressivo,49.2,50.0,58.92,6.86,0,1,1,2026-09-28 17:03:00
2026-09-28 17:02:57,V0177,Carro,No_B_Norte,Prudente,14.89,29.02,29.67,0.03,0,0,0,2026-09-28 17:02:00
2026-09-28 17:02:58,V0177,Carro,No_B_Norte,Prudente,13.71,30.7,29.61,-0.32,0,0,0,2026-09-28 17:02:00
2026-09-28 17:02:59,V0177,Carro,No_B_Norte,Prudente,11.8,33.45,48.22,0.36,0,0,0,2026-09-28 17:02:00
2026-09-28 17:03:00,V0177,Carro,No_B_Norte,Prudente,10.38,35.48,35.68,-0.03,0,0,0,2026-09-28 17:03:00
2026-09-28 17:03:01,V0177,Carro,No_B_Norte,Prudente,8.78,37.76,40.09,0.47,0,0,0,2026-09-28 17:03:00
2026-09-28 17:03:02,V0177,Carro,No_B_Norte,Prudente,7.47,39.65,33.17,0.59,0,0,0,2026-09-28 17:03:00
2026-09-28 17:03:03,V0177,Carro,No_B_Norte,Prudente,6.41,41.16,26.48,-0.63,0,0,0,2026-09-28 17:03:00
2026-09-28 17:03:04,V0177,Carro,No_B_Norte,Prudente,4.92,43.3,37.56,0.63,0,0,0,2026-09-28 17:03:00
2026-09-28 17:03:05,V0177,Carro,No_B_Norte,Prudente,3.33,45.58,40.11,-1.41,0,0,0,2026-09-28 17:03:00
2026-09-28 17:03:06,V0177,Carro,No_B_Norte,Prudente,1.93,47.58,35.08,0.2,0,0,0,2026-09-28 17:03:00
2026-09-28 17:02:58,V0178,Carro,No_A_Centro,Prudente,8.07,4.36,45.89,-0.21,0,0,0,2026-09-28 17:02:00
2026-09-28 17:02:59,V0178,Carro,No_A_Centro,Prudente,9.38,2.12,37.4,-1.58,0,0,0,2026-09-28 17:02:00
2026-09-28 17:03:00,V0178,Carro,No_A_Centro,Prudente,10.77,0.0,39.69,-0.55,0,0,0,2026-09-28 17:03:00
2026-09-28 17:03:01,V0178,Carro,No_A_Centro,Prudente,12.46,0.0,48.42,1.84,0,0,0,2026-09-28 17:03:00
2026-09-28 17:03:02,V0178,Carro,No_A_Centro,Prudente,13.65,0.0,33.82,-1.12,0,0,0,2026-09-28 17:03:00
2026-09-28 17:03:03,V0178,Carro,No_A_Centro,Prudente,15.0,0.0,38.62,-0.82,0,0,0,2026-09-28 17:03:00
2026-09-28 17:03:04,V0178,Carro,No_A_Centro,Prudente,16.44,0.0,41.09,-0.33,0,0,0,2026-09-28 17:03:00
2026-09-28 17:03:05,V0178,Carro,No_A_Centro,Prudente,17.89,0.0,41.4,1.02,0,0,0,2026-09-28 17:03:00
2026-09-28 17:03:06,V0178,Carro,No_A_Centro,Prudente,19.11,0.0,34.68,1.0,0,0,0,2026-09-28 17:03:00
2026-09-28 17:03:07,V0178,Carro,No_A_Centro,Prudente,20.38,0.0,36.36,2.15,0,0,0,2026-09-28 17:03:00
2026-09-28 17:02:59,V0179,Carro,No_C_Leste,Infrator,23.03,41.45,90.17,4.34,1,1,1,2026-09-28 17:02:00
2026-09-28 17:03:00,V0179,Carro,No_C_Leste,Infrator,21.86,47.22,84.78,2.93,1,0,1,2026-09-28 17:03:00
2026-09-28 17:03:01,V0179,Carro,No_C_Leste,Infrator,20.66,50.0,87.05,7.3,1,1,1,2026-09-28 17:03:00
2026-09-28 17:03:02,V0179,Carro,No_C_Leste,Infrator,19.7,50.0,68.84,5.9,1,1,1,2026-09-28 17:03:00
2026-09-28 17:03:03,V0179,Carro,No_C_Leste,Infrator,18.4,50.0,94.32,3.75,1,0,1,2026-09-28 17:03:00
2026-09-28 17:03:05,V0179,Carro,No_C_Leste,Infrator,15.96,50.0,83.96,6.18,1,1,1,2026-09-28 17:03:00
2026-09-28 17:03:06,V0179,Carro,No_C_Leste,Infrator,14.89,50.0,77.62,5.54,1,1,1,2026-09-28 17:03:00
2026-09-28 17:03:07,V0179,Carro,No_C_Leste,Infrator,13.65,50.0,89.6,5.58,1,1,1,2026-09-28 17:03:00
2026-09-28 17:03:08,V0179,Carro,No_C_Leste,Infrator,12.62,50.0,74.8,5.62,1,1,1,2026-09-28 17:03:00
2026-09-28 17:03:00,V0180,Carro,No_C_Leste,Prudente,25.86,37.26,41.64,0.84,0,0,0,2026-09-28 17:03:00
2026-09-28 17:03:01,V0180,Carro,No_C_Leste,Prudente,23.48,38.85,41.25,0.81,0,0,0,2026-09-28 17:03:00
2026-09-28 17:03:02,V0180,Carro,No_C_Leste,Prudente,21.28,40.31,38.02,-0.77,0,0,0,2026-09-28 17:03:00
2026-09-28 17:03:03,V0180,Carro,No_C_Leste,Prudente,18.75,42.0,43.82,1.13,0,0,0,2026-09-28 17:03:00
2026-09-28 17:03:04,V0180,Carro,No_C_Leste,Prudente,16.7,43.36,35.43,-0.58,0,0,0,2026-09-28 17:03:00
2026-09-28 17:03:05,V0180,Carro,No_C_Leste,Prudente,14.44,44.87,39.18,1.62,0,0,0,2026-09-28 17:03:00
2026-09-28 17:03:06,V0180,Carro,No_C_Leste,Prudente,11.97,46.52,42.82,-1.32,0,0,0,2026-09-28 17:03:00
2026-09-28 17:03:07,V0180,Carro,No_C_Leste,Prudente,9.68,48.05,39.54,-0.25,0,0,0,2026-09-28 17:03:00
2026-09-28 17:03:08,V0180,Carro,No_C_Leste,Prudente,7.71,49.36,34.13,-0.1,0,0,0,2026-09-28 17:03:00
2026-09-28 17:03:09,V0180,Carro,No_C_Leste,Prudente,5.48,50.0,38.55,-0.36,0,0,0,2026-09-28 17:03:00
2026-09-28 17:03:01,V0181,Carro,No_B_Norte,Prudente,32.8,20.73,46.56,-0.22,0,0,0,2026-09-28 17:03:00
2026-09-28 17:03:02,V0181,Carro,No_B_Norte,Prudente,29.98,19.5,44.3,0.08,0,0,0,2026-09-28 17:03:00
2026-09-28 17:03:03,V0181,Carro,No_B_Norte,Prudente,27.07,18.23,45.7,-0.39,0,0,0,2026-09-28 17:03:00
2026-09-28 17:03:04,V0181,Carro,No_B_Norte,Prudente,24.87,17.27,34.51,1.42,0,0,0,2026-09-28 17:03:00
2026-09-28 17:03:05,V0181,Carro,No_B_Norte,Prudente,22.36,16.18,39.43,0.22,0,0,0,2026-09-28 17:03:00
2026-09-28 17:03:06,V0181,Carro,No_B_Norte,Prudente,19.42,14.9,46.17,-1.03,0,0,0,2026-09-28 17:03:00
2026-09-28 17:03:07,V0181,Carro,No_B_Norte,Prudente,16.69,13.71,42.98,-0.59,0,0,0,2026-09-28 17:03:00
2026-09-28 17:03:08,V0181,Carro,No_B_Norte,Prudente,14.18,12.61,39.34,0.07,0,0,0,2026-09-28 17:03:00
2026-09-28 17:03:09,V0181,Carro,No_B_Norte,Prudente,12.11,11.71,32.5,-0.78,0,0,0,2026-09-28 17:03:00
2026-09-28 17:03:10,V0181,Carro,No_B_Norte,Prudente,9.14,10.42,46.76,0.89,0,0,0,2026-09-28 17:03:00
2026-09-28 17:03:02,V0182,Carro,No_B_Norte,Prudente,45.07,17.11,45.27,-0.19,0,0,0,2026-09-28 17:03:00
2026-09-28 17:03:03,V0182,Carro,No_B_Norte,Prudente,45.88,14.7,36.62,-1.09,0,0,0,2026-09-28 17:03:00
2026-09-28 17:03:04,V0182,Carro,No_B_Norte,Prudente,46.71,12.26,37.06,1.42,0,0,0,2026-09-28 17:03:00
2026-09-28 17:03:05,V0182,Carro,No_B_Norte,Prudente,47.48,9.99,34.58,2.12,0,0,0,2026-09-28 17:03:00
2026-09-28 17:03:06,V0182,Carro,No_B_Norte,Prudente,48.27,7.63,35.8,0.75,0,0,0,2026-09-28 17:03:00
2026-09-28 17:03:07,V0182,Carro,No_B_Norte,Prudente,49.14,5.05,39.27,-0.32,0,0,0,2026-09-28 17:03:00
2026-09-28 17:03:08,V0182,Carro,No_B_Norte,Prudente,49.89,2.83,33.64,-0.1,0,0,0,2026-09-28 17:03:00
2026-09-28 17:03:09,V0182,Carro,No_B_Norte,Prudente,50.0,0.58,34.21,-1.68,0,0,0,2026-09-28 17:03:00
2026-09-28 17:03:10,V0182,Carro,No_B_Norte,Prudente,50.0,0.0,40.6,-0.64,0,0,0,2026-09-28 17:03:00
2026-09-28 17:03:11,V0182,Carro,No_B_Norte,Prudente,50.0,0.0,48.42,1.0,0,0,0,2026-09-28 17:03:00
2026-09-28 17:03:03,V0183,Moto,No_C_Leste,Agressivo,18.07,35.37,63.06,3.0,1,0,1,2026-09-28 17:03:00
2026-09-28 17:03:04,V0183,Moto,No_C_Leste,Agressivo,13.74,38.09,73.56,5.54,1,1,1,2026-09-28 17:03:00
2026-09-28 17:03:05,V0183,Moto,No_C_Leste,Agressivo,9.97,40.46,64.11,2.22,1,0,1,2026-09-28 17:03:00
2026-09-28 17:03:06,V0183,Moto,No_C_Leste,Agressivo,6.17,42.84,64.55,3.68,1,0,1,2026-09-28 17:03:00
2026-09-28 17:03:07,V0183,Moto,No_C_Leste,Agressivo,1.93,45.51,72.13,3.01,1,0,1,2026-09-28 17:03:00
2026-09-28 17:03:08,V0183,Moto,No_C_Leste,Agressivo,0.0,48.09,69.95,6.28,1,1,1,2026-09-28 17:03:00
2026-09-28 17:03:09,V0183,Moto,No_C_Leste,Agressivo,0.0,50.0,68.05,3.62,1,0,1,2026-09-28 17:03:00
2026-09-28 17:03:10,V0183,Moto,No_C_Leste,Agressivo,0.0,50.0,52.85,-2.26,0,0,0,2026-09-28 17:03:00
2026-09-28 17:03:11,V0183,Moto,No_C_Leste,Agressivo,0.0,50.0,68.11,2.81,1,0,1,2026-09-28 17:03:00
2026-09-28 17:03:12,V0183,Moto,No_C_Leste,Agressivo,0.0,50.0,60.88,3.49,1,0,1,2026-09-28 17:03:00
2026-09-28 17:03:04,V0184,Carro,No_B_Norte,Prudente,41.35,25.07,29.01,1.32,0,0,0,2026-09-28 17:03:00
2026-09-28 17:03:05,V0184,Carro,No_B_Norte,Prudente,43.79,26.19,38.75,0.32,0,0,0,2026-09-28 17:03:00
2026-09-28 17:03:06,V0184,Carro,No_B_Norte,Prudente,46.38,27.39,41.12,1.26,0,0,0,2026-09-28 17:03:00
2026-09-28 17:03:07,V0184,Carro,No_B_Norte,Prudente,48.32,28.28,30.69,0.11,0,0,0,2026-09-28 17:03:00
2026-09-28 17:03:08,V0184,Carro,No_B_Norte,Prudente,50.0,29.61,45.73,-0.1,0,0,0,2026-09-28 17:03:00
2026-09-28 17:03:09,V0184,Carro,No_B_Norte,Prudente,50.0,30.63,35.24,-0.6,0,0,0,2026-09-28 17:03:00
2026-09-28 17:03:10,V0184,Carro,No_B_Norte,Prudente,50.0,31.74,38.04,-0.72,0,0,0,2026-09-28 17:03:00
2026-09-28 17:03:11,V0184,Carro,No_B_Norte,Prudente,50.0,32.88,39.24,1.51,0,0,0,2026-09-28 17:03:00
2026-09-28 17:03:12,V0184,Carro,No_B_Norte,Prudente,50.0,33.96,37.01,-0.49,0,0,0,2026-09-28 17:03:00
2026-09-28 17:03:13,V0184,Carro,No_B_Norte,Prudente,50.0,35.19,42.3,-0.17,0,0,0,2026-09-28 17:03:00
2026-09-28 17:03:05,V0185,Carro,No_B_Norte,Agressivo,13.22,45.04,79.51,2.31,1,0,1,2026-09-28 17:03:00
2026-09-28 17:03:06,V0185,Carro,No_B_Norte,Agressivo,8.58,45.47,67.23,1.98,1,0,1,2026-09-28 17:03:00
2026-09-28 17:03:07,V0185,Carro,No_B_Norte,Agressivo,4.55,45.84,58.23,1.83,0,0,0,2026-09-28 17:03:00
2026-09-28 17:03:08,V0185,Carro,No_B_Norte,Agressivo,0.32,46.24,61.17,3.72,1,0,1,2026-09-28 17:03:00
2026-09-28 17:03:09,V0185,Carro,No_B_Norte,Agressivo,0.0,46.78,83.79,1.57,1,0,1,2026-09-28 17:03:00
2026-09-28 17:03:10,V0185,Carro,No_B_Norte,Agressivo,0.0,47.17,61.67,2.87,1,0,1,2026-09-28 17:03:00
2026-09-28 17:03:11,V0185,Carro,No_B_Norte,Agressivo,0.0,47.61,68.17,3.53,1,0,1,2026-09-28 17:03:00
2026-09-28 17:03:12,V0185,Carro,No_B_Norte,Agressivo,0.0,48.1,75.27,-1.85,1,0,1,2026-09-28 17:03:00
2026-09-28 17:03:13,V0185,Carro,No_B_Norte,Agressivo,0.0,48.39,45.9,2.01,0,0,0,2026-09-28 17:03:00
2026-09-28 17:03:14,V0185,Carro,No_B_Norte,Agressivo,0.0,48.87,73.78,-0.13,1,0,1,2026-09-28 17:03:00
2026-09-28 17:03:06,V0186,Moto,No_C_Leste,Prudente,39.91,43.36,31.29,-0.37,0,0,0,2026-09-28 17:03:00
2026-09-28 17:03:07,V0186,Moto,No_C_Leste,Prudente,37.7,43.24,31.77,0.6,0,0,0,2026-09-28 17:03:00
2026-09-28 17:03:08,V0186,Moto,No_C_Leste,Prudente,35.17,43.09,36.62,-1.57,0,0,0,2026-09-28 17:03:00
2026-09-28 17:03:09,V0186,Moto,No_C_Leste,Prudente,32.67,42.95,36.03,0.15,0,0,0,2026-09-28 17:03:00
2026-09-28 17:03:10,V0186,Moto,No_C_Leste,Prudente,29.96,42.8,38.97,-1.17,0,0,0,2026-09-28 17:03:00
2026-09-28 17:03:11,V0186,Moto,No_C_Leste,Prudente,27.78,42.68,31.48,0.07,0,0,0,2026-09-28 17:03:00
2026-09-28 17:03:12,V0186,Moto,No_C_Leste,Prudente,25.21,42.53,37.1,-0.26,0,0,0,2026-09-28 17:03:00
2026-09-28 17:03:13,V0186,Moto,No_C_Leste,Prudente,22.49,42.38,39.2,0.43,0,0,0,2026-09-28 17:03:00
2026-09-28 17:03:14,V0186,Moto,No_C_Leste,Prudente,19.43,42.21,44.23,0.15,0,0,0,2026-09-28 17:03:00
2026-09-28 17:03:15,V0186,Moto,No_C_Leste,Prudente,16.76,42.06,38.4,0.02,0,0,0,2026-09-28 17:03:00
2026-09-28 17:03:07,V0187,Carro,No_A_Centro,Infrator,13.15,17.26,88.24,-0.41,1,0,1,2026-09-28 17:03:00
2026-09-28 17:03:08,V0187,Carro,No_A_Centro,Infrator,11.66,13.29,61.08,7.53,1,1,1,2026-09-28 17:03:00
2026-09-28 17:03:09,V0187,Carro,No_A_Centro,Infrator,9.59,7.76,84.94,8.54,1,1,1,2026-09-28 17:03:00
2026-09-28 17:03:10,V0187,Carro,No_A_Centro,Infrator,7.86,3.13,71.27,6.56,1,1,1,2026-09-28 17:03:00
2026-09-28 17:03:11,V0187,Carro,No_A_Centro,Infrator,5.33,0.0,103.69,6.26,1,1,1,2026-09-28 17:03:00
2026-09-28 17:03:12,V0187,Carro,No_A_Centro,Infrator,3.19,0.0,87.77,5.03,1,1,1,2026-09-28 17:03:00
2026-09-28 17:03:13,V0187,Carro,No_A_Centro,Infrator,1.5,0.0,69.29,9.07,1,1,1,2026-09-28 17:03:00
2026-09-28 17:03:14,V0187,Carro,No_A_Centro,Infrator,0.0,0.0,78.89,6.51,1,1,1,2026-09-28 17:03:00
2026-09-28 17:03:15,V0187,Carro,No_A_Centro,Infrator,0.0,0.0,69.37,1.46,1,0,1,2026-09-28 17:03:00
2026-09-28 17:03:16,V0187,Carro,No_A_Centro,Infrator,0.0,0.0,99.35,3.96,1,0,1,2026-09-28 17:03:00
2026-09-28 17:03:08,V0188,Carro,No_B_Norte,Prudente,21.57,35.3,45.37,-0.55,0,0,0,2026-09-28 17:03:00
2026-09-28 17:03:09,V0188,Carro,No_B_Norte,Prudente,19.34,34.14,36.2,-0.72,0,0,0,2026-09-28 17:03:00
2026-09-28 17:03:10,V0188,Carro,No_B_Norte,Prudente,17.41,33.13,31.41,0.03,0,0,0,2026-09-28 17:03:00
2026-09-28 17:03:11,V0188,Carro,No_B_Norte,Prudente,15.84,32.32,25.48,0.59,0,0,0,2026-09-28 17:03:00
2026-09-28 17:03:12,V0188,Carro,No_B_Norte,Prudente,13.36,31.02,40.36,0.47,0,0,0,2026-09-28 17:03:00
2026-09-28 17:03:13,V0188,Carro,No_B_Norte,Prudente,10.57,29.57,45.29,0.2,0,0,0,2026-09-28 17:03:00
2026-09-28 17:03:14,V0188,Carro,No_B_Norte,Prudente,7.6,28.02,48.16,0.62,0,0,0,2026-09-28 17:03:00
2026-09-28 17:03:15,V0188,Carro,No_B_Norte,Prudente,5.37,26.86,36.21,-0.24,0,0,0,2026-09-28 17:03:00
2026-09-28 17:03:16,V0188,Carro,No_B_Norte,Prudente,3.6,25.94,28.69,-0.9,0,0,0,2026-09-28 17:03:00
2026-09-28 17:03:17,V0188,Carro,No_B_Norte,Prudente,1.26,24.71,38.1,0.55,0,0,0,2026-09-28 17:03:00
2026-09-28 17:03:09,V0189,Carro,No_A_Centro,Agressivo,43.74,48.26,71.08,2.42,1,0,1,2026-09-28 17:03:00
2026-09-28 17:03:10,V0189,Carro,No_A_Centro,Agressivo,43.81,50.0,64.52,3.99,1,0,1,2026-09-28 17:03:00
2026-09-28 17:03:11,V0189,Carro,No_A_Centro,Agressivo,43.88,50.0,67.33,-0.99,1,0,1,2026-09-28 17:03:00
2026-09-28 17:03:12,V0189,Carro,No_A_Centro,Agressivo,43.94,50.0,56.03,4.86,0,1,1,2026-09-28 17:03:00
2026-09-28 17:03:13,V0189,Carro,No_A_Centro,Agressivo,44.0,50.0,63.94,1.95,1,0,1,2026-09-28 17:03:00
2026-09-28 17:03:14,V0189,Carro,No_A_Centro,Agressivo,44.06,50.0,54.13,0.84,0,0,0,2026-09-28 17:03:00
2026-09-28 17:03:15,V0189,Carro,No_A_Centro,Agressivo,44.11,50.0,48.83,2.8,0,0,0,2026-09-28 17:03:00
2026-09-28 17:03:16,V0189,Carro,No_A_Centro,Agressivo,44.17,50.0,60.21,1.07,1,0,1,2026-09-28 17:03:00
2026-09-28 17:03:17,V0189,Carro,No_A_Centro,Agressivo,44.24,50.0,64.46,3.73,1,0,1,2026-09-28 17:03:00
2026-09-28 17:03:18,V0189,Carro,No_A_Centro,Agressivo,44.32,50.0,81.75,-0.02,1,0,1,2026-09-28 17:03:00
2026-09-28 17:03:10,V0190,Carro,No_B_Norte,Prudente,43.06,11.9,43.8,1.53,0,0,0,2026-09-28 17:03:00
2026-09-28 17:03:11,V0190,Carro,No_B_Norte,Prudente,41.86,9.3,41.31,-0.61,0,0,0,2026-09-28 17:03:00
2026-09-28 17:03:12,V0190,Carro,No_B_Norte,Prudente,40.68,6.73,40.73,-0.66,0,0,0,2026-09-28 17:03:00
2026-09-28 17:03:13,V0190,Carro,No_B_Norte,Prudente,39.63,4.46,35.88,0.68,0,0,0,2026-09-28 17:03:00
2026-09-28 17:03:14,V0190,Carro,No_B_Norte,Prudente,38.49,1.99,39.3,1.21,0,0,0,2026-09-28 17:03:00
2026-09-28 17:03:15,V0190,Carro,No_B_Norte,Prudente,37.39,0.0,37.79,-0.34,0,0,0,2026-09-28 17:03:00
2026-09-28 17:03:16,V0190,Carro,No_B_Norte,Prudente,36.31,0.0,37.17,-1.12,0,0,0,2026-09-28 17:03:00
2026-09-28 17:03:17,V0190,Carro,No_B_Norte,Prudente,35.03,0.0,44.07,2.19,0,0,0,2026-09-28 17:03:00
2026-09-28 17:03:18,V0190,Carro,No_B_Norte,Prudente,33.93,0.0,38.09,-0.68,0,0,0,2026-09-28 17:03:00
2026-09-28 17:03:19,V0190,Carro,No_B_Norte,Prudente,32.87,0.0,36.27,-0.68,0,0,0,2026-09-28 17:03:00
2026-09-28 17:03:11,V0191,Carro,No_B_Norte,Prudente,21.92,35.44,33.46,-1.6,0,0,0,2026-09-28 17:03:00
2026-09-28 17:03:12,V0191,Carro,No_B_Norte,Prudente,22.44,37.94,36.85,0.73,0,0,0,2026-09-28 17:03:00
2026-09-28 17:03:13,V0191,Carro,No_B_Norte,Prudente,22.99,40.6,39.02,-0.46,0,0,0,2026-09-28 17:03:00
2026-09-28 17:03:14,V0191,Carro,No_B_Norte,Prudente,23.55,43.33,40.22,-1.75,0,0,0,2026-09-28 17:03:00
2026-09-28 17:03:15,V0191,Carro,No_B_Norte,Prudente,24.15,46.22,42.47,0.38,0,0,0,2026-09-28 17:03:00
2026-09-28 17:03:16,V0191,Carro,No_B_Norte,Prudente,24.69,48.8,37.95,1.01,0,0,0,2026-09-28 17:03:00
2026-09-28 17:03:17,V0191,Carro,No_B_Norte,Prudente,25.17,50.0,34.36,1.13,0,0,0,2026-09-28 17:03:00
2026-09-28 17:03:18,V0191,Carro,No_B_Norte,Prudente,25.75,50.0,40.77,-0.34,0,0,0,2026-09-28 17:03:00
2026-09-28 17:03:19,V0191,Carro,No_B_Norte,Prudente,26.31,50.0,39.9,-0.11,0,0,0,2026-09-28 17:03:00
2026-09-28 17:03:20,V0191,Carro,No_B_Norte,Prudente,26.96,50.0,46.1,-1.08,0,0,0,2026-09-28 17:03:00
2026-09-28 17:03:12,V0192,Carro,No_B_Norte,Prudente,36.64,14.74,37.67,-1.79,0,0,0,2026-09-28 17:03:00
2026-09-28 17:03:13,V0192,Carro,No_B_Norte,Prudente,37.81,11.87,44.66,1.1,0,0,0,2026-09-28 17:03:00
2026-09-28 17:03:14,V0192,Carro,No_B_Norte,Prudente,39.0,8.95,45.42,1.6,0,0,0,2026-09-28 17:03:00
2026-09-28 17:03:15,V0192,Carro,No_B_Norte,Prudente,40.1,6.24,42.11,1.56,0,0,0,2026-09-28 17:03:00
2026-09-28 17:03:16,V0192,Carro,No_B_Norte,Prudente,41.13,3.73,39.0,-1.77,0,0,0,2026-09-28 17:03:00
2026-09-28 17:03:17,V0192,Carro,No_B_Norte,Prudente,42.29,0.88,44.3,-1.8,0,0,0,2026-09-28 17:03:00
2026-09-28 17:03:18,V0192,Carro,No_B_Norte,Prudente,43.36,0.0,40.85,0.96,0,0,0,2026-09-28 17:03:00
2026-09-28 17:03:19,V0192,Carro,No_B_Norte,Prudente,44.45,0.0,41.62,2.28,0,0,0,2026-09-28 17:03:00
2026-09-28 17:03:20,V0192,Carro,No_B_Norte,Prudente,45.24,0.0,30.17,-0.08,0,0,0,2026-09-28 17:03:00
2026-09-28 17:03:21,V0192,Carro,No_B_Norte,Prudente,46.29,0.0,40.09,-1.34,0,0,0,2026-09-28 17:03:00
2026-09-28 17:03:13,V0193,Caminhao,No_B_Norte,Prudente,15.07,15.98,42.02,0.72,0,0,0,2026-09-28 17:03:00
2026-09-28 17:03:14,V0193,Caminhao,No_B_Norte,Prudente,12.28,16.62,41.14,-0.32,0,0,0,2026-09-28 17:03:00
2026-09-28 17:03:15,V0193,Caminhao,No_B_Norte,Prudente,9.38,17.29,42.96,0.68,0,0,0,2026-09-28 17:03:00
2026-09-28 17:03:16,V0193,Caminhao,No_B_Norte,Prudente,6.57,17.94,41.54,-0.82,0,0,0,2026-09-28 17:03:00
2026-09-28 17:03:17,V0193,Caminhao,No_B_Norte,Prudente,3.77,18.58,41.38,1.2,0,0,0,2026-09-28 17:03:00
2026-09-28 17:03:18,V0193,Caminhao,No_B_Norte,Prudente,1.26,19.16,37.02,2.1,0,0,0,2026-09-28 17:03:00
2026-09-28 17:03:19,V0193,Caminhao,No_B_Norte,Prudente,0.0,19.74,37.37,0.03,0,0,0,2026-09-28 17:03:00
2026-09-28 17:03:20,V0193,Caminhao,No_B_Norte,Prudente,0.0,20.31,36.64,0.22,0,0,0,2026-09-28 17:03:00
2026-09-28 17:03:21,V0193,Caminhao,No_B_Norte,Prudente,0.0,20.8,31.29,-0.55,0,0,0,2026-09-28 17:03:00
2026-09-28 17:03:22,V0193,Caminhao,No_B_Norte,Prudente,0.0,21.34,34.54,0.14,0,0,0,2026-09-28 17:03:00
2026-09-28 17:03:14,V0194,Carro,No_A_Centro,Agressivo,35.03,40.7,65.63,5.11,1,1,1,2026-09-28 17:03:00
2026-09-28 17:03:15,V0194,Carro,No_A_Centro,Agressivo,37.09,44.1,57.24,2.84,0,0,0,2026-09-28 17:03:00
2026-09-28 17:03:16,V0194,Carro,No_A_Centro,Agressivo,39.68,48.38,72.11,3.72,1,0,1,2026-09-28 17:03:00
2026-09-28 17:03:17,V0194,Carro,No_A_Centro,Agressivo,42.14,50.0,68.4,5.22,1,1,1,2026-09-28 17:03:00
2026-09-28 17:03:18,V0194,Carro,No_A_Centro,Agressivo,44.36,50.0,61.75,1.77,1,0,1,2026-09-28 17:03:00
2026-09-28 17:03:19,V0194,Carro,No_A_Centro,Agressivo,46.86,50.0,69.61,2.7,1,0,1,2026-09-28 17:03:00
2026-09-28 17:03:20,V0194,Carro,No_A_Centro,Agressivo,49.52,50.0,73.98,3.74,1,0,1,2026-09-28 17:03:00
2026-09-28 17:03:21,V0194,Carro,No_A_Centro,Agressivo,50.0,50.0,60.01,3.68,1,0,1,2026-09-28 17:03:00
2026-09-28 17:03:22,V0194,Carro,No_A_Centro,Agressivo,50.0,50.0,57.78,4.89,0,1,1,2026-09-28 17:03:00
2026-09-28 17:03:23,V0194,Carro,No_A_Centro,Agressivo,50.0,50.0,53.82,5.44,0,1,1,2026-09-28 17:03:00
2026-09-28 17:03:15,V0195,Carro,No_B_Norte,Prudente,44.33,18.64,45.4,0.94,0,0,0,2026-09-28 17:03:00
2026-09-28 17:03:16,V0195,Carro,No_B_Norte,Prudente,43.8,21.54,42.44,1.07,0,0,0,2026-09-28 17:03:00
2026-09-28 17:03:17,V0195,Carro,No_B_Norte,Prudente,43.35,23.97,35.6,0.35,0,0,0,2026-09-28 17:03:00
2026-09-28 17:03:18,V0195,Carro,No_B_Norte,Prudente,42.85,26.66,39.37,0.85,0,0,0,2026-09-28 17:03:00
2026-09-28 17:03:19,V0195,Carro,No_B_Norte,Prudente,42.35,29.35,39.42,-0.38,0,0,0,2026-09-28 17:03:00
2026-09-28 17:03:20,V0195,Carro,No_B_Norte,Prudente,41.81,32.27,42.7,0.88,0,0,0,2026-09-28 17:03:00
2026-09-28 17:03:21,V0195,Carro,No_B_Norte,Prudente,41.35,34.77,36.66,-0.06,0,0,0,2026-09-28 17:03:00
2026-09-28 17:03:22,V0195,Carro,No_B_Norte,Prudente,40.91,37.14,34.71,-2.5,0,0,0,2026-09-28 17:03:00
2026-09-28 17:03:23,V0195,Carro,No_B_Norte,Prudente,40.39,39.94,41.0,0.61,0,0,0,2026-09-28 17:03:00
2026-09-28 17:03:24,V0195,Carro,No_B_Norte,Prudente,39.87,42.76,41.31,-1.95,0,0,0,2026-09-28 17:03:00
2026-09-28 17:03:16,V0196,Carro,No_C_Leste,Prudente,6.36,45.46,29.04,-0.34,0,0,0,2026-09-28 17:03:00
2026-09-28 17:03:17,V0196,Carro,No_C_Leste,Prudente,4.34,47.9,45.62,1.27,0,0,0,2026-09-28 17:03:00
2026-09-28 17:03:18,V0196,Carro,No_C_Leste,Prudente,2.78,49.77,35.04,0.92,0,0,0,2026-09-28 17:03:00
2026-09-28 17:03:19,V0196,Carro,No_C_Leste,Prudente,1.18,50.0,36.19,-0.37,0,0,0,2026-09-28 17:03:00
2026-09-28 17:03:20,V0196,Carro,No_C_Leste,Prudente,0.0,50.0,38.39,0.11,0,0,0,2026-09-28 17:03:00
2026-09-28 17:03:21,V0196,Carro,No_C_Leste,Prudente,0.0,50.0,45.01,0.26,0,0,0,2026-09-28 17:03:00
2026-09-28 17:03:22,V0196,Carro,No_C_Leste,Prudente,0.0,50.0,39.37,0.97,0,0,0,2026-09-28 17:03:00
2026-09-28 17:03:23,V0196,Carro,No_C_Leste,Prudente,0.0,50.0,35.99,-0.08,0,0,0,2026-09-28 17:03:00
2026-09-28 17:03:24,V0196,Carro,No_C_Leste,Prudente,0.0,50.0,44.98,0.53,0,0,0,2026-09-28 17:03:00
2026-09-28 17:03:25,V0196,Carro,No_C_Leste,Prudente,0.0,50.0,37.67,-1.51,0,0,0,2026-09-28 17:03:00
2026-09-28 17:03:17,V0197,Carro,No_A_Centro,Prudente,38.65,42.39,33.22,0.22,0,0,0,2026-09-28 17:03:00
2026-09-28 17:03:18,V0197,Carro,No_A_Centro,Prudente,38.78,45.36,42.76,0.68,0,0,0,2026-09-28 17:03:00
2026-09-28 17:03:19,V0197,Carro,No_A_Centro,Prudente,38.87,47.46,30.32,-0.76,0,0,0,2026-09-28 17:03:00
2026-09-28 17:03:20,V0197,Carro,No_A_Centro,Prudente,38.98,49.93,35.61,0.1,0,0,0,2026-09-28 17:03:00
2026-09-28 17:03:21,V0197,Carro,No_A_Centro,Prudente,39.1,50.0,42.4,1.5,0,0,0,2026-09-28 17:03:00
2026-09-28 17:03:22,V0197,Carro,No_A_Centro,Prudente,39.21,50.0,37.53,-0.5,0,0,0,2026-09-28 17:03:00
2026-09-28 17:03:23,V0197,Carro,No_A_Centro,Prudente,39.35,50.0,45.75,0.3,0,0,0,2026-09-28 17:03:00
2026-09-28 17:03:24,V0197,Carro,No_A_Centro,Prudente,39.49,50.0,46.34,0.29,0,0,0,2026-09-28 17:03:00
2026-09-28 17:03:25,V0197,Carro,No_A_Centro,Prudente,39.59,50.0,34.21,-1.33,0,0,0,2026-09-28 17:03:00
2026-09-28 17:03:26,V0197,Carro,No_A_Centro,Prudente,39.69,50.0,32.24,0.66,0,0,0,2026-09-28 17:03:00
2026-09-28 17:03:18,V0198,Carro,No_A_Centro,Prudente,3.73,32.05,47.79,0.52,0,0,0,2026-09-28 17:03:00
2026-09-28 17:03:19,V0198,Carro,No_A_Centro,Prudente,2.03,30.34,34.71,0.63,0,0,0,2026-09-28 17:03:00
2026-09-28 17:03:20,V0198,Carro,No_A_Centro,Prudente,0.29,28.58,35.65,-0.34,0,0,0,2026-09-28 17:03:00
2026-09-28 17:03:21,V0198,Carro,No_A_Centro,Prudente,0.0,26.52,41.92,-0.8,0,0,0,2026-09-28 17:03:00
2026-09-28 17:03:22,V0198,Carro,No_A_Centro,Prudente,0.0,24.83,34.27,0.47,0,0,0,2026-09-28 17:03:00
2026-09-28 17:03:23,V0198,Carro,No_A_Centro,Prudente,0.0,22.39,49.34,1.24,0,0,0,2026-09-28 17:03:00
2026-09-28 17:03:24,V0198,Carro,No_A_Centro,Prudente,0.0,20.25,43.54,0.98,0,0,0,2026-09-28 17:03:00
2026-09-28 17:03:25,V0198,Carro,No_A_Centro,Prudente,0.0,18.12,43.19,0.45,0,0,0,2026-09-28 17:03:00
2026-09-28 17:03:26,V0198,Carro,No_A_Centro,Prudente,0.0,15.93,44.49,-1.37,0,0,0,2026-09-28 17:03:00
2026-09-28 17:03:27,V0198,Carro,No_A_Centro,Prudente,0.0,13.9,41.0,-0.08,0,0,0,2026-09-28 17:03:00
2026-09-28 17:03:19,V0199,Carro,No_A_Centro,Prudente,7.58,30.34,35.77,0.55,0,0,0,2026-09-28 17:03:00
2026-09-28 17:03:20,V0199,Carro,No_A_Centro,Prudente,8.97,32.74,39.83,-1.59,0,0,0,2026-09-28 17:03:00
2026-09-28 17:03:21,V0199,Carro,No_A_Centro,Prudente,10.43,35.27,42.1,-0.58,0,0,0,2026-09-28 17:03:00
2026-09-28 17:03:22,V0199,Carro,No_A_Centro,Prudente,11.98,37.94,44.41,0.0,0,0,0,2026-09-28 17:03:00
2026-09-28 17:03:23,V0199,Carro,No_A_Centro,Prudente,13.44,40.46,41.98,-0.96,0,0,0,2026-09-28 17:03:00
2026-09-28 17:03:24,V0199,Carro,No_A_Centro,Prudente,14.72,42.69,37.05,-0.46,0,0,0,2026-09-28 17:03:00
2026-09-28 17:03:25,V0199,Carro,No_A_Centro,Prudente,16.27,45.35,44.28,1.68,0,0,0,2026-09-28 17:03:00
2026-09-28 17:03:26,V0199,Carro,No_A_Centro,Prudente,17.52,47.51,35.97,1.08,0,0,0,2026-09-28 17:03:00
2026-09-28 17:03:27,V0199,Carro,No_A_Centro,Prudente,18.53,49.26,29.15,-1.19,0,0,0,2026-09-28 17:03:00
2026-09-28 17:03:28,V0199,Carro,No_A_Centro,Prudente,19.76,50.0,35.21,-1.35,0,0,0,2026-09-28 17:03:00
2026-09-28 17:03:20,V0200,Carro,No_C_Leste,Prudente,30.13,13.6,42.49,-0.29,0,0,0,2026-09-28 17:03:00
2026-09-28 17:03:21,V0200,Carro,No_C_Leste,Prudente,32.61,12.13,41.47,-0.74,0,0,0,2026-09-28 17:03:00
2026-09-28 17:03:22,V0200,Carro,No_C_Leste,Prudente,34.99,10.73,39.75,0.49,0,0,0,2026-09-28 17:03:00
2026-09-28 17:03:23,V0200,Carro,No_C_Leste,Prudente,37.42,9.3,40.75,0.38,0,0,0,2026-09-28 17:03:00
2026-09-28 17:03:24,V0200,Carro,No_C_Leste,Prudente,39.54,8.05,35.36,-0.59,0,0,0,2026-09-28 17:03:00
2026-09-28 17:03:25,V0200,Carro,No_C_Leste,Prudente,41.76,6.74,37.13,-0.28,0,0,0,2026-09-28 17:03:00
2026-09-28 17:03:26,V0200,Carro,No_C_Leste,Prudente,44.56,5.09,46.79,-0.35,0,0,0,2026-09-28 17:03:00
2026-09-28 17:03:27,V0200,Carro,No_C_Leste,Prudente,46.61,3.89,34.28,0.54,0,0,0,2026-09-28 17:03:00
2026-09-28 17:03:28,V0200,Carro,No_C_Leste,Prudente,49.41,2.24,46.73,-1.26,0,0,0,2026-09-28 17:03:00
2026-09-28 17:03:29,V0200,Carro,No_C_Leste,Prudente,50.0,0.48,49.86,0.42,0,0,0,2026-09-28 17:03:00
2026-09-28 17:03:21,V0201,Carro,No_C_Leste,Agressivo,31.85,34.61,64.58,1.9,1,0,1,2026-09-28 17:03:00
2026-09-28 17:03:22,V0201,Carro,No_C_Leste,Agressivo,31.39,39.19,66.34,4.89,1,1,1,2026-09-28 17:03:00
2026-09-28 17:03:23,V0201,Carro,No_C_Leste,Agressivo,30.9,43.96,69.01,1.24,1,0,1,2026-09-28 17:03:00
2026-09-28 17:03:24,V0201,Carro,No_C_Leste,Agressivo,30.41,48.86,70.94,1.72,1,0,1,2026-09-28 17:03:00
2026-09-28 17:03:25,V0201,Carro,No_C_Leste,Agressivo,29.94,50.0,66.73,2.39,1,0,1,2026-09-28 17:03:00
2026-09-28 17:03:26,V0201,Carro,No_C_Leste,Agressivo,29.5,50.0,63.25,4.53,1,1,1,2026-09-28 17:03:00
2026-09-28 17:03:27,V0201,Carro,No_C_Leste,Agressivo,29.1,50.0,56.68,6.89,0,1,1,2026-09-28 17:03:00
2026-09-28 17:03:28,V0201,Carro,No_C_Leste,Agressivo,28.74,50.0,50.43,1.8,0,0,0,2026-09-28 17:03:00
2026-09-28 17:03:29,V0201,Carro,No_C_Leste,Agressivo,28.27,50.0,67.96,4.17,1,1,1,2026-09-28 17:03:00
2026-09-28 17:03:30,V0201,Carro,No_C_Leste,Agressivo,27.82,50.0,64.2,2.89,1,0,1,2026-09-28 17:03:00
2026-09-28 17:03:22,V0202,Moto,No_A_Centro,Agressivo,13.05,38.53,57.33,4.75,0,1,1,2026-09-28 17:03:00
2026-09-28 17:03:23,V0202,Moto,No_A_Centro,Agressivo,9.49,34.58,76.6,0.15,1,0,1,2026-09-28 17:03:00
2026-09-28 17:03:24,V0202,Moto,No_A_Centro,Agressivo,6.36,31.12,67.23,2.39,1,0,1,2026-09-28 17:03:00
2026-09-28 17:03:25,V0202,Moto,No_A_Centro,Agressivo,3.08,27.48,70.59,0.57,1,0,1,2026-09-28 17:03:00
2026-09-28 17:03:26,V0202,Moto,No_A_Centro,Agressivo,0.0,23.45,78.03,-0.22,1,0,1,2026-09-28 17:03:00
2026-09-28 17:03:27,V0202,Moto,No_A_Centro,Agressivo,0.0,20.2,63.05,3.87,1,0,1,2026-09-28 17:03:00
2026-09-28 17:03:28,V0202,Moto,No_A_Centro,Agressivo,0.0,17.13,59.51,1.31,0,0,0,2026-09-28 17:03:00
2026-09-28 17:03:29,V0202,Moto,No_A_Centro,Agressivo,0.0,13.69,66.78,3.16,1,0,1,2026-09-28 17:03:00
2026-09-28 17:03:30,V0202,Moto,No_A_Centro,Agressivo,0.0,10.34,65.05,4.72,1,1,1,2026-09-28 17:03:00
2026-09-28 17:03:31,V0202,Moto,No_A_Centro,Agressivo,0.0,7.15,61.84,3.64,1,0,1,2026-09-28 17:03:00
2026-09-28 17:03:23,V0203,Carro,No_B_Norte,Prudente,45.42,45.78,37.02,-0.3,0,0,0,2026-09-28 17:03:00
2026-09-28 17:03:24,V0203,Carro,No_B_Norte,Prudente,47.0,48.4,44.04,-0.58,0,0,0,2026-09-28 17:03:00
2026-09-28 17:03:25,V0203,Carro,No_B_Norte,Prudente,48.3,50.0,36.25,-0.22,0,0,0,2026-09-28 17:03:00
2026-09-28 17:03:26,V0203,Carro,No_B_Norte,Prudente,49.52,50.0,34.12,1.82,0,0,0,2026-09-28 17:03:00
2026-09-28 17:03:27,V0203,Carro,No_B_Norte,Prudente,50.0,50.0,37.17,0.83,0,0,0,2026-09-28 17:03:00
2026-09-28 17:03:28,V0203,Carro,No_B_Norte,Prudente,50.0,50.0,41.05,-0.98,0,0,0,2026-09-28 17:03:00
2026-09-28 17:03:29,V0203,Carro,No_B_Norte,Prudente,50.0,50.0,39.97,0.78,0,0,0,2026-09-28 17:03:00
2026-09-28 17:03:30,V0203,Carro,No_B_Norte,Prudente,50.0,50.0,39.06,1.19,0,0,0,2026-09-28 17:03:00
2026-09-28 17:03:31,V0203,Carro,No_B_Norte,Prudente,50.0,50.0,45.11,0.92,0,0,0,2026-09-28 17:03:00
2026-09-28 17:03:32,V0203,Carro,No_B_Norte,Prudente,50.0,50.0,37.7,-1.08,0,0,0,2026-09-28 17:03:00
2026-09-28 17:03:24,V0204,Carro,No_B_Norte,Prudente,28.67,9.99,40.71,0.01,0,0,0,2026-09-28 17:03:00
2026-09-28 17:03:25,V0204,Carro,No_B_Norte,Prudente,26.58,12.47,46.73,-0.11,0,0,0,2026-09-28 17:03:00
2026-09-28 17:03:26,V0204,Carro,No_B_Norte,Prudente,24.48,14.96,46.87,-0.32,0,0,0,2026-09-28 17:03:00
2026-09-28 17:03:27,V0204,Carro,No_B_Norte,Prudente,22.48,17.33,44.63,0.23,0,0,0,2026-09-28 17:03:00
2026-09-28 17:03:28,V0204,Carro,No_B_Norte,Prudente,20.3,19.91,48.65,-1.48,0,0,0,2026-09-28 17:03:00
2026-09-28 17:03:29,V0204,Carro,No_B_Norte,Prudente,18.77,21.72,34.18,1.83,0,0,0,2026-09-28 17:03:00
2026-09-28 17:03:30,V0204,Carro,No_B_Norte,Prudente,17.14,23.65,36.33,-0.67,0,0,0,2026-09-28 17:03:00
2026-09-28 17:03:31,V0204,Carro,No_B_Norte,Prudente,15.55,25.54,35.62,1.15,0,0,0,2026-09-28 17:03:00
2026-09-28 17:03:32,V0204,Carro,No_B_Norte,Prudente,14.04,27.33,33.73,0.02,0,0,0,2026-09-28 17:03:00
2026-09-28 17:03:33,V0204,Carro,No_B_Norte,Prudente,12.3,29.38,38.67,1.04,0,0,0,2026-09-28 17:03:00
2026-09-28 17:03:25,V0205,Onibus,No_B_Norte,Prudente,38.29,10.91,40.28,-0.31,0,0,0,2026-09-28 17:03:00
2026-09-28 17:03:26,V0205,Onibus,No_B_Norte,Prudente,41.46,11.08,45.73,-2.84,0,0,0,2026-09-28 17:03:00
2026-09-28 17:03:27,V0205,Onibus,No_B_Norte,Prudente,44.23,11.23,39.92,-0.11,0,0,0,2026-09-28 17:03:00
2026-09-28 17:03:28,V0205,Onibus,No_B_Norte,Prudente,46.84,11.37,37.73,1.73,0,0,0,2026-09-28 17:03:00
2026-09-28 17:03:29,V0205,Onibus,No_B_Norte,Prudente,49.31,11.5,35.56,0.77,0,0,0,2026-09-28 17:03:00
2026-09-28 17:03:30,V0205,Onibus,No_B_Norte,Prudente,50.0,11.66,41.78,1.26,0,0,0,2026-09-28 17:03:00
2026-09-28 17:03:31,V0205,Onibus,No_B_Norte,Prudente,50.0,11.8,36.66,-0.73,0,0,0,2026-09-28 17:03:00
2026-09-28 17:03:32,V0205,Onibus,No_B_Norte,Prudente,50.0,11.97,45.48,0.43,0,0,0,2026-09-28 17:03:00
2026-09-28 17:03:33,V0205,Onibus,No_B_Norte,Prudente,50.0,12.09,32.28,-0.54,0,0,0,2026-09-28 17:03:00
2026-09-28 17:03:34,V0205,Onibus,No_B_Norte,Prudente,50.0,12.25,41.93,0.84,0,0,0,2026-09-28 17:03:00
2026-09-28 17:03:26,V0206,Moto,No_A_Centro,Prudente,23.57,26.69,32.68,1.31,0,0,0,2026-09-28 17:03:00
2026-09-28 17:03:27,V0206,Moto,No_A_Centro,Prudente,24.35,29.35,39.96,0.18,0,0,0,2026-09-28 17:03:00
2026-09-28 17:03:28,V0206,Moto,No_A_Centro,Prudente,25.41,32.94,53.84,-0.59,0,0,0,2026-09-28 17:03:00
2026-09-28 17:03:29,V0206,Moto,No_A_Centro,Prudente,26.37,36.19,48.74,-0.39,0,0,0,2026-09-28 17:03:00
2026-09-28 17:03:30,V0206,Moto,No_A_Centro,Prudente,27.14,38.77,38.83,2.64,0,0,0,2026-09-28 17:03:00
2026-09-28 17:03:31,V0206,Moto,No_A_Centro,Prudente,27.91,41.38,39.19,-1.37,0,0,0,2026-09-28 17:03:00
2026-09-28 17:03:32,V0206,Moto,No_A_Centro,Prudente,28.72,44.14,41.41,-0.17,0,0,0,2026-09-28 17:03:00
2026-09-28 17:03:33,V0206,Moto,No_A_Centro,Prudente,29.55,46.93,41.84,-0.13,0,0,0,2026-09-28 17:03:00
2026-09-28 17:03:34,V0206,Moto,No_A_Centro,Prudente,30.55,50.0,51.08,0.56,0,0,0,2026-09-28 17:03:00
2026-09-28 17:03:35,V0206,Moto,No_A_Centro,Prudente,31.23,50.0,34.63,0.12,0,0,0,2026-09-28 17:03:00
2026-09-28 17:03:27,V0207,Moto,No_A_Centro,Prudente,17.68,6.67,47.41,-0.28,0,0,0,2026-09-28 17:03:00
2026-09-28 17:03:28,V0207,Moto,No_A_Centro,Prudente,15.83,4.87,37.17,-0.47,0,0,0,2026-09-28 17:03:00
2026-09-28 17:03:29,V0207,Moto,No_A_Centro,Prudente,13.66,2.75,43.59,-0.16,0,0,0,2026-09-28 17:03:00
2026-09-28 17:03:30,V0207,Moto,No_A_Centro,Prudente,11.83,0.97,36.79,1.67,0,0,0,2026-09-28 17:03:00
2026-09-28 17:03:31,V0207,Moto,No_A_Centro,Prudente,10.05,0.0,35.72,0.04,0,0,0,2026-09-28 17:03:00
2026-09-28 17:03:32,V0207,Moto,No_A_Centro,Prudente,7.9,0.0,43.26,-1.63,0,0,0,2026-09-28 17:03:00
2026-09-28 17:03:33,V0207,Moto,No_A_Centro,Prudente,5.79,0.0,42.4,-1.06,0,0,0,2026-09-28 17:03:00
2026-09-28 17:03:34,V0207,Moto,No_A_Centro,Prudente,3.6,0.0,44.11,-0.96,0,0,0,2026-09-28 17:03:00
2026-09-28 17:03:35,V0207,Moto,No_A_Centro,Prudente,1.44,0.0,43.46,1.11,0,0,0,2026-09-28 17:03:00
2026-09-28 17:03:36,V0207,Moto,No_A_Centro,Prudente,0.0,0.0,44.31,0.25,0,0,0,2026-09-28 17:03:00
2026-09-28 17:03:28,V0208,Moto,No_C_Leste,Agressivo,8.2,23.25,72.18,5.26,1,1,1,2026-09-28 17:03:00
2026-09-28 17:03:29,V0208,Moto,No_C_Leste,Agressivo,8.24,27.39,59.61,1.51,0,0,0,2026-09-28 17:03:00
2026-09-28 17:03:30,V0208,Moto,No_C_Leste,Agressivo,8.29,31.54,59.78,-0.21,0,0,0,2026-09-28 17:03:00
2026-09-28 17:03:31,V0208,Moto,No_C_Leste,Agressivo,8.33,35.35,54.83,0.51,0,0,0,2026-09-28 17:03:00
2026-09-28 17:03:32,V0208,Moto,No_C_Leste,Agressivo,8.38,39.7,62.65,3.54,1,0,1,2026-09-28 17:03:00
2026-09-28 17:03:33,V0208,Moto,No_C_Leste,Agressivo,8.43,44.45,68.47,1.98,1,0,1,2026-09-28 17:03:00
2026-09-28 17:03:34,V0208,Moto,No_C_Leste,Agressivo,8.47,48.7,61.13,3.25,1,0,1,2026-09-28 17:03:00
2026-09-28 17:03:35,V0208,Moto,No_C_Leste,Agressivo,8.51,50.0,53.03,4.92,0,1,1,2026-09-28 17:03:00
2026-09-28 17:03:36,V0208,Moto,No_C_Leste,Agressivo,8.57,50.0,75.28,1.75,1,0,1,2026-09-28 17:03:00
2026-09-28 17:03:37,V0208,Moto,No_C_Leste,Agressivo,8.61,50.0,61.81,5.49,1,1,1,2026-09-28 17:03:00
2026-09-28 17:03:29,V0209,Carro,No_C_Leste,Agressivo,43.58,16.26,72.64,2.92,1,0,1,2026-09-28 17:03:00
2026-09-28 17:03:30,V0209,Carro,No_C_Leste,Agressivo,44.15,12.12,60.13,4.19,1,1,1,2026-09-28 17:03:00
2026-09-28 17:03:31,V0209,Carro,No_C_Leste,Agressivo,44.8,7.43,68.28,3.71,1,0,1,2026-09-28 17:03:00
2026-09-28 17:03:32,V0209,Carro,No_C_Leste,Agressivo,45.42,2.91,65.65,2.92,1,0,1,2026-09-28 17:03:00
2026-09-28 17:03:33,V0209,Carro,No_C_Leste,Agressivo,46.22,0.0,84.11,5.37,1,1,1,2026-09-28 17:03:00
2026-09-28 17:03:34,V0209,Carro,No_C_Leste,Agressivo,46.89,0.0,70.78,3.22,1,0,1,2026-09-28 17:03:00
2026-09-28 17:03:35,V0209,Carro,No_C_Leste,Agressivo,47.58,0.0,73.06,4.04,1,1,1,2026-09-28 17:03:00
2026-09-28 17:03:36,V0209,Carro,No_C_Leste,Agressivo,48.2,0.0,65.21,2.39,1,0,1,2026-09-28 17:03:00
2026-09-28 17:03:37,V0209,Carro,No_C_Leste,Agressivo,48.81,0.0,64.35,-3.34,1,0,1,2026-09-28 17:03:00
2026-09-28 17:03:38,V0209,Carro,No_C_Leste,Agressivo,49.45,0.0,66.68,2.02,1,0,1,2026-09-28 17:03:00
2026-09-28 17:03:30,V0210,Carro,No_B_Norte,Agressivo,20.41,36.04,68.25,1.08,1,0,1,2026-09-28 17:03:00
2026-09-28 17:03:31,V0210,Carro,No_B_Norte,Agressivo,15.84,36.47,66.08,2.76,1,0,1,2026-09-28 17:03:00
2026-09-28 17:03:32,V0210,Carro,No_B_Norte,Agressivo,11.95,36.83,56.33,3.72,0,0,0,2026-09-28 17:03:00
2026-09-28 17:03:33,V0210,Carro,No_B_Norte,Agressivo,7.44,37.25,65.18,4.11,1,1,1,2026-09-28 17:03:00
2026-09-28 17:03:34,V0210,Carro,No_B_Norte,Agressivo,2.84,37.67,66.55,1.7,1,0,1,2026-09-28 17:03:00
2026-09-28 17:03:35,V0210,Carro,No_B_Norte,Agressivo,0.0,38.13,71.15,1.75,1,0,1,2026-09-28 17:03:00
2026-09-28 17:03:36,V0210,Carro,No_B_Norte,Agressivo,0.0,38.39,40.2,3.26,0,0,0,2026-09-28 17:03:00
2026-09-28 17:03:37,V0210,Carro,No_B_Norte,Agressivo,0.0,38.77,60.57,3.76,1,0,1,2026-09-28 17:03:00
2026-09-28 17:03:38,V0210,Carro,No_B_Norte,Agressivo,0.0,39.29,80.99,7.06,1,1,1,2026-09-28 17:03:00
2026-09-28 17:03:39,V0210,Carro,No_B_Norte,Agressivo,0.0,39.7,63.68,1.35,1,0,1,2026-09-28 17:03:00
2026-09-28 17:03:31,V0211,Carro,No_C_Leste,Prudente,41.32,40.82,38.82,-0.41,0,0,0,2026-09-28 17:03:00
2026-09-28 17:03:32,V0211,Carro,No_C_Leste,Prudente,43.42,42.33,37.33,0.29,0,0,0,2026-09-28 17:03:00
2026-09-28 17:03:33,V0211,Carro,No_C_Leste,Prudente,45.26,43.65,32.51,1.28,0,0,0,2026-09-28 17:03:00
2026-09-28 17:03:34,V0211,Carro,No_C_Leste,Prudente,47.32,45.14,36.67,0.72,0,0,0,2026-09-28 17:03:00
2026-09-28 17:03:35,V0211,Carro,No_C_Leste,Prudente,49.22,46.5,33.65,0.67,0,0,0,2026-09-28 17:03:00
2026-09-28 17:03:36,V0211,Carro,No_C_Leste,Prudente,50.0,48.26,43.36,0.38,0,0,0,2026-09-28 17:03:00
2026-09-28 17:03:37,V0211,Carro,No_C_Leste,Prudente,50.0,49.68,35.03,0.25,0,0,0,2026-09-28 17:03:00
2026-09-28 17:03:38,V0211,Carro,No_C_Leste,Prudente,50.0,50.0,34.08,-0.25,0,0,0,2026-09-28 17:03:00
2026-09-28 17:03:39,V0211,Carro,No_C_Leste,Prudente,50.0,50.0,45.15,0.8,0,0,0,2026-09-28 17:03:00
2026-09-28 17:03:40,V0211,Carro,No_C_Leste,Prudente,50.0,50.0,40.08,-0.97,0,0,0,2026-09-28 17:03:00
2026-09-28 17:03:32,V0212,Moto,No_B_Norte,Prudente,34.8,42.21,40.25,0.64,0,0,0,2026-09-28 17:03:00
2026-09-28 17:03:33,V0212,Moto,No_B_Norte,Prudente,31.66,41.94,45.39,-0.33,0,0,0,2026-09-28 17:03:00
2026-09-28 17:03:34,V0212,Moto,No_B_Norte,Prudente,30.02,41.8,23.62,-0.82,0,0,0,2026-09-28 17:03:00
2026-09-28 17:03:35,V0212,Moto,No_B_Norte,Prudente,26.84,41.53,46.04,-0.03,0,0,0,2026-09-28 17:03:00
2026-09-28 17:03:36,V0212,Moto,No_B_Norte,Prudente,24.19,41.31,38.3,1.17,0,0,0,2026-09-28 17:03:00
2026-09-28 17:03:37,V0212,Moto,No_B_Norte,Prudente,21.46,41.07,39.49,-2.09,0,0,0,2026-09-28 17:03:00
2026-09-28 17:03:38,V0212,Moto,No_B_Norte,Prudente,19.21,40.88,32.47,0.42,0,0,0,2026-09-28 17:03:00
2026-09-28 17:03:39,V0212,Moto,No_B_Norte,Prudente,16.46,40.65,39.67,1.45,0,0,0,2026-09-28 17:03:00
2026-09-28 17:03:40,V0212,Moto,No_B_Norte,Prudente,13.95,40.43,36.33,-0.31,0,0,0,2026-09-28 17:03:00
2026-09-28 17:03:41,V0212,Moto,No_B_Norte,Prudente,11.49,40.22,35.58,-0.52,0,0,0,2026-09-28 17:03:00
2026-09-28 17:03:33,V0213,Caminhao,No_C_Leste,Agressivo,28.09,18.33,68.89,-0.9,1,0,1,2026-09-28 17:03:00
2026-09-28 17:03:34,V0213,Caminhao,No_C_Leste,Agressivo,31.39,19.07,48.6,4.48,0,1,1,2026-09-28 17:03:00
2026-09-28 17:03:35,V0213,Caminhao,No_C_Leste,Agressivo,36.07,20.12,69.06,2.89,1,0,1,2026-09-28 17:03:00
2026-09-28 17:03:36,V0213,Caminhao,No_C_Leste,Agressivo,39.71,20.94,53.84,1.58,0,0,0,2026-09-28 17:03:00
2026-09-28 17:03:37,V0213,Caminhao,No_C_Leste,Agressivo,43.98,21.9,62.9,-0.19,1,0,1,2026-09-28 17:03:00
2026-09-28 17:03:38,V0213,Caminhao,No_C_Leste,Agressivo,47.98,22.8,59.09,4.3,0,1,1,2026-09-28 17:03:00
2026-09-28 17:03:39,V0213,Caminhao,No_C_Leste,Agressivo,50.0,23.96,76.42,2.16,1,0,1,2026-09-28 17:03:00
2026-09-28 17:03:40,V0213,Caminhao,No_C_Leste,Agressivo,50.0,25.04,71.05,-0.83,1,0,1,2026-09-28 17:03:00
2026-09-28 17:03:41,V0213,Caminhao,No_C_Leste,Agressivo,50.0,26.11,70.28,1.39,1,0,1,2026-09-28 17:03:00
2026-09-28 17:03:42,V0213,Caminhao,No_C_Leste,Agressivo,50.0,27.14,67.46,2.5,1,0,1,2026-09-28 17:03:00
2026-09-28 17:03:34,V0214,Carro,No_A_Centro,Prudente,17.93,36.42,39.86,-1.33,0,0,0,2026-09-28 17:03:00
2026-09-28 17:03:35,V0214,Carro,No_A_Centro,Prudente,16.66,39.15,43.4,-0.2,0,0,0,2026-09-28 17:03:00
2026-09-28 17:03:36,V0214,Carro,No_A_Centro,Prudente,15.74,41.13,31.46,0.33,0,0,0,2026-09-28 17:03:00
2026-09-28 17:03:37,V0214,Carro,No_A_Centro,Prudente,14.43,43.97,45.03,1.28,0,0,0,2026-09-28 17:03:00
2026-09-28 17:03:38,V0214,Carro,No_A_Centro,Prudente,13.31,46.37,38.11,0.15,0,0,0,2026-09-28 17:03:00
2026-09-28 17:03:39,V0214,Carro,No_A_Centro,Prudente,12.13,48.9,40.25,1.49,0,0,0,2026-09-28 17:03:00
2026-09-28 17:03:40,V0214,Carro,No_A_Centro,Prudente,11.08,50.0,35.95,-0.46,0,0,0,2026-09-28 17:03:00
2026-09-28 17:03:41,V0214,Carro,No_A_Centro,Prudente,10.03,50.0,35.83,-1.45,0,0,0,2026-09-28 17:03:00
2026-09-28 17:03:42,V0214,Carro,No_A_Centro,Prudente,8.83,50.0,41.24,1.6,0,0,0,2026-09-28 17:03:00
2026-09-28 17:03:43,V0214,Carro,No_A_Centro,Prudente,7.69,50.0,39.01,-0.88,0,0,0,2026-09-28 17:03:00
2026-09-28 17:03:35,V0215,Moto,No_C_Leste,Prudente,42.97,28.58,29.11,-0.53,0,0,0,2026-09-28 17:03:00
2026-09-28 17:03:36,V0215,Moto,No_C_Leste,Prudente,43.8,26.13,37.19,0.48,0,0,0,2026-09-28 17:03:00
2026-09-28 17:03:37,V0215,Moto,No_C_Leste,Prudente,44.4,24.37,26.88,2.55,0,0,0,2026-09-28 17:03:00
2026-09-28 17:03:38,V0215,Moto,No_C_Leste,Prudente,45.35,21.56,42.66,0.15,0,0,0,2026-09-28 17:03:00
2026-09-28 17:03:39,V0215,Moto,No_C_Leste,Prudente,46.37,18.54,45.91,2.34,0,0,0,2026-09-28 17:03:00
2026-09-28 17:03:40,V0215,Moto,No_C_Leste,Prudente,47.35,15.62,44.35,0.95,0,0,0,2026-09-28 17:03:00
2026-09-28 17:03:41,V0215,Moto,No_C_Leste,Prudente,48.25,12.95,40.65,-0.14,0,0,0,2026-09-28 17:03:00
2026-09-28 17:03:42,V0215,Moto,No_C_Leste,Prudente,49.09,10.47,37.62,-0.83,0,0,0,2026-09-28 17:03:00
2026-09-28 17:03:43,V0215,Moto,No_C_Leste,Prudente,49.9,8.06,36.56,-1.35,0,0,0,2026-09-28 17:03:00
2026-09-28 17:03:44,V0215,Moto,No_C_Leste,Prudente,50.0,5.46,39.62,-1.68,0,0,0,2026-09-28 17:03:00
2026-09-28 17:03:36,V0216,Moto,No_C_Leste,Agressivo,25.26,45.91,60.73,3.3,1,0,1,2026-09-28 17:03:00
2026-09-28 17:03:37,V0216,Moto,No_C_Leste,Agressivo,29.52,47.48,65.36,5.51,1,1,1,2026-09-28 17:03:00
2026-09-28 17:03:38,V0216,Moto,No_C_Leste,Agressivo,35.11,49.53,85.75,5.28,1,1,1,2026-09-28 17:03:00
2026-09-28 17:03:39,V0216,Moto,No_C_Leste,Agressivo,39.11,50.0,61.38,2.01,1,0,1,2026-09-28 17:03:00
2026-09-28 17:03:40,V0216,Moto,No_C_Leste,Agressivo,43.8,50.0,71.95,-0.37,1,0,1,2026-09-28 17:03:00
2026-09-28 17:03:41,V0216,Moto,No_C_Leste,Agressivo,47.87,50.0,62.48,2.52,1,0,1,2026-09-28 17:03:00
2026-09-28 17:03:42,V0216,Moto,No_C_Leste,Agressivo,50.0,50.0,69.67,4.23,1,1,1,2026-09-28 17:03:00
2026-09-28 17:03:43,V0216,Moto,No_C_Leste,Agressivo,50.0,50.0,59.04,2.17,0,0,0,2026-09-28 17:03:00
2026-09-28 17:03:44,V0216,Moto,No_C_Leste,Agressivo,50.0,50.0,68.56,1.4,1,0,1,2026-09-28 17:03:00
2026-09-28 17:03:45,V0216,Moto,No_C_Leste,Agressivo,50.0,50.0,74.65,4.22,1,1,1,2026-09-28 17:03:00
2026-09-28 17:03:37,V0217,Carro,No_C_Leste,Prudente,44.17,35.17,43.16,-0.47,0,0,0,2026-09-28 17:03:00
2026-09-28 17:03:38,V0217,Carro,No_C_Leste,Prudente,45.57,37.25,36.14,1.61,0,0,0,2026-09-28 17:03:00
2026-09-28 17:03:39,V0217,Carro,No_C_Leste,Prudente,47.16,39.62,41.14,0.64,0,0,0,2026-09-28 17:03:00
2026-09-28 17:03:40,V0217,Carro,No_C_Leste,Prudente,48.55,41.69,35.89,-1.22,0,0,0,2026-09-28 17:03:00
2026-09-28 17:03:41,V0217,Carro,No_C_Leste,Prudente,49.99,43.83,37.15,-0.12,0,0,0,2026-09-28 17:03:00
2026-09-28 17:03:42,V0217,Carro,No_C_Leste,Prudente,50.0,45.83,34.68,-0.01,0,0,0,2026-09-28 17:03:00
2026-09-28 17:03:43,V0217,Carro,No_C_Leste,Prudente,50.0,47.65,31.56,-1.12,0,0,0,2026-09-28 17:03:00
2026-09-28 17:03:44,V0217,Carro,No_C_Leste,Prudente,50.0,50.0,43.35,0.6,0,0,0,2026-09-28 17:03:00
2026-09-28 17:03:45,V0217,Carro,No_C_Leste,Prudente,50.0,50.0,38.04,-1.02,0,0,0,2026-09-28 17:03:00
2026-09-28 17:03:46,V0217,Carro,No_C_Leste,Prudente,50.0,50.0,34.86,-0.37,0,0,0,2026-09-28 17:03:00
2026-09-28 17:03:38,V0218,Carro,No_A_Centro,Agressivo,38.42,37.07,58.5,2.45,0,0,0,2026-09-28 17:03:00
2026-09-28 17:03:39,V0218,Carro,No_A_Centro,Agressivo,39.89,40.81,57.83,3.61,0,0,0,2026-09-28 17:03:00
2026-09-28 17:03:40,V0218,Carro,No_A_Centro,Agressivo,41.82,45.7,75.66,-0.72,1,0,1,2026-09-28 17:03:00
2026-09-28 17:03:41,V0218,Carro,No_A_Centro,Agressivo,43.49,49.96,65.9,4.71,1,1,1,2026-09-28 17:03:00
2026-09-28 17:03:42,V0218,Carro,No_A_Centro,Agressivo,45.06,50.0,61.63,0.74,1,0,1,2026-09-28 17:03:00
2026-09-28 17:03:43,V0218,Carro,No_A_Centro,Agressivo,46.79,50.0,68.37,5.0,1,1,1,2026-09-28 17:03:00
2026-09-28 17:03:44,V0218,Carro,No_A_Centro,Agressivo,48.63,50.0,72.12,3.73,1,0,1,2026-09-28 17:03:00
2026-09-28 17:03:45,V0218,Carro,No_A_Centro,Agressivo,50.0,50.0,65.78,1.2,1,0,1,2026-09-28 17:03:00
2026-09-28 17:03:46,V0218,Carro,No_A_Centro,Agressivo,50.0,50.0,71.92,4.62,1,1,1,2026-09-28 17:03:00
2026-09-28 17:03:47,V0218,Carro,No_A_Centro,Agressivo,50.0,50.0,55.9,3.73,0,0,0,2026-09-28 17:03:00
2026-09-28 17:03:39,V0219,Carro,No_B_Norte,Prudente,38.89,35.0,33.55,-0.14,0,0,0,2026-09-28 17:03:00
2026-09-28 17:03:40,V0219,Carro,No_B_Norte,Prudente,41.6,36.63,45.48,-2.19,0,0,0,2026-09-28 17:03:00
2026-09-28 17:03:41,V0219,Carro,No_B_Norte,Prudente,44.44,38.34,47.67,1.12,0,0,0,2026-09-28 17:03:00
2026-09-28 17:03:42,V0219,Carro,No_B_Norte,Prudente,46.68,39.69,37.7,0.54,0,0,0,2026-09-28 17:03:00
2026-09-28 17:03:43,V0219,Carro,No_B_Norte,Prudente,49.06,41.12,40.02,1.23,0,0,0,2026-09-28 17:03:00
2026-09-28 17:03:44,V0219,Carro,No_B_Norte,Prudente,50.0,42.72,44.91,-1.4,0,0,0,2026-09-28 17:03:00
2026-09-28 17:03:45,V0219,Carro,No_B_Norte,Prudente,50.0,44.26,42.94,-0.21,0,0,0,2026-09-28 17:03:00
2026-09-28 17:03:46,V0219,Carro,No_B_Norte,Prudente,50.0,45.71,40.41,-0.73,0,0,0,2026-09-28 17:03:00
2026-09-28 17:03:47,V0219,Carro,No_B_Norte,Prudente,50.0,47.45,48.74,1.04,0,0,0,2026-09-28 17:03:00
2026-09-28 17:03:48,V0219,Carro,No_B_Norte,Prudente,50.0,48.75,36.3,-1.33,0,0,0,2026-09-28 17:03:00
2026-09-28 17:03:40,V0220,Carro,No_C_Leste,Agressivo,41.24,8.05,77.23,3.73,1,0,1,2026-09-28 17:03:00
2026-09-28 17:03:41,V0220,Carro,No_C_Leste,Agressivo,43.1,4.5,57.66,4.34,0,1,1,2026-09-28 17:03:00
2026-09-28 17:03:42,V0220,Carro,No_C_Leste,Agressivo,45.47,0.0,73.47,3.4,1,0,1,2026-09-28 17:03:00
2026-09-28 17:03:43,V0220,Carro,No_C_Leste,Agressivo,47.69,0.0,68.84,2.86,1,0,1,2026-09-28 17:03:00
2026-09-28 17:03:44,V0220,Carro,No_C_Leste,Agressivo,49.49,0.0,55.93,2.7,0,0,0,2026-09-28 17:03:00
2026-09-28 17:03:45,V0220,Carro,No_C_Leste,Agressivo,50.0,0.0,69.18,2.74,1,0,1,2026-09-28 17:03:00
2026-09-28 17:03:46,V0220,Carro,No_C_Leste,Agressivo,50.0,0.0,71.41,2.22,1,0,1,2026-09-28 17:03:00
2026-09-28 17:03:47,V0220,Carro,No_C_Leste,Agressivo,50.0,0.0,62.39,4.66,1,1,1,2026-09-28 17:03:00
2026-09-28 17:03:48,V0220,Carro,No_C_Leste,Agressivo,50.0,0.0,66.77,2.18,1,0,1,2026-09-28 17:03:00
2026-09-28 17:03:49,V0220,Carro,No_C_Leste,Agressivo,50.0,0.0,73.27,1.62,1,0,1,2026-09-28 17:03:00
2026-09-28 17:03:41,V0221,Carro,No_B_Norte,Agressivo,23.4,20.52,56.93,-1.17,0,0,0,2026-09-28 17:03:00
2026-09-28 17:03:42,V0221,Carro,No_B_Norte,Agressivo,24.04,16.88,53.22,0.25,0,0,0,2026-09-28 17:03:00
2026-09-28 17:03:43,V0221,Carro,No_B_Norte,Agressivo,24.96,11.68,76.03,3.23,1,0,1,2026-09-28 17:03:00
2026-09-28 17:03:44,V0221,Carro,No_B_Norte,Agressivo,25.79,7.02,68.12,-1.44,1,0,1,2026-09-28 17:03:00
2026-09-28 17:03:45,V0221,Carro,No_B_Norte,Agressivo,26.46,3.23,55.42,4.77,0,1,1,2026-09-28 17:03:00
2026-09-28 17:03:46,V0221,Carro,No_B_Norte,Agressivo,27.27,0.0,67.29,2.71,1,0,1,2026-09-28 17:03:00
2026-09-28 17:03:47,V0221,Carro,No_B_Norte,Agressivo,28.12,0.0,69.52,6.27,1,1,1,2026-09-28 17:03:00
2026-09-28 17:03:48,V0221,Carro,No_B_Norte,Agressivo,28.88,0.0,63.23,3.14,1,0,1,2026-09-28 17:03:00
2026-09-28 17:03:49,V0221,Carro,No_B_Norte,Agressivo,29.69,0.0,66.54,7.78,1,1,1,2026-09-28 17:03:00
2026-09-28 17:03:50,V0221,Carro,No_B_Norte,Agressivo,30.27,0.0,48.21,4.37,0,1,1,2026-09-28 17:03:00
2026-09-28 17:03:42,V0222,Carro,No_A_Centro,Prudente,10.61,11.98,35.61,-2.4,0,0,0,2026-09-28 17:03:00
2026-09-28 17:03:43,V0222,Carro,No_A_Centro,Prudente,13.36,11.1,41.56,1.78,0,0,0,2026-09-28 17:03:00
2026-09-28 17:03:44,V0222,Carro,No_A_Centro,Prudente,15.47,10.43,31.85,0.06,0,0,0,2026-09-28 17:03:00
2026-09-28 17:03:45,V0222,Carro,No_A_Centro,Prudente,17.88,9.66,36.47,0.52,0,0,0,2026-09-28 17:03:00
2026-09-28 17:03:46,V0222,Carro,No_A_Centro,Prudente,20.47,8.83,39.14,-1.36,0,0,0,2026-09-28 17:03:00
2026-09-28 17:03:47,V0222,Carro,No_A_Centro,Prudente,22.79,8.09,35.09,-0.83,0,0,0,2026-09-28 17:03:00
2026-09-28 17:03:48,V0222,Carro,No_A_Centro,Prudente,25.88,7.1,46.72,1.29,0,0,0,2026-09-28 17:03:00
2026-09-28 17:03:49,V0222,Carro,No_A_Centro,Prudente,28.43,6.29,38.44,1.23,0,0,0,2026-09-28 17:03:00
2026-09-28 17:03:50,V0222,Carro,No_A_Centro,Prudente,31.01,5.46,39.13,-0.33,0,0,0,2026-09-28 17:03:00
2026-09-28 17:03:51,V0222,Carro,No_A_Centro,Prudente,33.68,4.61,40.29,0.28,0,0,0,2026-09-28 17:03:00
2026-09-28 17:03:43,V0223,Carro,No_B_Norte,Agressivo,28.86,4.77,65.61,1.98,1,0,1,2026-09-28 17:03:00
2026-09-28 17:03:44,V0223,Carro,No_B_Norte,Agressivo,25.54,4.39,48.16,7.08,0,1,1,2026-09-28 17:03:00
2026-09-28 17:03:45,V0223,Carro,No_B_Norte,Agressivo,20.97,3.87,66.24,3.8,1,0,1,2026-09-28 17:03:00
2026-09-28 17:03:46,V0223,Carro,No_B_Norte,Agressivo,16.52,3.36,64.54,1.53,1,0,1,2026-09-28 17:03:00
2026-09-28 17:03:47,V0223,Carro,No_B_Norte,Agressivo,12.14,2.85,63.51,-0.2,1,0,1,2026-09-28 17:03:00
2026-09-28 17:03:48,V0223,Carro,No_B_Norte,Agressivo,6.39,2.19,83.22,0.53,1,0,1,2026-09-28 17:03:00
2026-09-28 17:03:49,V0223,Carro,No_B_Norte,Agressivo,2.48,1.74,56.74,2.12,0,0,0,2026-09-28 17:03:00
2026-09-28 17:03:50,V0223,Carro,No_B_Norte,Agressivo,0.0,1.15,75.3,3.03,1,0,1,2026-09-28 17:03:00
2026-09-28 17:03:51,V0223,Carro,No_B_Norte,Agressivo,0.0,0.71,55.11,5.51,0,1,1,2026-09-28 17:03:00
2026-09-28 17:03:52,V0223,Carro,No_B_Norte,Agressivo,0.0,0.15,70.85,4.08,1,1,1,2026-09-28 17:03:00
2026-09-28 17:03:44,V0224,Moto,No_B_Norte,Prudente,41.6,39.05,37.65,0.03,0,0,0,2026-09-28 17:03:00
2026-09-28 17:03:45,V0224,Moto,No_B_Norte,Prudente,39.43,37.46,38.71,-1.61,0,0,0,2026-09-28 17:03:00
2026-09-28 17:03:46,V0224,Moto,No_B_Norte,Prudente,36.94,35.63,44.58,2.06,0,0,0,2026-09-28 17:03:00
2026-09-28 17:03:47,V0224,Moto,No_B_Norte,Prudente,34.94,34.17,35.63,0.96,0,0,0,2026-09-28 17:03:00
2026-09-28 17:03:48,V0224,Moto,No_B_Norte,Prudente,32.93,32.7,35.79,0.13,0,0,0,2026-09-28 17:03:00
2026-09-28 17:03:49,V0224,Moto,No_B_Norte,Prudente,30.27,30.76,47.54,-0.52,0,0,0,2026-09-28 17:03:00
2026-09-28 17:03:50,V0224,Moto,No_B_Norte,Prudente,28.03,29.12,39.93,-1.8,0,0,0,2026-09-28 17:03:00
2026-09-28 17:03:51,V0224,Moto,No_B_Norte,Prudente,25.98,27.61,36.68,-1.91,0,0,0,2026-09-28 17:03:00
2026-09-28 17:03:52,V0224,Moto,No_B_Norte,Prudente,23.61,25.89,42.15,0.83,0,0,0,2026-09-28 17:03:00
2026-09-28 17:03:53,V0224,Moto,No_B_Norte,Prudente,21.43,24.29,38.89,0.29,0,0,0,2026-09-28 17:03:00
2026-09-28 17:03:45,V0225,Carro,No_A_Centro,Prudente,41.74,5.87,33.92,-1.12,0,0,0,2026-09-28 17:03:00
2026-09-28 17:03:46,V0225,Carro,No_A_Centro,Prudente,44.05,3.93,43.55,0.02,0,0,0,2026-09-28 17:03:00
2026-09-28 17:03:47,V0225,Carro,No_A_Centro,Prudente,46.14,2.17,39.31,-0.42,0,0,0,2026-09-28 17:03:00
2026-09-28 17:03:48,V0225,Carro,No_A_Centro,Prudente,48.18,0.45,38.47,1.05,0,0,0,2026-09-28 17:03:00
2026-09-28 17:03:49,V0225,Carro,No_A_Centro,Prudente,50.0,0.0,38.32,-1.34,0,0,0,2026-09-28 17:03:00
2026-09-28 17:03:50,V0225,Carro,No_A_Centro,Prudente,50.0,0.0,43.72,-0.2,0,0,0,2026-09-28 17:03:00
2026-09-28 17:03:51,V0225,Carro,No_A_Centro,Prudente,50.0,0.0,40.16,1.61,0,0,0,2026-09-28 17:03:00
2026-09-28 17:03:52,V0225,Carro,No_A_Centro,Prudente,50.0,0.0,39.9,0.29,0,0,0,2026-09-28 17:03:00
2026-09-28 17:03:53,V0225,Carro,No_A_Centro,Prudente,50.0,0.0,34.11,-0.22,0,0,0,2026-09-28 17:03:00
2026-09-28 17:03:54,V0225,Carro,No_A_Centro,Prudente,50.0,0.0,43.05,-1.56,0,0,0,2026-09-28 17:03:00
2026-09-28 17:03:46,V0226,Moto,No_B_Norte,Prudente,36.3,40.41,47.72,0.09,0,0,0,2026-09-28 17:03:00
2026-09-28 17:03:47,V0226,Moto,No_B_Norte,Prudente,38.79,38.12,48.71,2.05,0,0,0,2026-09-28 17:03:00
2026-09-28 17:03:48,V0226,Moto,No_B_Norte,Prudente,40.39,36.64,31.33,0.22,0,0,0,2026-09-28 17:03:00
2026-09-28 17:03:49,V0226,Moto,No_B_Norte,Prudente,42.45,34.74,40.43,-0.42,0,0,0,2026-09-28 17:03:00
2026-09-28 17:03:50,V0226,Moto,No_B_Norte,Prudente,44.62,32.75,42.46,0.04,0,0,0,2026-09-28 17:03:00
2026-09-28 17:03:51,V0226,Moto,No_B_Norte,Prudente,46.48,31.04,36.32,-0.03,0,0,0,2026-09-28 17:03:00
2026-09-28 17:03:52,V0226,Moto,No_B_Norte,Prudente,48.83,28.88,46.02,0.18,0,0,0,2026-09-28 17:03:00
2026-09-28 17:03:53,V0226,Moto,No_B_Norte,Prudente,50.0,26.85,43.13,-0.28,0,0,0,2026-09-28 17:03:00
2026-09-28 17:03:54,V0226,Moto,No_B_Norte,Prudente,50.0,24.86,42.26,-1.21,0,0,0,2026-09-28 17:03:00
2026-09-28 17:03:55,V0226,Moto,No_B_Norte,Prudente,50.0,23.1,37.5,-0.1,0,0,0,2026-09-28 17:03:00
2026-09-28 17:03:47,V0227,Carro,No_B_Norte,Agressivo,17.29,11.85,58.87,3.14,0,0,0,2026-09-28 17:03:00
2026-09-28 17:03:48,V0227,Carro,No_B_Norte,Agressivo,15.31,7.17,73.23,4.0,1,0,1,2026-09-28 17:03:00
2026-09-28 17:03:49,V0227,Carro,No_B_Norte,Agressivo,13.49,2.88,66.99,3.16,1,0,1,2026-09-28 17:03:00
2026-09-28 17:03:50,V0227,Carro,No_B_Norte,Agressivo,11.64,0.0,68.2,3.4,1,0,1,2026-09-28 17:03:00
2026-09-28 17:03:51,V0227,Carro,No_B_Norte,Agressivo,10.1,0.0,56.76,3.09,0,0,0,2026-09-28 17:03:00
2026-09-28 17:03:52,V0227,Carro,No_B_Norte,Agressivo,8.57,0.0,56.41,3.16,0,0,0,2026-09-28 17:03:00
2026-09-28 17:03:53,V0227,Carro,No_B_Norte,Agressivo,6.91,0.0,61.15,8.08,1,1,1,2026-09-28 17:03:00
2026-09-28 17:03:54,V0227,Carro,No_B_Norte,Agressivo,5.15,0.0,64.68,0.19,1,0,1,2026-09-28 17:03:00
2026-09-28 17:03:55,V0227,Carro,No_B_Norte,Agressivo,3.41,0.0,63.93,4.04,1,1,1,2026-09-28 17:03:00
2026-09-28 17:03:56,V0227,Carro,No_B_Norte,Agressivo,1.29,0.0,78.39,1.82,1,0,1,2026-09-28 17:03:00
2026-09-28 17:03:48,V0228,Carro,No_A_Centro,Prudente,26.89,18.37,38.37,-0.94,0,0,0,2026-09-28 17:03:00
2026-09-28 17:03:49,V0228,Carro,No_A_Centro,Prudente,24.73,19.73,36.75,0.61,0,0,0,2026-09-28 17:03:00
2026-09-28 17:03:50,V0228,Carro,No_A_Centro,Prudente,22.39,21.2,39.75,-0.83,0,0,0,2026-09-28 17:03:00
2026-09-28 17:03:51,V0228,Carro,No_A_Centro,Prudente,19.87,22.78,42.94,0.67,0,0,0,2026-09-28 17:03:00
2026-09-28 17:03:52,V0228,Carro,No_A_Centro,Prudente,17.61,24.2,38.31,0.14,0,0,0,2026-09-28 17:03:00
2026-09-28 17:03:53,V0228,Carro,No_A_Centro,Prudente,15.11,25.77,42.6,0.43,0,0,0,2026-09-28 17:03:00
2026-09-28 17:03:54,V0228,Carro,No_A_Centro,Prudente,12.74,27.25,40.2,1.43,0,0,0,2026-09-28 17:03:00
2026-09-28 17:03:55,V0228,Carro,No_A_Centro,Prudente,10.22,28.84,42.91,-0.45,0,0,0,2026-09-28 17:03:00
2026-09-28 17:03:56,V0228,Carro,No_A_Centro,Prudente,8.0,30.23,37.78,-0.56,0,0,0,2026-09-28 17:03:00
2026-09-28 17:03:57,V0228,Carro,No_A_Centro,Prudente,5.46,31.82,43.16,-0.62,0,0,0,2026-09-28 17:03:00
2026-09-28 17:03:49,V0229,Carro,No_C_Leste,Prudente,15.61,7.64,45.17,-0.41,0,0,0,2026-09-28 17:03:00
2026-09-28 17:03:50,V0229,Carro,No_C_Leste,Prudente,18.71,7.61,44.54,0.12,0,0,0,2026-09-28 17:03:00
2026-09-28 17:03:51,V0229,Carro,No_C_Leste,Prudente,21.44,7.59,39.38,-0.21,0,0,0,2026-09-28 17:03:00
2026-09-28 17:03:52,V0229,Carro,No_C_Leste,Prudente,24.48,7.56,43.73,0.33,0,0,0,2026-09-28 17:03:00
2026-09-28 17:03:53,V0229,Carro,No_C_Leste,Prudente,28.05,7.53,51.38,-0.85,0,0,0,2026-09-28 17:03:00
2026-09-28 17:03:54,V0229,Carro,No_C_Leste,Prudente,31.0,7.5,42.59,-0.53,0,0,0,2026-09-28 17:03:00
2026-09-28 17:03:55,V0229,Carro,No_C_Leste,Prudente,33.48,7.48,35.65,-0.01,0,0,0,2026-09-28 17:03:00
2026-09-28 17:03:56,V0229,Carro,No_C_Leste,Prudente,36.3,7.45,40.69,2.92,0,0,0,2026-09-28 17:03:00
2026-09-28 17:03:57,V0229,Carro,No_C_Leste,Prudente,39.02,7.43,39.08,-1.13,0,0,0,2026-09-28 17:03:00
2026-09-28 17:03:58,V0229,Carro,No_C_Leste,Prudente,41.89,7.4,41.37,-2.07,0,0,0,2026-09-28 17:03:00
2026-09-28 17:03:50,V0230,Carro,No_B_Norte,Prudente,28.6,2.87,35.59,1.4,0,0,0,2026-09-28 17:03:00
2026-09-28 17:03:51,V0230,Carro,No_B_Norte,Prudente,28.77,0.45,35.04,-0.55,0,0,0,2026-09-28 17:03:00
2026-09-28 17:03:52,V0230,Carro,No_B_Norte,Prudente,28.93,0.0,34.26,0.26,0,0,0,2026-09-28 17:03:00
2026-09-28 17:03:53,V0230,Carro,No_B_Norte,Prudente,29.15,0.0,46.84,-1.0,0,0,0,2026-09-28 17:03:00
2026-09-28 17:03:54,V0230,Carro,No_B_Norte,Prudente,29.3,0.0,29.7,1.09,0,0,0,2026-09-28 17:03:00
2026-09-28 17:03:55,V0230,Carro,No_B_Norte,Prudente,29.53,0.0,47.77,-2.0,0,0,0,2026-09-28 17:03:00
2026-09-28 17:03:56,V0230,Carro,No_B_Norte,Prudente,29.73,0.0,42.3,0.23,0,0,0,2026-09-28 17:03:00
2026-09-28 17:03:57,V0230,Carro,No_B_Norte,Prudente,29.9,0.0,36.06,-1.39,0,0,0,2026-09-28 17:03:00
2026-09-28 17:03:58,V0230,Carro,No_B_Norte,Prudente,30.12,0.0,44.96,0.18,0,0,0,2026-09-28 17:03:00
2026-09-28 17:03:59,V0230,Carro,No_B_Norte,Prudente,30.32,0.0,41.27,-0.62,0,0,0,2026-09-28 17:03:00
2026-09-28 17:03:51,V0231,Carro,No_B_Norte,Infrator,27.4,25.74,90.56,3.23,1,0,1,2026-09-28 17:03:00
2026-09-28 17:03:52,V0231,Carro,No_B_Norte,Infrator,31.81,27.14,66.53,3.71,1,0,1,2026-09-28 17:03:00
2026-09-28 17:03:53,V0231,Carro,No_B_Norte,Infrator,38.11,29.15,95.29,3.99,1,0,1,2026-09-28 17:03:00
2026-09-28 17:03:54,V0231,Carro,No_B_Norte,Infrator,43.17,30.77,76.54,7.78,1,1,1,2026-09-28 17:03:00
2026-09-28 17:03:55,V0231,Carro,No_B_Norte,Infrator,48.58,32.49,81.69,3.47,1,0,1,2026-09-28 17:03:00
2026-09-28 17:03:56,V0231,Carro,No_B_Norte,Infrator,50.0,34.32,86.49,7.31,1,1,1,2026-09-28 17:03:00
2026-09-28 17:03:57,V0231,Carro,No_B_Norte,Infrator,50.0,36.62,108.82,7.48,1,1,1,2026-09-28 17:03:00
2026-09-28 17:03:58,V0231,Carro,No_B_Norte,Infrator,50.0,38.66,96.6,3.48,1,0,1,2026-09-28 17:03:00
2026-09-28 17:03:59,V0231,Carro,No_B_Norte,Infrator,50.0,40.23,74.74,5.19,1,1,1,2026-09-28 17:03:00
2026-09-28 17:04:00,V0231,Carro,No_B_Norte,Infrator,50.0,42.05,86.07,1.76,1,0,1,2026-09-28 17:04:00
2026-09-28 17:03:52,V0232,Carro,No_B_Norte,Agressivo,45.25,14.35,58.81,4.62,0,1,1,2026-09-28 17:03:00
2026-09-28 17:03:53,V0232,Carro,No_B_Norte,Agressivo,48.01,11.39,58.25,4.28,0,1,1,2026-09-28 17:03:00
2026-09-28 17:03:54,V0232,Carro,No_B_Norte,Agressivo,50.0,8.08,65.25,-1.66,1,0,1,2026-09-28 17:03:00
2026-09-28 17:03:55,V0232,Carro,No_B_Norte,Agressivo,50.0,5.01,60.4,3.67,1,0,1,2026-09-28 17:03:00
2026-09-28 17:03:56,V0232,Carro,No_B_Norte,Agressivo,50.0,1.88,61.75,-2.09,1,0,1,2026-09-28 17:03:00
2026-09-28 17:03:57,V0232,Carro,No_B_Norte,Agressivo,50.0,0.0,75.57,3.34,1,0,1,2026-09-28 17:03:00
2026-09-28 17:03:58,V0232,Carro,No_B_Norte,Agressivo,50.0,0.0,68.55,2.05,1,0,1,2026-09-28 17:03:00
2026-09-28 17:03:59,V0232,Carro,No_B_Norte,Agressivo,50.0,0.0,69.25,6.67,1,1,1,2026-09-28 17:03:00
2026-09-28 17:04:00,V0232,Carro,No_B_Norte,Agressivo,50.0,0.0,59.12,6.33,0,1,1,2026-09-28 17:04:00
2026-09-28 17:04:01,V0232,Carro,No_B_Norte,Agressivo,50.0,0.0,68.19,1.26,1,0,1,2026-09-28 17:04:00
2026-09-28 17:03:53,V0233,Carro,No_B_Norte,Prudente,24.5,32.99,40.9,0.84,0,0,0,2026-09-28 17:03:00
2026-09-28 17:03:54,V0233,Carro,No_B_Norte,Prudente,23.06,35.33,39.49,-0.84,0,0,0,2026-09-28 17:03:00
2026-09-28 17:03:55,V0233,Carro,No_B_Norte,Prudente,21.46,37.91,43.75,0.65,0,0,0,2026-09-28 17:03:00
2026-09-28 17:03:56,V0233,Carro,No_B_Norte,Prudente,19.82,40.56,44.86,-0.01,0,0,0,2026-09-28 17:03:00
2026-09-28 17:03:57,V0233,Carro,No_B_Norte,Prudente,18.47,42.75,37.0,-1.56,0,0,0,2026-09-28 17:03:00
2026-09-28 17:03:58,V0233,Carro,No_B_Norte,Prudente,16.87,45.36,44.1,0.42,0,0,0,2026-09-28 17:03:00
2026-09-28 17:03:59,V0233,Carro,No_B_Norte,Prudente,15.58,47.43,35.17,-0.54,0,0,0,2026-09-28 17:03:00
2026-09-28 17:04:00,V0233,Carro,No_B_Norte,Prudente,14.21,49.66,37.67,-1.48,0,0,0,2026-09-28 17:04:00
2026-09-28 17:04:01,V0233,Carro,No_B_Norte,Prudente,12.9,50.0,35.91,-1.13,0,0,0,2026-09-28 17:04:00
2026-09-28 17:04:02,V0233,Carro,No_B_Norte,Prudente,11.52,50.0,37.94,-0.74,0,0,0,2026-09-28 17:04:00
2026-09-28 17:03:54,V0234,Moto,No_B_Norte,Prudente,26.21,25.09,42.31,0.29,0,0,0,2026-09-28 17:03:00
2026-09-28 17:03:55,V0234,Moto,No_B_Norte,Prudente,24.78,27.15,36.17,1.17,0,0,0,2026-09-28 17:03:00
2026-09-28 17:03:56,V0234,Moto,No_B_Norte,Prudente,23.32,29.24,36.71,0.46,0,0,0,2026-09-28 17:03:00
2026-09-28 17:03:57,V0234,Moto,No_B_Norte,Prudente,21.81,31.42,38.19,-0.87,0,0,0,2026-09-28 17:03:00
2026-09-28 17:03:58,V0234,Moto,No_B_Norte,Prudente,20.34,33.53,36.97,0.73,0,0,0,2026-09-28 17:03:00
2026-09-28 17:03:59,V0234,Moto,No_B_Norte,Prudente,18.69,35.91,41.81,0.97,0,0,0,2026-09-28 17:03:00
2026-09-28 17:04:00,V0234,Moto,No_B_Norte,Prudente,17.03,38.29,41.8,-1.61,0,0,0,2026-09-28 17:04:00
2026-09-28 17:04:01,V0234,Moto,No_B_Norte,Prudente,15.02,41.18,50.57,0.38,0,0,0,2026-09-28 17:04:00
2026-09-28 17:04:02,V0234,Moto,No_B_Norte,Prudente,13.34,43.6,42.57,-0.38,0,0,0,2026-09-28 17:04:00
2026-09-28 17:04:03,V0234,Moto,No_B_Norte,Prudente,11.53,46.2,45.57,-1.09,0,0,0,2026-09-28 17:04:00
2026-09-28 17:03:55,V0235,Carro,No_C_Leste,Prudente,4.15,21.92,36.12,0.08,0,0,0,2026-09-28 17:03:00
2026-09-28 17:03:56,V0235,Carro,No_C_Leste,Prudente,2.62,23.97,36.79,0.66,0,0,0,2026-09-28 17:03:00
2026-09-28 17:03:57,V0235,Carro,No_C_Leste,Prudente,0.76,26.49,45.13,0.6,0,0,0,2026-09-28 17:03:00
2026-09-28 17:03:58,V0235,Carro,No_C_Leste,Prudente,0.0,29.17,48.09,0.42,0,0,0,2026-09-28 17:03:00
2026-09-28 17:03:59,V0235,Carro,No_C_Leste,Prudente,0.0,31.06,33.92,1.36,0,0,0,2026-09-28 17:03:00
2026-09-28 17:04:00,V0235,Carro,No_C_Leste,Prudente,0.0,33.12,36.97,0.91,0,0,0,2026-09-28 17:04:00
2026-09-28 17:04:01,V0235,Carro,No_C_Leste,Prudente,0.0,35.79,47.87,0.46,0,0,0,2026-09-28 17:04:00
2026-09-28 17:04:02,V0235,Carro,No_C_Leste,Prudente,0.0,37.6,32.52,-0.92,0,0,0,2026-09-28 17:04:00
2026-09-28 17:04:03,V0235,Carro,No_C_Leste,Prudente,0.0,40.2,46.61,-0.17,0,0,0,2026-09-28 17:04:00
2026-09-28 17:04:04,V0235,Carro,No_C_Leste,Prudente,0.0,42.45,40.4,0.76,0,0,0,2026-09-28 17:04:00
2026-09-28 17:03:56,V0236,Carro,No_B_Norte,Prudente,33.94,42.9,43.82,-0.98,0,0,0,2026-09-28 17:03:00
2026-09-28 17:03:57,V0236,Carro,No_B_Norte,Prudente,36.28,44.57,41.42,0.26,0,0,0,2026-09-28 17:03:00
2026-09-28 17:03:58,V0236,Carro,No_B_Norte,Prudente,38.31,46.01,35.89,-0.17,0,0,0,2026-09-28 17:03:00
2026-09-28 17:03:59,V0236,Carro,No_B_Norte,Prudente,40.15,47.32,32.5,-0.35,0,0,0,2026-09-28 17:03:00
2026-09-28 17:04:00,V0236,Carro,No_B_Norte,Prudente,42.68,49.13,44.87,-0.75,0,0,0,2026-09-28 17:04:00
2026-09-28 17:04:01,V0236,Carro,No_B_Norte,Prudente,45.49,50.0,49.54,-1.44,0,0,0,2026-09-28 17:04:00
2026-09-28 17:04:02,V0236,Carro,No_B_Norte,Prudente,47.67,50.0,38.7,-0.66,0,0,0,2026-09-28 17:04:00
2026-09-28 17:04:03,V0236,Carro,No_B_Norte,Prudente,49.89,50.0,39.1,1.37,0,0,0,2026-09-28 17:04:00
2026-09-28 17:04:04,V0236,Carro,No_B_Norte,Prudente,50.0,50.0,35.08,-0.45,0,0,0,2026-09-28 17:04:00
2026-09-28 17:04:05,V0236,Carro,No_B_Norte,Prudente,50.0,50.0,43.27,0.09,0,0,0,2026-09-28 17:04:00
2026-09-28 17:03:57,V0237,Carro,No_C_Leste,Prudente,8.07,13.34,45.42,0.21,0,0,0,2026-09-28 17:03:00
2026-09-28 17:03:58,V0237,Carro,No_C_Leste,Prudente,10.71,12.26,40.99,-0.01,0,0,0,2026-09-28 17:03:00
2026-09-28 17:03:59,V0237,Carro,No_C_Leste,Prudente,13.12,11.28,37.41,0.22,0,0,0,2026-09-28 17:03:00
2026-09-28 17:04:00,V0237,Carro,No_C_Leste,Prudente,15.84,10.17,42.38,-1.75,0,0,0,2026-09-28 17:04:00
2026-09-28 17:04:01,V0237,Carro,No_C_Leste,Prudente,18.24,9.19,37.31,-0.25,0,0,0,2026-09-28 17:04:00
2026-09-28 17:04:02,V0237,Carro,No_C_Leste,Prudente,20.9,8.11,41.28,1.19,0,0,0,2026-09-28 17:04:00
2026-09-28 17:04:03,V0237,Carro,No_C_Leste,Prudente,23.22,7.17,36.14,-0.5,0,0,0,2026-09-28 17:04:00
2026-09-28 17:04:04,V0237,Carro,No_C_Leste,Prudente,25.63,6.19,37.44,-0.8,0,0,0,2026-09-28 17:04:00
2026-09-28 17:04:05,V0237,Carro,No_C_Leste,Prudente,28.09,5.18,38.26,0.77,0,0,0,2026-09-28 17:04:00
2026-09-28 17:04:06,V0237,Carro,No_C_Leste,Prudente,30.32,4.27,34.73,0.43,0,0,0,2026-09-28 17:04:00
2026-09-28 17:03:58,V0238,Caminhao,No_A_Centro,Prudente,21.96,13.63,41.3,-0.02,0,0,0,2026-09-28 17:03:00
2026-09-28 17:03:59,V0238,Caminhao,No_A_Centro,Prudente,21.73,10.92,39.21,-0.49,0,0,0,2026-09-28 17:03:00
2026-09-28 17:04:00,V0238,Caminhao,No_A_Centro,Prudente,21.48,7.94,43.1,-3.58,0,0,0,2026-09-28 17:04:00
2026-09-28 17:04:01,V0238,Caminhao,No_A_Centro,Prudente,21.22,4.77,45.68,-0.91,0,0,0,2026-09-28 17:04:00
2026-09-28 17:04:02,V0238,Caminhao,No_A_Centro,Prudente,20.98,1.86,42.04,0.36,0,0,0,2026-09-28 17:04:00
2026-09-28 17:04:03,V0238,Caminhao,No_A_Centro,Prudente,20.71,0.0,46.37,0.2,0,0,0,2026-09-28 17:04:00
2026-09-28 17:04:04,V0238,Caminhao,No_A_Centro,Prudente,20.5,0.0,35.85,-1.6,0,0,0,2026-09-28 17:04:00
2026-09-28 17:04:05,V0238,Caminhao,No_A_Centro,Prudente,20.28,0.0,38.26,-1.96,0,0,0,2026-09-28 17:04:00
2026-09-28 17:04:06,V0238,Caminhao,No_A_Centro,Prudente,20.07,0.0,36.86,-0.29,0,0,0,2026-09-28 17:04:00
2026-09-28 17:04:07,V0238,Caminhao,No_A_Centro,Prudente,19.86,0.0,36.55,0.04,0,0,0,2026-09-28 17:04:00
2026-09-28 17:03:59,V0239,Carro,No_B_Norte,Prudente,6.25,14.5,46.82,-0.3,0,0,0,2026-09-28 17:03:00
2026-09-28 17:04:00,V0239,Carro,No_B_Norte,Prudente,3.71,15.08,37.56,1.59,0,0,0,2026-09-28 17:04:00
2026-09-28 17:04:01,V0239,Carro,No_B_Norte,Prudente,1.42,15.6,33.79,-1.13,0,0,0,2026-09-28 17:04:00
2026-09-28 17:04:02,V0239,Carro,No_B_Norte,Prudente,0.0,16.13,34.52,-0.07,0,0,0,2026-09-28 17:04:00
2026-09-28 17:04:03,V0239,Carro,No_B_Norte,Prudente,0.0,16.78,42.16,0.74,0,0,0,2026-09-28 17:04:00
2026-09-28 17:04:04,V0239,Carro,No_B_Norte,Prudente,0.0,17.6,52.86,-2.25,0,0,0,2026-09-28 17:04:00
2026-09-28 17:04:05,V0239,Carro,No_B_Norte,Prudente,0.0,18.26,43.04,-0.56,0,0,0,2026-09-28 17:04:00
2026-09-28 17:04:06,V0239,Carro,No_B_Norte,Prudente,0.0,18.83,37.07,-0.62,0,0,0,2026-09-28 17:04:00
2026-09-28 17:04:07,V0239,Carro,No_B_Norte,Prudente,0.0,19.38,35.46,1.68,0,0,0,2026-09-28 17:04:00
2026-09-28 17:04:08,V0239,Carro,No_B_Norte,Prudente,0.0,20.06,44.21,0.02,0,0,0,2026-09-28 17:04:00
2026-09-28 17:04:00,V0240,Carro,No_B_Norte,Prudente,39.56,13.05,34.61,0.38,0,0,0,2026-09-28 17:04:00
2026-09-28 17:04:01,V0240,Carro,No_B_Norte,Prudente,37.78,15.02,38.22,-1.3,0,0,0,2026-09-28 17:04:00
2026-09-28 17:04:02,V0240,Carro,No_B_Norte,Prudente,35.42,17.65,50.89,-1.12,0,0,0,2026-09-28 17:04:00
2026-09-28 17:04:03,V0240,Carro,No_B_Norte,Prudente,33.3,19.99,45.46,-1.48,0,0,0,2026-09-28 17:04:00
2026-09-28 17:04:04,V0240,Carro,No_B_Norte,Prudente,31.34,22.18,42.28,-0.25,0,0,0,2026-09-28 17:04:00
2026-09-28 17:04:05,V0240,Carro,No_B_Norte,Prudente,29.63,24.08,36.85,0.2,0,0,0,2026-09-28 17:04:00
2026-09-28 17:04:06,V0240,Carro,No_B_Norte,Prudente,27.76,26.16,40.31,-0.81,0,0,0,2026-09-28 17:04:00
2026-09-28 17:04:07,V0240,Carro,No_B_Norte,Prudente,26.1,28.0,35.71,-1.57,0,0,0,2026-09-28 17:04:00
2026-09-28 17:04:08,V0240,Carro,No_B_Norte,Prudente,24.17,30.15,41.53,-1.25,0,0,0,2026-09-28 17:04:00
2026-09-28 17:04:09,V0240,Carro,No_B_Norte,Prudente,22.31,32.21,40.02,0.59,0,0,0,2026-09-28 17:04:00
2026-09-28 17:04:01,V0241,Carro,No_B_Norte,Agressivo,5.95,33.51,63.36,5.24,1,1,1,2026-09-28 17:04:00
2026-09-28 17:04:02,V0241,Carro,No_B_Norte,Agressivo,3.69,37.07,60.79,1.95,1,0,1,2026-09-28 17:04:00
2026-09-28 17:04:03,V0241,Carro,No_B_Norte,Agressivo,1.49,40.52,58.89,4.75,0,1,1,2026-09-28 17:04:00
2026-09-28 17:04:04,V0241,Carro,No_B_Norte,Agressivo,0.0,44.0,59.32,4.29,0,1,1,2026-09-28 17:04:00
2026-09-28 17:04:05,V0241,Carro,No_B_Norte,Agressivo,0.0,47.63,61.94,-0.95,1,0,1,2026-09-28 17:04:00
2026-09-28 17:04:06,V0241,Carro,No_B_Norte,Agressivo,0.0,50.0,60.44,0.64,1,0,1,2026-09-28 17:04:00
2026-09-28 17:04:07,V0241,Carro,No_B_Norte,Agressivo,0.0,50.0,65.27,0.62,1,0,1,2026-09-28 17:04:00
2026-09-28 17:04:08,V0241,Carro,No_B_Norte,Agressivo,0.0,50.0,72.41,2.82,1,0,1,2026-09-28 17:04:00
2026-09-28 17:04:09,V0241,Carro,No_B_Norte,Agressivo,0.0,50.0,63.58,4.31,1,1,1,2026-09-28 17:04:00
2026-09-28 17:04:10,V0241,Carro,No_B_Norte,Agressivo,0.0,50.0,72.71,2.96,1,0,1,2026-09-28 17:04:00
2026-09-28 17:04:02,V0242,Carro,No_B_Norte,Prudente,36.3,7.2,32.72,-0.42,0,0,0,2026-09-28 17:04:00
2026-09-28 17:04:03,V0242,Carro,No_B_Norte,Prudente,35.31,9.3,33.43,0.79,0,0,0,2026-09-28 17:04:00
2026-09-28 17:04:04,V0242,Carro,No_B_Norte,Prudente,34.07,11.95,42.09,0.36,0,0,0,2026-09-28 17:04:00
2026-09-28 17:04:05,V0242,Carro,No_B_Norte,Prudente,33.27,13.64,26.98,-0.53,0,0,0,2026-09-28 17:04:00
2026-09-28 17:04:06,V0242,Carro,No_B_Norte,Prudente,32.19,15.93,36.51,-0.95,0,0,0,2026-09-28 17:04:00
2026-09-28 17:04:07,V0242,Carro,No_B_Norte,Prudente,31.06,18.32,37.92,-1.13,0,0,0,2026-09-28 17:04:00
2026-09-28 17:04:08,V0242,Carro,No_B_Norte,Prudente,29.85,20.9,41.08,0.77,0,0,0,2026-09-28 17:04:00
2026-09-28 17:04:09,V0242,Carro,No_B_Norte,Prudente,28.56,23.62,43.4,-0.14,0,0,0,2026-09-28 17:04:00
2026-09-28 17:04:10,V0242,Carro,No_B_Norte,Prudente,27.09,26.77,50.0,1.14,0,0,0,2026-09-28 17:04:00
2026-09-28 17:04:11,V0242,Carro,No_B_Norte,Prudente,25.92,29.25,39.49,-0.48,0,0,0,2026-09-28 17:04:00
2026-09-28 17:04:03,V0243,Carro,No_B_Norte,Prudente,29.31,30.97,36.86,-0.28,0,0,0,2026-09-28 17:04:00
2026-09-28 17:04:04,V0243,Carro,No_B_Norte,Prudente,27.75,29.12,34.82,-0.2,0,0,0,2026-09-28 17:04:00
2026-09-28 17:04:05,V0243,Carro,No_B_Norte,Prudente,25.96,27.02,39.82,0.66,0,0,0,2026-09-28 17:04:00
2026-09-28 17:04:06,V0243,Carro,No_B_Norte,Prudente,23.92,24.61,45.45,-0.75,0,0,0,2026-09-28 17:04:00
2026-09-28 17:04:07,V0243,Carro,No_B_Norte,Prudente,22.57,23.01,30.16,-0.02,0,0,0,2026-09-28 17:04:00
2026-09-28 17:04:08,V0243,Carro,No_B_Norte,Prudente,20.71,20.81,41.47,0.25,0,0,0,2026-09-28 17:04:00
2026-09-28 17:04:09,V0243,Carro,No_B_Norte,Prudente,18.98,18.78,38.37,0.12,0,0,0,2026-09-28 17:04:00
2026-09-28 17:04:10,V0243,Carro,No_B_Norte,Prudente,16.85,16.26,47.58,0.38,0,0,0,2026-09-28 17:04:00
2026-09-28 17:04:11,V0243,Carro,No_B_Norte,Prudente,15.14,14.24,38.13,-0.5,0,0,0,2026-09-28 17:04:00
2026-09-28 17:04:12,V0243,Carro,No_B_Norte,Prudente,13.38,12.16,39.15,1.64,0,0,0,2026-09-28 17:04:00
2026-09-28 17:04:04,V0244,Carro,No_A_Centro,Infrator,25.55,0.0,91.2,-1.39,1,0,1,2026-09-28 17:04:00
2026-09-28 17:04:05,V0244,Carro,No_A_Centro,Infrator,28.39,0.0,96.84,8.11,1,1,1,2026-09-28 17:04:00
2026-09-28 17:04:06,V0244,Carro,No_A_Centro,Infrator,30.89,0.0,85.41,6.79,1,1,1,2026-09-28 17:04:00
2026-09-28 17:04:07,V0244,Carro,No_A_Centro,Infrator,33.54,0.0,90.29,4.65,1,1,1,2026-09-28 17:04:00
2026-09-28 17:04:08,V0244,Carro,No_A_Centro,Infrator,35.63,0.0,71.26,7.9,1,1,1,2026-09-28 17:04:00
2026-09-28 17:04:09,V0244,Carro,No_A_Centro,Infrator,38.54,0.0,99.07,1.37,1,0,1,2026-09-28 17:04:00
2026-09-28 17:04:10,V0244,Carro,No_A_Centro,Infrator,40.61,0.0,70.89,4.59,1,1,1,2026-09-28 17:04:00
2026-09-28 17:04:11,V0244,Carro,No_A_Centro,Infrator,42.92,0.0,78.74,5.43,1,1,1,2026-09-28 17:04:00
2026-09-28 17:04:12,V0244,Carro,No_A_Centro,Infrator,45.77,0.0,97.08,-1.74,1,0,1,2026-09-28 17:04:00
2026-09-28 17:04:13,V0244,Carro,No_A_Centro,Infrator,48.73,0.0,100.81,3.78,1,0,1,2026-09-28 17:04:00
2026-09-28 17:04:05,V0245,Carro,No_B_Norte,Prudente,40.87,36.53,40.83,-1.38,0,0,0,2026-09-28 17:04:00
2026-09-28 17:04:06,V0245,Carro,No_B_Norte,Prudente,43.4,37.16,37.58,0.84,0,0,0,2026-09-28 17:04:00
2026-09-28 17:04:07,V0245,Carro,No_B_Norte,Prudente,45.74,37.75,34.74,-2.53,0,0,0,2026-09-28 17:04:00
2026-09-28 17:04:08,V0245,Carro,No_B_Norte,Prudente,48.36,38.4,38.86,-0.14,0,0,0,2026-09-28 17:04:00
2026-09-28 17:04:09,V0245,Carro,No_B_Norte,Prudente,50.0,39.08,40.68,0.73,0,0,0,2026-09-28 17:04:00
2026-09-28 17:04:10,V0245,Carro,No_B_Norte,Prudente,50.0,39.81,43.19,0.26,0,0,0,2026-09-28 17:04:00
2026-09-28 17:04:11,V0245,Carro,No_B_Norte,Prudente,50.0,40.58,45.98,-1.52,0,0,0,2026-09-28 17:04:00
2026-09-28 17:04:12,V0245,Carro,No_B_Norte,Prudente,50.0,41.29,42.52,0.63,0,0,0,2026-09-28 17:04:00
2026-09-28 17:04:13,V0245,Carro,No_B_Norte,Prudente,50.0,41.86,33.8,-1.5,0,0,0,2026-09-28 17:04:00
2026-09-28 17:04:14,V0245,Carro,No_B_Norte,Prudente,50.0,42.46,36.27,-0.66,0,0,0,2026-09-28 17:04:00
2026-09-28 17:04:06,V0246,Carro,No_B_Norte,Prudente,14.5,39.97,40.1,-1.39,0,0,0,2026-09-28 17:04:00
2026-09-28 17:04:07,V0246,Carro,No_B_Norte,Prudente,14.01,42.57,38.08,0.54,0,0,0,2026-09-28 17:04:00
2026-09-28 17:04:08,V0246,Carro,No_B_Norte,Prudente,13.51,45.23,38.9,-0.64,0,0,0,2026-09-28 17:04:00
2026-09-28 17:04:09,V0246,Carro,No_B_Norte,Prudente,12.98,48.07,41.66,1.62,0,0,0,2026-09-28 17:04:00
2026-09-28 17:04:10,V0246,Carro,No_B_Norte,Prudente,12.43,50.0,42.31,1.3,0,0,0,2026-09-28 17:04:00
2026-09-28 17:04:11,V0246,Carro,No_B_Norte,Prudente,11.95,50.0,37.11,-0.01,0,0,0,2026-09-28 17:04:00
2026-09-28 17:04:12,V0246,Carro,No_B_Norte,Prudente,11.44,50.0,39.86,0.12,0,0,0,2026-09-28 17:04:00
2026-09-28 17:04:13,V0246,Carro,No_B_Norte,Prudente,10.9,50.0,42.2,-0.92,0,0,0,2026-09-28 17:04:00
2026-09-28 17:04:14,V0246,Carro,No_B_Norte,Prudente,10.34,50.0,43.24,-1.63,0,0,0,2026-09-28 17:04:00
2026-09-28 17:04:15,V0246,Carro,No_B_Norte,Prudente,9.91,50.0,33.32,2.14,0,0,0,2026-09-28 17:04:00
2026-09-28 17:04:07,V0247,Carro,No_A_Centro,Prudente,35.14,16.7,50.18,0.47,0,0,0,2026-09-28 17:04:00
2026-09-28 17:04:08,V0247,Carro,No_A_Centro,Prudente,32.67,17.53,37.54,1.33,0,0,0,2026-09-28 17:04:00
2026-09-28 17:04:09,V0247,Carro,No_A_Centro,Prudente,30.35,18.3,35.14,0.41,0,0,0,2026-09-28 17:04:00
2026-09-28 17:04:10,V0247,Carro,No_A_Centro,Prudente,27.78,19.17,39.14,0.64,0,0,0,2026-09-28 17:04:00
2026-09-28 17:04:11,V0247,Carro,No_A_Centro,Prudente,25.16,20.04,39.68,-1.45,0,0,0,2026-09-28 17:04:00
2026-09-28 17:04:12,V0247,Carro,No_A_Centro,Prudente,22.5,20.93,40.38,1.05,0,0,0,2026-09-28 17:04:00
2026-09-28 17:04:13,V0247,Carro,No_A_Centro,Prudente,19.88,21.81,39.85,0.78,0,0,0,2026-09-28 17:04:00
2026-09-28 17:04:14,V0247,Carro,No_A_Centro,Prudente,17.59,22.57,34.77,-0.03,0,0,0,2026-09-28 17:04:00
2026-09-28 17:04:15,V0247,Carro,No_A_Centro,Prudente,15.16,23.39,36.88,0.75,0,0,0,2026-09-28 17:04:00
2026-09-28 17:04:16,V0247,Carro,No_A_Centro,Prudente,12.52,24.27,40.16,0.69,0,0,0,2026-09-28 17:04:00
2026-09-28 17:04:08,V0248,Moto,No_B_Norte,Prudente,33.87,38.07,37.86,0.09,0,0,0,2026-09-28 17:04:00
2026-09-28 17:04:09,V0248,Moto,No_B_Norte,Prudente,35.47,39.8,33.91,-0.01,0,0,0,2026-09-28 17:04:00
2026-09-28 17:04:10,V0248,Moto,No_B_Norte,Prudente,37.25,41.71,37.61,-1.12,0,0,0,2026-09-28 17:04:00
2026-09-28 17:04:11,V0248,Moto,No_B_Norte,Prudente,39.6,44.25,49.88,-1.08,0,0,0,2026-09-28 17:04:00
2026-09-28 17:04:12,V0248,Moto,No_B_Norte,Prudente,41.49,46.29,40.03,-0.8,0,0,0,2026-09-28 17:04:00
2026-09-28 17:04:13,V0248,Moto,No_B_Norte,Prudente,43.45,48.4,41.49,-1.27,0,0,0,2026-09-28 17:04:00
2026-09-28 17:04:14,V0248,Moto,No_B_Norte,Prudente,45.54,50.0,44.2,2.04,0,0,0,2026-09-28 17:04:00
2026-09-28 17:04:15,V0248,Moto,No_B_Norte,Prudente,47.23,50.0,35.8,1.22,0,0,0,2026-09-28 17:04:00
2026-09-28 17:04:16,V0248,Moto,No_B_Norte,Prudente,49.03,50.0,38.09,1.51,0,0,0,2026-09-28 17:04:00
2026-09-28 17:04:17,V0248,Moto,No_B_Norte,Prudente,50.0,50.0,50.94,-0.23,0,0,0,2026-09-28 17:04:00
2026-09-28 17:04:09,V0249,Carro,No_C_Leste,Agressivo,2.64,28.31,60.57,2.49,1,0,1,2026-09-28 17:04:00
2026-09-28 17:04:10,V0249,Carro,No_C_Leste,Agressivo,0.0,25.53,58.97,3.77,0,0,0,2026-09-28 17:04:00
2026-09-28 17:04:11,V0249,Carro,No_C_Leste,Agressivo,0.0,22.05,74.0,-0.49,1,0,1,2026-09-28 17:04:00
2026-09-28 17:04:12,V0249,Carro,No_C_Leste,Agressivo,0.0,18.83,68.28,2.45,1,0,1,2026-09-28 17:04:00
2026-09-28 17:04:13,V0249,Carro,No_C_Leste,Agressivo,0.0,15.73,65.91,3.92,1,0,1,2026-09-28 17:04:00
2026-09-28 17:04:14,V0249,Carro,No_C_Leste,Agressivo,0.0,12.74,63.49,2.79,1,0,1,2026-09-28 17:04:00
2026-09-28 17:04:15,V0249,Carro,No_C_Leste,Agressivo,0.0,9.76,63.29,4.94,1,1,1,2026-09-28 17:04:00
2026-09-28 17:04:16,V0249,Carro,No_C_Leste,Agressivo,0.0,6.54,68.35,3.44,1,0,1,2026-09-28 17:04:00
2026-09-28 17:04:17,V0249,Carro,No_C_Leste,Agressivo,0.0,3.96,54.83,2.24,0,0,0,2026-09-28 17:04:00
2026-09-28 17:04:18,V0249,Carro,No_C_Leste,Agressivo,0.0,0.56,72.19,3.08,1,0,1,2026-09-28 17:04:00
2026-09-28 17:04:10,V0250,Carro,No_C_Leste,Prudente,36.09,4.76,44.28,0.15,0,0,0,2026-09-28 17:04:00
2026-09-28 17:04:11,V0250,Carro,No_C_Leste,Prudente,35.1,2.13,40.47,-1.05,0,0,0,2026-09-28 17:04:00
2026-09-28 17:04:12,V0250,Carro,No_C_Leste,Prudente,34.14,0.0,38.85,0.97,0,0,0,2026-09-28 17:04:00
2026-09-28 17:04:13,V0250,Carro,No_C_Leste,Prudente,33.26,0.0,36.12,-0.03,0,0,0,2026-09-28 17:04:00
2026-09-28 17:04:14,V0250,Carro,No_C_Leste,Prudente,32.39,0.0,35.32,-1.18,0,0,0,2026-09-28 17:04:00
2026-09-28 17:04:15,V0250,Carro,No_C_Leste,Prudente,31.42,0.0,39.58,0.17,0,0,0,2026-09-28 17:04:00
2026-09-28 17:04:16,V0250,Carro,No_C_Leste,Prudente,30.2,0.0,49.97,-0.46,0,0,0,2026-09-28 17:04:00
2026-09-28 17:04:17,V0250,Carro,No_C_Leste,Prudente,29.22,0.0,39.75,-1.25,0,0,0,2026-09-28 17:04:00
2026-09-28 17:04:18,V0250,Carro,No_C_Leste,Prudente,28.17,0.0,43.06,0.4,0,0,0,2026-09-28 17:04:00
2026-09-28 17:04:19,V0250,Carro,No_C_Leste,Prudente,27.0,0.0,47.44,1.11,0,0,0,2026-09-28 17:04:00
2026-09-28 17:04:11,V0251,Carro,No_B_Norte,Infrator,13.68,46.82,77.6,7.59,1,1,1,2026-09-28 17:04:00
2026-09-28 17:04:12,V0251,Carro,No_B_Norte,Infrator,17.72,50.0,86.51,5.9,1,1,1,2026-09-28 17:04:00
2026-09-28 17:04:13,V0251,Carro,No_B_Norte,Infrator,21.32,50.0,77.17,7.12,1,1,1,2026-09-28 17:04:00
2026-09-28 17:04:14,V0251,Carro,No_B_Norte,Infrator,26.27,50.0,105.85,1.98,1,0,1,2026-09-28 17:04:00
2026-09-28 17:04:15,V0251,Carro,No_B_Norte,Infrator,30.08,50.0,81.6,5.69,1,1,1,2026-09-28 17:04:00
2026-09-28 17:04:16,V0251,Carro,No_B_Norte,Infrator,34.42,50.0,92.86,3.32,1,0,1,2026-09-28 17:04:00
2026-09-28 17:04:17,V0251,Carro,No_B_Norte,Infrator,37.06,50.0,56.67,9.08,0,1,1,2026-09-28 17:04:00
2026-09-28 17:04:18,V0251,Carro,No_B_Norte,Infrator,41.39,50.0,92.61,-0.23,1,0,1,2026-09-28 17:04:00
2026-09-28 17:04:19,V0251,Carro,No_B_Norte,Infrator,45.08,50.0,78.92,9.7,1,1,1,2026-09-28 17:04:00
2026-09-28 17:04:20,V0251,Carro,No_B_Norte,Infrator,49.72,50.0,99.48,7.82,1,1,1,2026-09-28 17:04:00
2026-09-28 17:04:12,V0252,Carro,No_C_Leste,Infrator,36.46,3.43,68.18,4.11,1,1,1,2026-09-28 17:04:00
2026-09-28 17:04:13,V0252,Carro,No_C_Leste,Infrator,40.17,0.0,83.93,0.14,1,0,1,2026-09-28 17:04:00
2026-09-28 17:04:14,V0252,Carro,No_C_Leste,Infrator,43.8,0.0,82.25,7.62,1,1,1,2026-09-28 17:04:00
2026-09-28 17:04:15,V0252,Carro,No_C_Leste,Infrator,47.38,0.0,81.09,5.73,1,1,1,2026-09-28 17:04:00
2026-09-28 17:04:16,V0252,Carro,No_C_Leste,Infrator,50.0,0.0,87.49,4.96,1,1,1,2026-09-28 17:04:00
2026-09-28 17:04:17,V0252,Carro,No_C_Leste,Infrator,50.0,0.0,77.95,6.98,1,1,1,2026-09-28 17:04:00
2026-09-28 17:04:18,V0252,Carro,No_C_Leste,Infrator,50.0,0.0,69.13,5.03,1,1,1,2026-09-28 17:04:00
2026-09-28 17:04:19,V0252,Carro,No_C_Leste,Infrator,50.0,0.0,98.85,3.66,1,0,1,2026-09-28 17:04:00
2026-09-28 17:04:20,V0252,Carro,No_C_Leste,Infrator,50.0,0.0,77.73,7.18,1,1,1,2026-09-28 17:04:00
2026-09-28 17:04:21,V0252,Carro,No_C_Leste,Infrator,50.0,0.0,86.63,7.24,1,1,1,2026-09-28 17:04:00
2026-09-28 17:04:13,V0253,Carro,No_C_Leste,Prudente,18.18,23.51,36.79,2.82,0,0,0,2026-09-28 17:04:00
2026-09-28 17:04:14,V0253,Carro,No_C_Leste,Prudente,16.35,22.09,33.41,0.02,0,0,0,2026-09-28 17:04:00
2026-09-28 17:04:15,V0253,Carro,No_C_Leste,Prudente,14.1,20.35,40.9,1.35,0,0,0,2026-09-28 17:04:00
2026-09-28 17:04:16,V0253,Carro,No_C_Leste,Prudente,11.81,18.57,41.8,-0.5,0,0,0,2026-09-28 17:04:00
2026-09-28 17:04:17,V0253,Carro,No_C_Leste,Prudente,9.88,17.06,35.24,-0.34,0,0,0,2026-09-28 17:04:00
2026-09-28 17:04:18,V0253,Carro,No_C_Leste,Prudente,7.96,15.58,34.97,0.05,0,0,0,2026-09-28 17:04:00
2026-09-28 17:04:19,V0253,Carro,No_C_Leste,Prudente,5.92,13.99,37.18,-1.49,0,0,0,2026-09-28 17:04:00
2026-09-28 17:04:20,V0253,Carro,No_C_Leste,Prudente,3.38,12.02,46.28,-0.5,0,0,0,2026-09-28 17:04:00
2026-09-28 17:04:21,V0253,Carro,No_C_Leste,Prudente,1.53,10.59,33.66,-0.17,0,0,0,2026-09-28 17:04:00
2026-09-28 17:04:22,V0253,Carro,No_C_Leste,Prudente,0.0,8.87,40.34,-1.75,0,0,0,2026-09-28 17:04:00
2026-09-28 17:04:14,V0254,Caminhao,No_A_Centro,Infrator,5.31,27.02,87.85,5.42,1,1,1,2026-09-28 17:04:00
2026-09-28 17:04:15,V0254,Caminhao,No_A_Centro,Infrator,0.25,24.8,79.57,3.87,1,0,1,2026-09-28 17:04:00
2026-09-28 17:04:16,V0254,Caminhao,No_A_Centro,Infrator,0.0,22.25,91.29,4.06,1,1,1,2026-09-28 17:04:00
2026-09-28 17:04:17,V0254,Caminhao,No_A_Centro,Infrator,0.0,19.93,83.38,4.92,1,1,1,2026-09-28 17:04:00
2026-09-28 17:04:18,V0254,Caminhao,No_A_Centro,Infrator,0.0,17.72,79.09,4.78,1,1,1,2026-09-28 17:04:00
2026-09-28 17:04:19,V0254,Caminhao,No_A_Centro,Infrator,0.0,15.92,64.81,6.65,1,1,1,2026-09-28 17:04:00
2026-09-28 17:04:20,V0254,Caminhao,No_A_Centro,Infrator,0.0,12.89,108.52,3.34,1,0,1,2026-09-28 17:04:00
2026-09-28 17:04:21,V0254,Caminhao,No_A_Centro,Infrator,0.0,10.42,88.74,7.55,1,1,1,2026-09-28 17:04:00
2026-09-28 17:04:22,V0254,Caminhao,No_A_Centro,Infrator,0.0,7.69,97.8,4.21,1,1,1,2026-09-28 17:04:00
2026-09-28 17:04:23,V0254,Caminhao,No_A_Centro,Infrator,0.0,5.82,66.97,5.8,1,1,1,2026-09-28 17:04:00
2026-09-28 17:04:15,V0255,Carro,No_A_Centro,Prudente,8.78,29.53,41.97,-0.43,0,0,0,2026-09-28 17:04:00
2026-09-28 17:04:16,V0255,Carro,No_A_Centro,Prudente,10.69,27.3,42.25,-0.26,0,0,0,2026-09-28 17:04:00
2026-09-28 17:04:17,V0255,Carro,No_A_Centro,Prudente,12.62,25.04,42.78,-1.9,0,0,0,2026-09-28 17:04:00
2026-09-28 17:04:18,V0255,Carro,No_A_Centro,Prudente,14.33,23.05,37.83,1.72,0,0,0,2026-09-28 17:04:00
2026-09-28 17:04:19,V0255,Carro,No_A_Centro,Prudente,15.97,21.14,36.16,-0.6,0,0,0,2026-09-28 17:04:00
2026-09-28 17:04:20,V0255,Carro,No_A_Centro,Prudente,17.67,19.15,37.76,-1.21,0,0,0,2026-09-28 17:04:00
2026-09-28 17:04:21,V0255,Carro,No_A_Centro,Prudente,18.98,17.63,28.96,-0.23,0,0,0,2026-09-28 17:04:00
2026-09-28 17:04:22,V0255,Carro,No_A_Centro,Prudente,20.82,15.48,40.68,-0.05,0,0,0,2026-09-28 17:04:00
2026-09-28 17:04:23,V0255,Carro,No_A_Centro,Prudente,22.59,13.41,39.28,0.04,0,0,0,2026-09-28 17:04:00
2026-09-28 17:04:24,V0255,Carro,No_A_Centro,Prudente,24.63,11.03,45.11,-0.19,0,0,0,2026-09-28 17:04:00
2026-09-28 17:04:16,V0256,Carro,No_A_Centro,Prudente,17.23,5.56,46.47,1.95,0,0,0,2026-09-28 17:04:00
2026-09-28 17:04:17,V0256,Carro,No_A_Centro,Prudente,17.35,3.22,33.77,0.52,0,0,0,2026-09-28 17:04:00
2026-09-28 17:04:18,V0256,Carro,No_A_Centro,Prudente,17.55,0.0,55.45,0.28,0,0,0,2026-09-28 17:04:00
2026-09-28 17:04:19,V0256,Carro,No_A_Centro,Prudente,17.7,0.0,40.58,-0.06,0,0,0,2026-09-28 17:04:00
2026-09-28 17:04:20,V0256,Carro,No_A_Centro,Prudente,17.86,0.0,42.45,0.75,0,0,0,2026-09-28 17:04:00
2026-09-28 17:04:21,V0256,Carro,No_A_Centro,Prudente,17.98,0.0,33.78,-0.03,0,0,0,2026-09-28 17:04:00
2026-09-28 17:04:22,V0256,Carro,No_A_Centro,Prudente,18.09,0.0,28.65,-0.21,0,0,0,2026-09-28 17:04:00
2026-09-28 17:04:23,V0256,Carro,No_A_Centro,Prudente,18.22,0.0,35.49,0.34,0,0,0,2026-09-28 17:04:00
2026-09-28 17:04:24,V0256,Carro,No_A_Centro,Prudente,18.33,0.0,31.72,-0.51,0,0,0,2026-09-28 17:04:00
2026-09-28 17:04:25,V0256,Carro,No_A_Centro,Prudente,18.5,0.0,44.83,-0.68,0,0,0,2026-09-28 17:04:00
2026-09-28 17:04:17,V0257,Carro,No_A_Centro,Prudente,3.85,43.27,35.09,-1.4,0,0,0,2026-09-28 17:04:00
2026-09-28 17:04:18,V0257,Carro,No_A_Centro,Prudente,1.07,42.8,40.54,-0.32,0,0,0,2026-09-28 17:04:00
2026-09-28 17:04:19,V0257,Carro,No_A_Centro,Prudente,0.0,42.3,43.13,-0.08,0,0,0,2026-09-28 17:04:00
2026-09-28 17:04:20,V0257,Carro,No_A_Centro,Prudente,0.0,41.83,41.03,-1.62,0,0,0,2026-09-28 17:04:00
2026-09-28 17:04:21,V0257,Carro,No_A_Centro,Prudente,0.0,41.26,49.44,-0.16,0,0,0,2026-09-28 17:04:00
2026-09-28 17:04:22,V0257,Carro,No_A_Centro,Prudente,0.0,40.76,43.49,-0.84,0,0,0,2026-09-28 17:04:00
2026-09-28 17:04:23,V0257,Carro,No_A_Centro,Prudente,0.0,40.28,41.54,-1.3,0,0,0,2026-09-28 17:04:00
2026-09-28 17:04:24,V0257,Carro,No_A_Centro,Prudente,0.0,39.79,42.26,-0.36,0,0,0,2026-09-28 17:04:00
2026-09-28 17:04:25,V0257,Carro,No_A_Centro,Prudente,0.0,39.32,40.15,0.7,0,0,0,2026-09-28 17:04:00
2026-09-28 17:04:26,V0257,Carro,No_A_Centro,Prudente,0.0,38.93,33.84,-0.68,0,0,0,2026-09-28 17:04:00
2026-09-28 17:04:18,V0258,Carro,No_B_Norte,Prudente,5.29,13.26,43.39,0.05,0,0,0,2026-09-28 17:04:00
2026-09-28 17:04:19,V0258,Carro,No_B_Norte,Prudente,3.4,10.51,47.99,-0.86,0,0,0,2026-09-28 17:04:00
2026-09-28 17:04:20,V0258,Carro,No_B_Norte,Prudente,1.27,7.41,54.08,-2.39,0,0,0,2026-09-28 17:04:00
2026-09-28 17:04:21,V0258,Carro,No_B_Norte,Prudente,0.0,5.22,38.35,-1.7,0,0,0,2026-09-28 17:04:00
2026-09-28 17:04:22,V0258,Carro,No_B_Norte,Prudente,0.0,2.4,49.26,-0.26,0,0,0,2026-09-28 17:04:00
2026-09-28 17:04:23,V0258,Carro,No_B_Norte,Prudente,0.0,0.16,39.14,0.44,0,0,0,2026-09-28 17:04:00
2026-09-28 17:04:24,V0258,Carro,No_B_Norte,Prudente,0.0,0.0,39.98,-0.59,0,0,0,2026-09-28 17:04:00
2026-09-28 17:04:25,V0258,Carro,No_B_Norte,Prudente,0.0,0.0,33.72,0.17,0,0,0,2026-09-28 17:04:00
2026-09-28 17:04:26,V0258,Carro,No_B_Norte,Prudente,0.0,0.0,41.89,0.7,0,0,0,2026-09-28 17:04:00
2026-09-28 17:04:27,V0258,Carro,No_B_Norte,Prudente,0.0,0.0,49.56,-2.17,0,0,0,2026-09-28 17:04:00
2026-09-28 17:04:19,V0259,Carro,No_C_Leste,Prudente,36.39,26.86,53.52,-0.23,0,0,0,2026-09-28 17:04:00
2026-09-28 17:04:20,V0259,Carro,No_C_Leste,Prudente,34.18,29.12,45.52,1.44,0,0,0,2026-09-28 17:04:00
2026-09-28 17:04:21,V0259,Carro,No_C_Leste,Prudente,32.18,31.16,41.09,-0.84,0,0,0,2026-09-28 17:04:00
2026-09-28 17:04:22,V0259,Carro,No_C_Leste,Prudente,30.83,32.54,27.82,0.68,0,0,0,2026-09-28 17:04:00
2026-09-28 17:04:23,V0259,Carro,No_C_Leste,Prudente,29.09,34.33,35.93,0.18,0,0,0,2026-09-28 17:04:00
2026-09-28 17:04:24,V0259,Carro,No_C_Leste,Prudente,27.45,36.0,33.75,-0.27,0,0,0,2026-09-28 17:04:00
2026-09-28 17:04:25,V0259,Carro,No_C_Leste,Prudente,25.5,38.0,40.17,0.27,0,0,0,2026-09-28 17:04:00
2026-09-28 17:04:26,V0259,Carro,No_C_Leste,Prudente,23.83,39.71,34.43,1.2,0,0,0,2026-09-28 17:04:00
2026-09-28 17:04:27,V0259,Carro,No_C_Leste,Prudente,22.03,41.55,37.02,-1.67,0,0,0,2026-09-28 17:04:00
2026-09-28 17:04:28,V0259,Carro,No_C_Leste,Prudente,20.11,43.51,39.45,0.03,0,0,0,2026-09-28 17:04:00
2026-09-28 17:04:20,V0260,Onibus,No_A_Centro,Agressivo,36.58,31.08,67.51,4.33,1,1,1,2026-09-28 17:04:00
2026-09-28 17:04:21,V0260,Onibus,No_A_Centro,Agressivo,35.72,35.89,70.38,6.54,1,1,1,2026-09-28 17:04:00
2026-09-28 17:04:22,V0260,Onibus,No_A_Centro,Agressivo,35.09,39.39,51.25,0.59,0,0,0,2026-09-28 17:04:00
2026-09-28 17:04:23,V0260,Onibus,No_A_Centro,Agressivo,34.23,44.2,70.3,0.79,1,0,1,2026-09-28 17:04:00
2026-09-28 17:04:24,V0260,Onibus,No_A_Centro,Agressivo,33.58,47.84,53.35,6.73,0,1,1,2026-09-28 17:04:00
2026-09-28 17:04:25,V0260,Onibus,No_A_Centro,Agressivo,32.94,50.0,52.04,2.3,0,0,0,2026-09-28 17:04:00
2026-09-28 17:04:26,V0260,Onibus,No_A_Centro,Agressivo,32.15,50.0,64.53,5.62,1,1,1,2026-09-28 17:04:00
2026-09-28 17:04:27,V0260,Onibus,No_A_Centro,Agressivo,31.54,50.0,50.05,3.83,0,0,0,2026-09-28 17:04:00
2026-09-28 17:04:28,V0260,Onibus,No_A_Centro,Agressivo,30.83,50.0,57.88,4.26,0,1,1,2026-09-28 17:04:00
2026-09-28 17:04:29,V0260,Onibus,No_A_Centro,Agressivo,30.12,50.0,57.75,6.14,0,1,1,2026-09-28 17:04:00
2026-09-28 17:04:21,V0261,Onibus,No_C_Leste,Prudente,19.83,25.74,38.5,-0.63,0,0,0,2026-09-28 17:04:00
2026-09-28 17:04:22,V0261,Onibus,No_C_Leste,Prudente,17.67,28.11,46.22,1.23,0,0,0,2026-09-28 17:04:00
2026-09-28 17:04:23,V0261,Onibus,No_C_Leste,Prudente,15.87,30.08,38.33,-1.79,0,0,0,2026-09-28 17:04:00
2026-09-28 17:04:24,V0261,Onibus,No_C_Leste,Prudente,14.13,31.99,37.17,-0.6,0,0,0,2026-09-28 17:04:00
2026-09-28 17:04:25,V0261,Onibus,No_C_Leste,Prudente,12.41,33.87,36.71,-0.7,0,0,0,2026-09-28 17:04:00
2026-09-28 17:04:26,V0261,Onibus,No_C_Leste,Prudente,10.7,35.75,36.73,-0.39,0,0,0,2026-09-28 17:04:00
2026-09-28 17:04:27,V0261,Onibus,No_C_Leste,Prudente,8.97,37.64,36.82,0.21,0,0,0,2026-09-28 17:04:00
2026-09-28 17:04:28,V0261,Onibus,No_C_Leste,Prudente,7.02,39.79,41.8,-0.91,0,0,0,2026-09-28 17:04:00
2026-09-28 17:04:29,V0261,Onibus,No_C_Leste,Prudente,4.85,42.17,46.36,-0.98,0,0,0,2026-09-28 17:04:00
2026-09-28 17:04:30,V0261,Onibus,No_C_Leste,Prudente,3.35,43.8,31.91,0.38,0,0,0,2026-09-28 17:04:00
2026-09-28 17:04:22,V0262,Moto,No_A_Centro,Prudente,28.89,9.15,31.74,-0.45,0,0,0,2026-09-28 17:04:00
2026-09-28 17:04:23,V0262,Moto,No_A_Centro,Prudente,25.85,8.44,44.91,0.27,0,0,0,2026-09-28 17:04:00
2026-09-28 17:04:24,V0262,Moto,No_A_Centro,Prudente,23.61,7.92,33.05,-0.48,0,0,0,2026-09-28 17:04:00
2026-09-28 17:04:25,V0262,Moto,No_A_Centro,Prudente,20.96,7.3,39.29,-1.69,0,0,0,2026-09-28 17:04:00
2026-09-28 17:04:26,V0262,Moto,No_A_Centro,Prudente,18.01,6.62,43.57,-0.23,0,0,0,2026-09-28 17:04:00
2026-09-28 17:04:27,V0262,Moto,No_A_Centro,Prudente,15.78,6.1,33.05,-1.45,0,0,0,2026-09-28 17:04:00
2026-09-28 17:04:28,V0262,Moto,No_A_Centro,Prudente,12.7,5.38,45.5,-0.38,0,0,0,2026-09-28 17:04:00
2026-09-28 17:04:29,V0262,Moto,No_A_Centro,Prudente,9.59,4.66,45.95,1.57,0,0,0,2026-09-28 17:04:00
2026-09-28 17:04:30,V0262,Moto,No_A_Centro,Prudente,6.54,3.95,45.11,-0.53,0,0,0,2026-09-28 17:04:00
2026-09-28 17:04:31,V0262,Moto,No_A_Centro,Prudente,4.68,3.51,27.51,0.31,0,0,0,2026-09-28 17:04:00
2026-09-28 17:04:23,V0263,Carro,No_C_Leste,Prudente,27.6,31.91,39.24,1.06,0,0,0,2026-09-28 17:04:00
2026-09-28 17:04:24,V0263,Carro,No_C_Leste,Prudente,30.06,32.11,35.53,-0.39,0,0,0,2026-09-28 17:04:00
2026-09-28 17:04:25,V0263,Carro,No_C_Leste,Prudente,32.77,32.33,39.12,-2.9,0,0,0,2026-09-28 17:04:00
2026-09-28 17:04:26,V0263,Carro,No_C_Leste,Prudente,36.12,32.6,48.36,-0.9,0,0,0,2026-09-28 17:04:00
2026-09-28 17:04:27,V0263,Carro,No_C_Leste,Prudente,39.06,32.84,42.53,-0.09,0,0,0,2026-09-28 17:04:00
2026-09-28 17:04:28,V0263,Carro,No_C_Leste,Prudente,42.27,33.09,46.29,0.41,0,0,0,2026-09-28 17:04:00
2026-09-28 17:04:29,V0263,Carro,No_C_Leste,Prudente,44.95,33.31,38.83,-0.89,0,0,0,2026-09-28 17:04:00
2026-09-28 17:04:30,V0263,Carro,No_C_Leste,Prudente,48.0,33.55,43.99,-1.87,0,0,0,2026-09-28 17:04:00
2026-09-28 17:04:31,V0263,Carro,No_C_Leste,Prudente,50.0,33.79,43.23,-1.1,0,0,0,2026-09-28 17:04:00
2026-09-28 17:04:32,V0263,Carro,No_C_Leste,Prudente,50.0,34.05,46.26,0.16,0,0,0,2026-09-28 17:04:00
2026-09-28 17:04:24,V0264,Carro,No_A_Centro,Prudente,7.44,9.23,39.42,0.61,0,0,0,2026-09-28 17:04:00
2026-09-28 17:04:25,V0264,Carro,No_A_Centro,Prudente,4.51,8.14,44.98,-1.62,0,0,0,2026-09-28 17:04:00
2026-09-28 17:04:26,V0264,Carro,No_A_Centro,Prudente,1.83,7.14,41.27,-0.9,0,0,0,2026-09-28 17:04:00
2026-09-28 17:04:27,V0264,Carro,No_A_Centro,Prudente,0.0,6.24,37.17,0.85,0,0,0,2026-09-28 17:04:00
2026-09-28 17:04:28,V0264,Carro,No_A_Centro,Prudente,0.0,5.18,43.73,-0.68,0,0,0,2026-09-28 17:04:00
2026-09-28 17:04:29,V0264,Carro,No_A_Centro,Prudente,0.0,4.23,39.21,-0.54,0,0,0,2026-09-28 17:04:00
2026-09-28 17:04:30,V0264,Carro,No_A_Centro,Prudente,0.0,2.91,54.46,0.28,0,0,0,2026-09-28 17:04:00
2026-09-28 17:04:31,V0264,Carro,No_A_Centro,Prudente,0.0,2.04,35.8,1.32,0,0,0,2026-09-28 17:04:00
2026-09-28 17:04:32,V0264,Carro,No_A_Centro,Prudente,0.0,0.9,46.79,1.79,0,0,0,2026-09-28 17:04:00
2026-09-28 17:04:33,V0264,Carro,No_A_Centro,Prudente,0.0,0.0,50.44,0.71,0,0,0,2026-09-28 17:04:00
2026-09-28 17:04:25,V0265,Carro,No_B_Norte,Prudente,17.41,10.28,40.01,-1.54,0,0,0,2026-09-28 17:04:00
2026-09-28 17:04:26,V0265,Carro,No_B_Norte,Prudente,19.57,12.29,42.46,0.83,0,0,0,2026-09-28 17:04:00
2026-09-28 17:04:27,V0265,Carro,No_B_Norte,Prudente,21.45,14.04,36.99,1.17,0,0,0,2026-09-28 17:04:00
2026-09-28 17:04:28,V0265,Carro,No_B_Norte,Prudente,23.06,15.54,31.67,-1.49,0,0,0,2026-09-28 17:04:00
2026-09-28 17:04:29,V0265,Carro,No_B_Norte,Prudente,25.13,17.46,40.68,0.03,0,0,0,2026-09-28 17:04:00
2026-09-28 17:04:30,V0265,Carro,No_B_Norte,Prudente,26.98,19.18,36.42,0.81,0,0,0,2026-09-28 17:04:00
2026-09-28 17:04:31,V0265,Carro,No_B_Norte,Prudente,29.15,21.2,42.65,0.86,0,0,0,2026-09-28 17:04:00
2026-09-28 17:04:32,V0265,Carro,No_B_Norte,Prudente,31.15,23.06,39.38,0.6,0,0,0,2026-09-28 17:04:00
2026-09-28 17:04:33,V0265,Carro,No_B_Norte,Prudente,33.07,24.85,37.77,2.05,0,0,0,2026-09-28 17:04:00
2026-09-28 17:04:34,V0265,Carro,No_B_Norte,Prudente,34.9,26.55,35.94,2.11,0,0,0,2026-09-28 17:04:00
2026-09-28 17:04:26,V0266,Moto,No_B_Norte,Prudente,9.61,24.78,43.01,0.8,0,0,0,2026-09-28 17:04:00
2026-09-28 17:04:27,V0266,Moto,No_B_Norte,Prudente,7.14,24.33,36.15,0.33,0,0,0,2026-09-28 17:04:00
2026-09-28 17:04:28,V0266,Moto,No_B_Norte,Prudente,4.4,23.84,40.01,1.81,0,0,0,2026-09-28 17:04:00
2026-09-28 17:04:29,V0266,Moto,No_B_Norte,Prudente,1.71,23.35,39.46,-0.38,0,0,0,2026-09-28 17:04:00
2026-09-28 17:04:30,V0266,Moto,No_B_Norte,Prudente,0.0,22.92,34.18,0.14,0,0,0,2026-09-28 17:04:00
2026-09-28 17:04:31,V0266,Moto,No_B_Norte,Prudente,0.0,22.41,41.46,-1.2,0,0,0,2026-09-28 17:04:00
2026-09-28 17:04:32,V0266,Moto,No_B_Norte,Prudente,0.0,21.89,42.27,0.23,0,0,0,2026-09-28 17:04:00
2026-09-28 17:04:33,V0266,Moto,No_B_Norte,Prudente,0.0,21.33,45.07,1.21,0,0,0,2026-09-28 17:04:00
2026-09-28 17:04:34,V0266,Moto,No_B_Norte,Prudente,0.0,20.82,40.47,-1.04,0,0,0,2026-09-28 17:04:00
2026-09-28 17:04:35,V0266,Moto,No_B_Norte,Prudente,0.0,20.38,35.85,1.76,0,0,0,2026-09-28 17:04:00
2026-09-28 17:04:27,V0267,Carro,No_B_Norte,Agressivo,38.48,28.01,68.48,2.21,1,0,1,2026-09-28 17:04:00
2026-09-28 17:04:28,V0267,Carro,No_B_Norte,Agressivo,42.77,30.17,69.3,3.61,1,0,1,2026-09-28 17:04:00
2026-09-28 17:04:29,V0267,Carro,No_B_Norte,Agressivo,46.31,31.95,57.01,4.04,0,1,1,2026-09-28 17:04:00
2026-09-28 17:04:30,V0267,Carro,No_B_Norte,Agressivo,50.0,34.2,71.91,3.34,1,0,1,2026-09-28 17:04:00
2026-09-28 17:04:31,V0267,Carro,No_B_Norte,Agressivo,50.0,36.51,74.22,0.57,1,0,1,2026-09-28 17:04:00
2026-09-28 17:04:32,V0267,Carro,No_B_Norte,Agressivo,50.0,38.66,68.74,0.66,1,0,1,2026-09-28 17:04:00
2026-09-28 17:04:33,V0267,Carro,No_B_Norte,Agressivo,50.0,40.41,56.09,1.74,0,0,0,2026-09-28 17:04:00
2026-09-28 17:04:34,V0267,Carro,No_B_Norte,Agressivo,50.0,42.2,57.46,1.9,0,0,0,2026-09-28 17:04:00
2026-09-28 17:04:35,V0267,Carro,No_B_Norte,Agressivo,50.0,44.18,63.29,4.67,1,1,1,2026-09-28 17:04:00
2026-09-28 17:04:36,V0267,Carro,No_B_Norte,Agressivo,50.0,46.13,62.43,-0.17,1,0,1,2026-09-28 17:04:00
2026-09-28 17:04:28,V0268,Onibus,No_C_Leste,Prudente,20.93,34.21,45.5,-0.19,0,0,0,2026-09-28 17:04:00
2026-09-28 17:04:29,V0268,Onibus,No_C_Leste,Prudente,23.26,33.78,34.11,0.23,0,0,0,2026-09-28 17:04:00
2026-09-28 17:04:30,V0268,Onibus,No_C_Leste,Prudente,26.04,33.27,40.69,1.96,0,0,0,2026-09-28 17:04:00
2026-09-28 17:04:31,V0268,Onibus,No_C_Leste,Prudente,29.04,32.73,43.95,0.31,0,0,0,2026-09-28 17:04:00
2026-09-28 17:04:32,V0268,Onibus,No_C_Leste,Prudente,32.08,32.17,44.53,-0.13,0,0,0,2026-09-28 17:04:00
2026-09-28 17:04:33,V0268,Onibus,No_C_Leste,Prudente,34.79,31.67,39.62,1.66,0,0,0,2026-09-28 17:04:00
2026-09-28 17:04:34,V0268,Onibus,No_C_Leste,Prudente,36.96,31.28,31.82,0.97,0,0,0,2026-09-28 17:04:00
2026-09-28 17:04:35,V0268,Onibus,No_C_Leste,Prudente,39.66,30.78,39.45,-0.29,0,0,0,2026-09-28 17:04:00
2026-09-28 17:04:36,V0268,Onibus,No_C_Leste,Prudente,42.2,30.32,37.24,0.15,0,0,0,2026-09-28 17:04:00
2026-09-28 17:04:37,V0268,Onibus,No_C_Leste,Prudente,44.92,29.82,39.78,-0.41,0,0,0,2026-09-28 17:04:00
2026-09-28 17:04:29,V0269,Carro,No_C_Leste,Prudente,18.07,25.47,42.51,-0.89,0,0,0,2026-09-28 17:04:00
2026-09-28 17:04:30,V0269,Carro,No_C_Leste,Prudente,17.89,27.75,32.87,0.07,0,0,0,2026-09-28 17:04:00
2026-09-28 17:04:31,V0269,Carro,No_C_Leste,Prudente,17.65,30.82,44.31,-1.69,0,0,0,2026-09-28 17:04:00
2026-09-28 17:04:32,V0269,Carro,No_C_Leste,Prudente,17.4,33.87,44.1,0.82,0,0,0,2026-09-28 17:04:00
2026-09-28 17:04:33,V0269,Carro,No_C_Leste,Prudente,17.15,36.97,44.77,1.22,0,0,0,2026-09-28 17:04:00
2026-09-28 17:04:34,V0269,Carro,No_C_Leste,Prudente,16.87,40.5,51.01,-0.36,0,0,0,2026-09-28 17:04:00
2026-09-28 17:04:35,V0269,Carro,No_C_Leste,Prudente,16.65,43.31,40.55,-0.42,0,0,0,2026-09-28 17:04:00
2026-09-28 17:04:36,V0269,Carro,No_C_Leste,Prudente,16.43,46.08,40.01,1.53,0,0,0,2026-09-28 17:04:00
2026-09-28 17:04:37,V0269,Carro,No_C_Leste,Prudente,16.24,48.38,33.27,-0.86,0,0,0,2026-09-28 17:04:00
2026-09-28 17:04:38,V0269,Carro,No_C_Leste,Prudente,15.98,50.0,46.89,1.02,0,0,0,2026-09-28 17:04:00
2026-09-28 17:04:30,V0270,Carro,No_B_Norte,Agressivo,40.47,13.67,72.97,3.32,1,0,1,2026-09-28 17:04:00
2026-09-28 17:04:31,V0270,Carro,No_B_Norte,Agressivo,41.15,8.21,79.13,8.57,1,1,1,2026-09-28 17:04:00
2026-09-28 17:04:32,V0270,Carro,No_B_Norte,Agressivo,41.81,2.89,77.31,3.96,1,0,1,2026-09-28 17:04:00
2026-09-28 17:04:33,V0270,Carro,No_B_Norte,Agressivo,42.53,0.0,83.57,4.21,1,1,1,2026-09-28 17:04:00
2026-09-28 17:04:34,V0270,Carro,No_B_Norte,Agressivo,43.03,0.0,57.74,2.92,0,0,0,2026-09-28 17:04:00
2026-09-28 17:04:35,V0270,Carro,No_B_Norte,Agressivo,43.64,0.0,71.09,4.65,1,1,1,2026-09-28 17:04:00
2026-09-28 17:04:36,V0270,Carro,No_B_Norte,Agressivo,44.12,0.0,56.0,0.81,0,0,0,2026-09-28 17:04:00
2026-09-28 17:04:37,V0270,Carro,No_B_Norte,Agressivo,44.66,0.0,62.27,4.07,1,1,1,2026-09-28 17:04:00
2026-09-28 17:04:38,V0270,Carro,No_B_Norte,Agressivo,45.26,0.0,70.3,3.28,1,0,1,2026-09-28 17:04:00
2026-09-28 17:04:39,V0270,Carro,No_B_Norte,Agressivo,45.76,0.0,58.32,6.47,0,1,1,2026-09-28 17:04:00
2026-09-28 17:04:31,V0271,Carro,No_A_Centro,Infrator,31.73,23.66,71.63,9.01,1,1,1,2026-09-28 17:04:00
2026-09-28 17:04:32,V0271,Carro,No_A_Centro,Infrator,30.54,30.54,100.49,5.96,1,1,1,2026-09-28 17:04:00
2026-09-28 17:04:33,V0271,Carro,No_A_Centro,Infrator,29.39,37.19,97.21,5.4,1,1,1,2026-09-28 17:04:00
2026-09-28 17:04:34,V0271,Carro,No_A_Centro,Infrator,28.4,42.94,84.05,4.0,1,0,1,2026-09-28 17:04:00
2026-09-28 17:04:35,V0271,Carro,No_A_Centro,Infrator,27.43,48.54,81.9,0.36,1,0,1,2026-09-28 17:04:00
2026-09-28 17:04:36,V0271,Carro,No_A_Centro,Infrator,26.39,50.0,87.64,4.88,1,1,1,2026-09-28 17:04:00
2026-09-28 17:04:37,V0271,Carro,No_A_Centro,Infrator,25.3,50.0,92.45,5.28,1,1,1,2026-09-28 17:04:00
2026-09-28 17:04:38,V0271,Carro,No_A_Centro,Infrator,24.31,50.0,83.37,2.39,1,0,1,2026-09-28 17:04:00
2026-09-28 17:04:39,V0271,Carro,No_A_Centro,Infrator,23.3,50.0,85.72,7.21,1,1,1,2026-09-28 17:04:00
2026-09-28 17:04:40,V0271,Carro,No_A_Centro,Infrator,22.43,50.0,73.57,5.26,1,1,1,2026-09-28 17:04:00
2026-09-28 17:04:32,V0272,Moto,No_C_Leste,Prudente,7.61,38.99,43.53,0.23,0,0,0,2026-09-28 17:04:00
2026-09-28 17:04:33,V0272,Moto,No_C_Leste,Prudente,10.16,40.55,43.12,-1.1,0,0,0,2026-09-28 17:04:00
2026-09-28 17:04:34,V0272,Moto,No_C_Leste,Prudente,12.58,42.04,40.9,-0.73,0,0,0,2026-09-28 17:04:00
2026-09-28 17:04:35,V0272,Moto,No_C_Leste,Prudente,15.1,43.58,42.55,-0.73,0,0,0,2026-09-28 17:04:00
2026-09-28 17:04:36,V0272,Moto,No_C_Leste,Prudente,17.37,44.97,38.28,-1.87,0,0,0,2026-09-28 17:04:00
2026-09-28 17:04:37,V0272,Moto,No_C_Leste,Prudente,19.39,46.21,34.13,0.35,0,0,0,2026-09-28 17:04:00
2026-09-28 17:04:38,V0272,Moto,No_C_Leste,Prudente,21.5,47.51,35.66,1.06,0,0,0,2026-09-28 17:04:00
2026-09-28 17:04:39,V0272,Moto,No_C_Leste,Prudente,23.58,48.79,35.23,0.45,0,0,0,2026-09-28 17:04:00
2026-09-28 17:04:40,V0272,Moto,No_C_Leste,Prudente,25.73,50.0,36.19,0.39,0,0,0,2026-09-28 17:04:00
2026-09-28 17:04:41,V0272,Moto,No_C_Leste,Prudente,27.64,50.0,32.33,-0.45,0,0,0,2026-09-28 17:04:00
2026-09-28 17:04:33,V0273,Carro,No_C_Leste,Agressivo,38.21,12.47,64.08,3.3,1,0,1,2026-09-28 17:04:00
2026-09-28 17:04:34,V0273,Carro,No_C_Leste,Agressivo,41.22,9.7,58.91,3.42,0,0,0,2026-09-28 17:04:00
2026-09-28 17:04:35,V0273,Carro,No_C_Leste,Agressivo,45.17,6.07,77.24,1.44,1,0,1,2026-09-28 17:04:00
2026-09-28 17:04:36,V0273,Carro,No_C_Leste,Agressivo,48.98,2.58,74.37,6.0,1,1,1,2026-09-28 17:04:00
2026-09-28 17:04:37,V0273,Carro,No_C_Leste,Agressivo,50.0,0.0,58.47,0.09,0,0,0,2026-09-28 17:04:00
2026-09-28 17:04:38,V0273,Carro,No_C_Leste,Agressivo,50.0,0.0,67.42,1.91,1,0,1,2026-09-28 17:04:00
2026-09-28 17:04:39,V0273,Carro,No_C_Leste,Agressivo,50.0,0.0,79.95,3.07,1,0,1,2026-09-28 17:04:00
2026-09-28 17:04:40,V0273,Carro,No_C_Leste,Agressivo,50.0,0.0,58.58,0.71,0,0,0,2026-09-28 17:04:00
2026-09-28 17:04:41,V0273,Carro,No_C_Leste,Agressivo,50.0,0.0,73.72,1.86,1,0,1,2026-09-28 17:04:00
2026-09-28 17:04:42,V0273,Carro,No_C_Leste,Agressivo,50.0,0.0,65.35,4.91,1,1,1,2026-09-28 17:04:00
2026-09-28 17:04:34,V0274,Carro,No_A_Centro,Prudente,24.7,4.83,29.3,-0.15,0,0,0,2026-09-28 17:04:00
2026-09-28 17:04:35,V0274,Carro,No_A_Centro,Prudente,27.05,2.6,46.64,2.21,0,0,0,2026-09-28 17:04:00
2026-09-28 17:04:36,V0274,Carro,No_A_Centro,Prudente,28.97,0.78,38.18,-1.43,0,0,0,2026-09-28 17:04:00
2026-09-28 17:04:37,V0274,Carro,No_A_Centro,Prudente,31.31,0.0,46.45,0.87,0,0,0,2026-09-28 17:04:00
2026-09-28 17:04:38,V0274,Carro,No_A_Centro,Prudente,33.2,0.0,37.56,-0.62,0,0,0,2026-09-28 17:04:00
2026-09-28 17:04:39,V0274,Carro,No_A_Centro,Prudente,35.04,0.0,36.41,-0.34,0,0,0,2026-09-28 17:04:00
2026-09-28 17:04:40,V0274,Carro,No_A_Centro,Prudente,37.13,0.0,41.58,-0.57,0,0,0,2026-09-28 17:04:00
2026-09-28 17:04:41,V0274,Carro,No_A_Centro,Prudente,39.04,0.0,37.8,0.64,0,0,0,2026-09-28 17:04:00
2026-09-28 17:04:42,V0274,Carro,No_A_Centro,Prudente,40.68,0.0,32.59,-0.38,0,0,0,2026-09-28 17:04:00
2026-09-28 17:04:43,V0274,Carro,No_A_Centro,Prudente,42.27,0.0,31.62,0.11,0,0,0,2026-09-28 17:04:00
2026-09-28 17:04:35,V0275,Carro,No_B_Norte,Prudente,40.48,40.28,33.74,-1.53,0,0,0,2026-09-28 17:04:00
2026-09-28 17:04:36,V0275,Carro,No_B_Norte,Prudente,37.44,38.93,47.9,-0.61,0,0,0,2026-09-28 17:04:00
2026-09-28 17:04:37,V0275,Carro,No_B_Norte,Prudente,34.55,37.63,45.68,-0.15,0,0,0,2026-09-28 17:04:00
2026-09-28 17:04:38,V0275,Carro,No_B_Norte,Prudente,32.06,36.53,39.19,0.44,0,0,0,2026-09-28 17:04:00
2026-09-28 17:04:39,V0275,Carro,No_B_Norte,Prudente,29.81,35.52,35.58,0.13,0,0,0,2026-09-28 17:04:00
2026-09-28 17:04:40,V0275,Carro,No_B_Norte,Prudente,27.39,34.44,38.09,-1.32,0,0,0,2026-09-28 17:04:00
2026-09-28 17:04:41,V0275,Carro,No_B_Norte,Prudente,24.75,33.26,41.69,-0.26,0,0,0,2026-09-28 17:04:00
2026-09-28 17:04:42,V0275,Carro,No_B_Norte,Prudente,22.26,32.15,39.21,-1.21,0,0,0,2026-09-28 17:04:00
2026-09-28 17:04:43,V0275,Carro,No_B_Norte,Prudente,19.22,30.79,47.96,0.88,0,0,0,2026-09-28 17:04:00
2026-09-28 17:04:44,V0275,Carro,No_B_Norte,Prudente,16.38,29.52,44.82,-0.31,0,0,0,2026-09-28 17:04:00
2026-09-28 17:04:36,V0276,Carro,No_C_Leste,Agressivo,32.52,24.73,75.53,2.71,1,0,1,2026-09-28 17:04:00
2026-09-28 17:04:37,V0276,Carro,No_C_Leste,Agressivo,37.2,26.84,73.98,3.77,1,0,1,2026-09-28 17:04:00
2026-09-28 17:04:38,V0276,Carro,No_C_Leste,Agressivo,40.79,28.45,56.68,2.97,0,0,0,2026-09-28 17:04:00
2026-09-28 17:04:39,V0276,Carro,No_C_Leste,Agressivo,45.41,30.53,72.85,4.34,1,1,1,2026-09-28 17:04:00
2026-09-28 17:04:40,V0276,Carro,No_C_Leste,Agressivo,49.5,32.37,64.68,-0.78,1,0,1,2026-09-28 17:04:00
2026-09-28 17:04:41,V0276,Carro,No_C_Leste,Agressivo,50.0,33.81,50.63,-0.17,0,0,0,2026-09-28 17:04:00
2026-09-28 17:04:42,V0276,Carro,No_C_Leste,Agressivo,50.0,35.54,60.92,2.25,1,0,1,2026-09-28 17:04:00
2026-09-28 17:04:43,V0276,Carro,No_C_Leste,Agressivo,50.0,37.06,53.2,5.05,0,1,1,2026-09-28 17:04:00
2026-09-28 17:04:44,V0276,Carro,No_C_Leste,Agressivo,50.0,38.62,54.89,0.26,0,0,0,2026-09-28 17:04:00
2026-09-28 17:04:45,V0276,Carro,No_C_Leste,Agressivo,50.0,40.49,65.71,4.95,1,1,1,2026-09-28 17:04:00
2026-09-28 17:04:37,V0277,Caminhao,No_B_Norte,Prudente,24.74,32.87,38.0,0.13,0,0,0,2026-09-28 17:04:00
2026-09-28 17:04:38,V0277,Caminhao,No_B_Norte,Prudente,22.65,34.67,39.68,-0.66,0,0,0,2026-09-28 17:04:00
2026-09-28 17:04:39,V0277,Caminhao,No_B_Norte,Prudente,20.29,36.7,44.92,0.13,0,0,0,2026-09-28 17:04:00
2026-09-28 17:04:40,V0277,Caminhao,No_B_Norte,Prudente,18.3,38.4,37.62,-1.3,0,0,0,2026-09-28 17:04:00
2026-09-28 17:04:41,V0277,Caminhao,No_B_Norte,Prudente,16.43,40.01,35.53,-1.64,0,0,0,2026-09-28 17:04:00
2026-09-28 17:04:42,V0277,Caminhao,No_B_Norte,Prudente,14.32,41.82,40.06,-1.2,0,0,0,2026-09-28 17:04:00
2026-09-28 17:04:43,V0277,Caminhao,No_B_Norte,Prudente,12.28,43.57,38.67,1.37,0,0,0,2026-09-28 17:04:00
2026-09-28 17:04:44,V0277,Caminhao,No_B_Norte,Prudente,9.86,45.65,46.0,-0.03,0,0,0,2026-09-28 17:04:00
2026-09-28 17:04:45,V0277,Caminhao,No_B_Norte,Prudente,7.78,47.44,39.56,1.88,0,0,0,2026-09-28 17:04:00
2026-09-28 17:04:46,V0277,Caminhao,No_B_Norte,Prudente,5.53,49.37,42.6,-0.33,0,0,0,2026-09-28 17:04:00
2026-09-28 17:04:38,V0278,Carro,No_C_Leste,Prudente,27.77,16.45,37.72,1.28,0,0,0,2026-09-28 17:04:00
2026-09-28 17:04:39,V0278,Carro,No_C_Leste,Prudente,27.39,19.56,45.22,-0.02,0,0,0,2026-09-28 17:04:00
2026-09-28 17:04:40,V0278,Carro,No_C_Leste,Prudente,27.02,22.67,45.1,-2.37,0,0,0,2026-09-28 17:04:00
2026-09-28 17:04:41,V0278,Carro,No_C_Leste,Prudente,26.65,25.7,43.96,-1.12,0,0,0,2026-09-28 17:04:00
2026-09-28 17:04:42,V0278,Carro,No_C_Leste,Prudente,26.24,29.07,48.84,-1.06,0,0,0,2026-09-28 17:04:00
2026-09-28 17:04:43,V0278,Carro,No_C_Leste,Prudente,25.95,31.53,35.74,0.56,0,0,0,2026-09-28 17:04:00
2026-09-28 17:04:44,V0278,Carro,No_C_Leste,Prudente,25.59,34.52,43.29,-0.45,0,0,0,2026-09-28 17:04:00
2026-09-28 17:04:45,V0278,Carro,No_C_Leste,Prudente,25.24,37.41,41.86,0.5,0,0,0,2026-09-28 17:04:00
2026-09-28 17:04:46,V0278,Carro,No_C_Leste,Prudente,24.89,40.3,41.97,-0.4,0,0,0,2026-09-28 17:04:00
2026-09-28 17:04:47,V0278,Carro,No_C_Leste,Prudente,24.53,43.23,42.53,1.41,0,0,0,2026-09-28 17:04:00
2026-09-28 17:04:39,V0279,Carro,No_B_Norte,Agressivo,22.8,19.64,86.1,3.6,1,0,1,2026-09-28 17:04:00
2026-09-28 17:04:40,V0279,Carro,No_B_Norte,Agressivo,25.9,22.63,61.91,-1.41,1,0,1,2026-09-28 17:04:00
2026-09-28 17:04:41,V0279,Carro,No_B_Norte,Agressivo,29.71,26.29,76.12,0.31,1,0,1,2026-09-28 17:04:00
2026-09-28 17:04:42,V0279,Carro,No_B_Norte,Agressivo,32.56,29.03,56.97,2.34,0,0,0,2026-09-28 17:04:00
2026-09-28 17:04:43,V0279,Carro,No_B_Norte,Agressivo,36.38,32.71,76.33,4.55,1,1,1,2026-09-28 17:04:00
2026-09-28 17:04:44,V0279,Carro,No_B_Norte,Agressivo,39.57,35.77,63.74,3.62,1,0,1,2026-09-28 17:04:00
2026-09-28 17:04:45,V0279,Carro,No_B_Norte,Agressivo,42.58,38.67,60.2,3.28,1,0,1,2026-09-28 17:04:00
2026-09-28 17:04:46,V0279,Carro,No_B_Norte,Agressivo,45.87,41.83,65.59,4.94,1,1,1,2026-09-28 17:04:00
2026-09-28 17:04:47,V0279,Carro,No_B_Norte,Agressivo,49.51,45.33,72.74,3.99,1,0,1,2026-09-28 17:04:00
2026-09-28 17:04:48,V0279,Carro,No_B_Norte,Agressivo,50.0,48.32,62.1,4.48,1,1,1,2026-09-28 17:04:00
2026-09-28 17:04:40,V0280,Carro,No_B_Norte,Agressivo,6.51,21.15,64.38,2.09,1,0,1,2026-09-28 17:04:00
2026-09-28 17:04:41,V0280,Carro,No_B_Norte,Agressivo,3.31,18.87,56.68,3.84,0,0,0,2026-09-28 17:04:00
2026-09-28 17:04:42,V0280,Carro,No_B_Norte,Agressivo,0.0,16.24,65.29,4.82,1,1,1,2026-09-28 17:04:00
2026-09-28 17:04:43,V0280,Carro,No_B_Norte,Agressivo,0.0,13.37,71.48,4.8,1,1,1,2026-09-28 17:04:00
2026-09-28 17:04:44,V0280,Carro,No_B_Norte,Agressivo,0.0,11.05,57.65,4.28,0,1,1,2026-09-28 17:04:00
2026-09-28 17:04:45,V0280,Carro,No_B_Norte,Agressivo,0.0,8.22,70.32,0.96,1,0,1,2026-09-28 17:04:00
2026-09-28 17:04:46,V0280,Carro,No_B_Norte,Agressivo,0.0,5.71,62.45,0.09,1,0,1,2026-09-28 17:04:00
2026-09-28 17:04:47,V0280,Carro,No_B_Norte,Agressivo,0.0,2.88,70.36,4.33,1,1,1,2026-09-28 17:04:00
2026-09-28 17:04:48,V0280,Carro,No_B_Norte,Agressivo,0.0,0.0,76.44,2.54,1,0,1,2026-09-28 17:04:00
2026-09-28 17:04:49,V0280,Carro,No_B_Norte,Agressivo,0.0,0.0,68.61,4.98,1,1,1,2026-09-28 17:04:00
2026-09-28 17:04:41,V0281,Carro,No_B_Norte,Prudente,13.08,18.4,38.27,-0.59,0,0,0,2026-09-28 17:04:00
2026-09-28 17:04:42,V0281,Carro,No_B_Norte,Prudente,12.01,20.88,38.89,-1.44,0,0,0,2026-09-28 17:04:00
2026-09-28 17:04:43,V0281,Carro,No_B_Norte,Prudente,10.78,23.74,44.79,1.13,0,0,0,2026-09-28 17:04:00
2026-09-28 17:04:44,V0281,Carro,No_B_Norte,Prudente,9.95,25.67,30.26,0.98,0,0,0,2026-09-28 17:04:00
2026-09-28 17:04:45,V0281,Carro,No_B_Norte,Prudente,8.96,27.96,35.95,0.86,0,0,0,2026-09-28 17:04:00
2026-09-28 17:04:46,V0281,Carro,No_B_Norte,Prudente,7.87,30.49,39.66,0.03,0,0,0,2026-09-28 17:04:00
2026-09-28 17:04:47,V0281,Carro,No_B_Norte,Prudente,6.79,32.98,39.07,1.21,0,0,0,2026-09-28 17:04:00
2026-09-28 17:04:48,V0281,Carro,No_B_Norte,Prudente,5.86,35.13,33.8,0.61,0,0,0,2026-09-28 17:04:00
2026-09-28 17:04:49,V0281,Carro,No_B_Norte,Prudente,4.61,38.03,45.51,0.72,0,0,0,2026-09-28 17:04:00
2026-09-28 17:04:50,V0281,Carro,No_B_Norte,Prudente,3.19,41.33,51.62,-0.53,0,0,0,2026-09-28 17:04:00
2026-09-28 17:04:42,V0282,Carro,No_A_Centro,Infrator,17.07,40.85,89.03,6.37,1,1,1,2026-09-28 17:04:00
2026-09-28 17:04:43,V0282,Carro,No_A_Centro,Infrator,12.16,40.91,70.74,3.58,1,0,1,2026-09-28 17:04:00
2026-09-28 17:04:44,V0282,Carro,No_A_Centro,Infrator,5.43,41.0,96.96,3.97,1,0,1,2026-09-28 17:04:00
2026-09-28 17:04:45,V0282,Carro,No_A_Centro,Infrator,0.0,41.08,86.39,0.36,1,0,1,2026-09-28 17:04:00
2026-09-28 17:04:46,V0282,Carro,No_A_Centro,Infrator,0.0,41.16,79.62,8.37,1,1,1,2026-09-28 17:04:00
2026-09-28 17:04:47,V0282,Carro,No_A_Centro,Infrator,0.0,41.22,72.17,7.15,1,1,1,2026-09-28 17:04:00
2026-09-28 17:04:48,V0282,Carro,No_A_Centro,Infrator,0.0,41.3,86.78,4.29,1,1,1,2026-09-28 17:04:00
2026-09-28 17:04:49,V0282,Carro,No_A_Centro,Infrator,0.0,41.38,82.2,3.53,1,0,1,2026-09-28 17:04:00
2026-09-28 17:04:50,V0282,Carro,No_A_Centro,Infrator,0.0,41.46,80.98,7.79,1,1,1,2026-09-28 17:04:00
2026-09-28 17:04:51,V0282,Carro,No_A_Centro,Infrator,0.0,41.53,80.68,10.42,1,1,1,2026-09-28 17:04:00
2026-09-28 17:04:43,V0283,Carro,No_C_Leste,Agressivo,13.38,34.16,63.85,2.67,1,0,1,2026-09-28 17:04:00
2026-09-28 17:04:44,V0283,Carro,No_C_Leste,Agressivo,17.82,35.05,65.25,3.15,1,0,1,2026-09-28 17:04:00
2026-09-28 17:04:45,V0283,Carro,No_C_Leste,Agressivo,22.02,35.88,61.54,5.55,1,1,1,2026-09-28 17:04:00
2026-09-28 17:04:46,V0283,Carro,No_C_Leste,Agressivo,25.81,36.63,55.64,1.56,0,0,0,2026-09-28 17:04:00
2026-09-28 17:04:47,V0283,Carro,No_C_Leste,Agressivo,31.75,37.81,87.24,0.92,1,0,1,2026-09-28 17:04:00
2026-09-28 17:04:48,V0283,Carro,No_C_Leste,Agressivo,35.44,38.54,54.17,4.47,0,1,1,2026-09-28 17:04:00
2026-09-28 17:04:49,V0283,Carro,No_C_Leste,Agressivo,38.73,39.19,48.38,2.53,0,0,0,2026-09-28 17:04:00
2026-09-28 17:04:50,V0283,Carro,No_C_Leste,Agressivo,44.33,40.31,82.17,-0.09,1,0,1,2026-09-28 17:04:00
2026-09-28 17:04:51,V0283,Carro,No_C_Leste,Agressivo,47.68,40.97,49.14,0.0,0,0,0,2026-09-28 17:04:00
2026-09-28 17:04:52,V0283,Carro,No_C_Leste,Agressivo,50.0,41.95,72.19,5.25,1,1,1,2026-09-28 17:04:00
2026-09-28 17:04:44,V0284,Carro,No_C_Leste,Prudente,36.67,13.63,30.96,1.18,0,0,0,2026-09-28 17:04:00
2026-09-28 17:04:45,V0284,Carro,No_C_Leste,Prudente,35.06,12.31,30.1,-0.15,0,0,0,2026-09-28 17:04:00
2026-09-28 17:04:46,V0284,Carro,No_C_Leste,Prudente,33.01,10.62,38.16,-0.46,0,0,0,2026-09-28 17:04:00
2026-09-28 17:04:47,V0284,Carro,No_C_Leste,Prudente,30.78,8.79,41.57,-0.68,0,0,0,2026-09-28 17:04:00
2026-09-28 17:04:48,V0284,Carro,No_C_Leste,Prudente,28.53,6.94,41.98,0.14,0,0,0,2026-09-28 17:04:00
2026-09-28 17:04:49,V0284,Carro,No_C_Leste,Prudente,25.82,4.71,50.49,-1.39,0,0,0,2026-09-28 17:04:00
2026-09-28 17:04:50,V0284,Carro,No_C_Leste,Prudente,23.67,2.94,40.15,0.43,0,0,0,2026-09-28 17:04:00
2026-09-28 17:04:51,V0284,Carro,No_C_Leste,Prudente,21.59,1.23,38.72,-1.34,0,0,0,2026-09-28 17:04:00
2026-09-28 17:04:52,V0284,Carro,No_C_Leste,Prudente,19.11,0.0,46.29,0.34,0,0,0,2026-09-28 17:04:00
2026-09-28 17:04:53,V0284,Carro,No_C_Leste,Prudente,17.3,0.0,33.67,0.44,0,0,0,2026-09-28 17:04:00
2026-09-28 17:04:45,V0285,Carro,No_C_Leste,Prudente,25.06,32.61,30.29,-0.0,0,0,0,2026-09-28 17:04:00
2026-09-28 17:04:46,V0285,Carro,No_C_Leste,Prudente,25.35,30.4,32.05,-0.66,0,0,0,2026-09-28 17:04:00
2026-09-28 17:04:47,V0285,Carro,No_C_Leste,Prudente,25.66,27.95,35.49,0.81,0,0,0,2026-09-28 17:04:00
2026-09-28 17:04:48,V0285,Carro,No_C_Leste,Prudente,26.02,25.16,40.58,-1.29,0,0,0,2026-09-28 17:04:00
2026-09-28 17:04:49,V0285,Carro,No_C_Leste,Prudente,26.42,22.1,44.4,-1.43,0,0,0,2026-09-28 17:04:00
2026-09-28 17:04:50,V0285,Carro,No_C_Leste,Prudente,26.79,19.23,41.65,-0.81,0,0,0,2026-09-28 17:04:00
2026-09-28 17:04:51,V0285,Carro,No_C_Leste,Prudente,27.13,16.6,38.17,0.5,0,0,0,2026-09-28 17:04:00
2026-09-28 17:04:52,V0285,Carro,No_C_Leste,Prudente,27.5,13.67,42.61,1.34,0,0,0,2026-09-28 17:04:00
2026-09-28 17:04:53,V0285,Carro,No_C_Leste,Prudente,27.86,10.94,39.59,0.31,0,0,0,2026-09-28 17:04:00
2026-09-28 17:04:54,V0285,Carro,No_C_Leste,Prudente,28.19,8.34,37.81,0.18,0,0,0,2026-09-28 17:04:00
2026-09-28 17:04:46,V0286,Moto,No_C_Leste,Prudente,18.37,42.93,36.74,-0.36,0,0,0,2026-09-28 17:04:00
2026-09-28 17:04:47,V0286,Moto,No_C_Leste,Prudente,15.35,42.18,44.83,1.36,0,0,0,2026-09-28 17:04:00
2026-09-28 17:04:48,V0286,Moto,No_C_Leste,Prudente,12.49,41.46,42.47,-0.14,0,0,0,2026-09-28 17:04:00
2026-09-28 17:04:49,V0286,Moto,No_C_Leste,Prudente,9.88,40.81,38.83,0.55,0,0,0,2026-09-28 17:04:00
2026-09-28 17:04:50,V0286,Moto,No_C_Leste,Prudente,7.11,40.12,41.14,-1.65,0,0,0,2026-09-28 17:04:00
2026-09-28 17:04:51,V0286,Moto,No_C_Leste,Prudente,4.22,39.4,42.86,-0.86,0,0,0,2026-09-28 17:04:00
2026-09-28 17:04:52,V0286,Moto,No_C_Leste,Prudente,2.0,38.84,32.92,-1.67,0,0,0,2026-09-28 17:04:00
2026-09-28 17:04:53,V0286,Moto,No_C_Leste,Prudente,0.0,38.19,38.92,-1.02,0,0,0,2026-09-28 17:04:00
2026-09-28 17:04:54,V0286,Moto,No_C_Leste,Prudente,0.0,37.71,28.37,-0.36,0,0,0,2026-09-28 17:04:00
2026-09-28 17:04:55,V0286,Moto,No_C_Leste,Prudente,0.0,37.08,37.55,-0.15,0,0,0,2026-09-28 17:04:00
2026-09-28 17:04:47,V0287,Carro,No_B_Norte,Prudente,33.43,25.23,42.53,0.53,0,0,0,2026-09-28 17:04:00
2026-09-28 17:04:48,V0287,Carro,No_B_Norte,Prudente,34.15,27.22,30.5,-0.13,0,0,0,2026-09-28 17:04:00
2026-09-28 17:04:49,V0287,Carro,No_B_Norte,Prudente,34.93,29.38,33.08,0.9,0,0,0,2026-09-28 17:04:00
2026-09-28 17:04:50,V0287,Carro,No_B_Norte,Prudente,35.96,32.25,43.92,-0.9,0,0,0,2026-09-28 17:04:00
2026-09-28 17:04:51,V0287,Carro,No_B_Norte,Prudente,36.82,34.61,36.17,-0.46,0,0,0,2026-09-28 17:04:00
2026-09-28 17:04:52,V0287,Carro,No_B_Norte,Prudente,37.5,36.49,28.74,0.34,0,0,0,2026-09-28 17:04:00
2026-09-28 17:04:53,V0287,Carro,No_B_Norte,Prudente,38.41,39.01,38.64,0.97,0,0,0,2026-09-28 17:04:00
2026-09-28 17:04:54,V0287,Carro,No_B_Norte,Prudente,39.22,41.26,34.51,-0.62,0,0,0,2026-09-28 17:04:00
2026-09-28 17:04:55,V0287,Carro,No_B_Norte,Prudente,39.99,43.38,32.47,-1.0,0,0,0,2026-09-28 17:04:00
2026-09-28 17:04:56,V0287,Carro,No_B_Norte,Prudente,40.79,45.61,34.09,1.0,0,0,0,2026-09-28 17:04:00
2026-09-28 17:04:48,V0288,Onibus,No_B_Norte,Agressivo,29.85,12.19,70.26,2.72,1,0,1,2026-09-28 17:04:00
2026-09-28 17:04:49,V0288,Onibus,No_B_Norte,Agressivo,31.78,17.18,77.1,0.74,1,0,1,2026-09-28 17:04:00
2026-09-28 17:04:50,V0288,Onibus,No_B_Norte,Agressivo,33.29,21.1,60.49,2.26,1,0,1,2026-09-28 17:04:00
2026-09-28 17:04:51,V0288,Onibus,No_B_Norte,Agressivo,34.89,25.23,63.78,2.31,1,0,1,2026-09-28 17:04:00
2026-09-28 17:04:52,V0288,Onibus,No_B_Norte,Agressivo,36.45,29.27,62.39,2.31,1,0,1,2026-09-28 17:04:00
2026-09-28 17:04:53,V0288,Onibus,No_B_Norte,Agressivo,37.66,32.41,48.43,4.99,0,1,1,2026-09-28 17:04:00
2026-09-28 17:04:54,V0288,Onibus,No_B_Norte,Agressivo,39.87,38.1,87.89,3.6,1,0,1,2026-09-28 17:04:00
2026-09-28 17:04:55,V0288,Onibus,No_B_Norte,Agressivo,41.27,41.72,55.91,0.93,0,0,0,2026-09-28 17:04:00
2026-09-28 17:04:56,V0288,Onibus,No_B_Norte,Agressivo,43.02,46.25,69.91,3.77,1,0,1,2026-09-28 17:04:00
2026-09-28 17:04:57,V0288,Onibus,No_B_Norte,Agressivo,44.59,50.0,62.73,4.51,1,1,1,2026-09-28 17:04:00
2026-09-28 17:04:50,V0289,Carro,No_A_Centro,Infrator,35.59,28.01,82.72,0.78,1,0,1,2026-09-28 17:04:00
2026-09-28 17:04:51,V0289,Carro,No_A_Centro,Infrator,39.94,32.4,89.02,8.96,1,1,1,2026-09-28 17:04:00
2026-09-28 17:04:52,V0289,Carro,No_A_Centro,Infrator,44.15,36.65,86.08,2.28,1,0,1,2026-09-28 17:04:00
2026-09-28 17:04:53,V0289,Carro,No_A_Centro,Infrator,48.77,41.32,94.58,6.99,1,1,1,2026-09-28 17:04:00
2026-09-28 17:04:54,V0289,Carro,No_A_Centro,Infrator,50.0,45.0,74.74,6.14,1,1,1,2026-09-28 17:04:00
2026-09-28 17:04:55,V0289,Carro,No_A_Centro,Infrator,50.0,49.69,94.97,8.55,1,1,1,2026-09-28 17:04:00
2026-09-28 17:04:56,V0289,Carro,No_A_Centro,Infrator,50.0,50.0,84.34,3.93,1,0,1,2026-09-28 17:04:00
2026-09-28 17:04:57,V0289,Carro,No_A_Centro,Infrator,50.0,50.0,97.27,1.37,1,0,1,2026-09-28 17:04:00
2026-09-28 17:04:58,V0289,Carro,No_A_Centro,Infrator,50.0,50.0,89.39,0.89,1,0,1,2026-09-28 17:04:00
2026-09-28 17:04:50,V0290,Carro,No_A_Centro,Agressivo,44.88,35.11,54.85,6.57,0,1,1,2026-09-28 17:04:00
2026-09-28 17:04:51,V0290,Carro,No_A_Centro,Agressivo,48.65,33.08,61.67,4.21,1,1,1,2026-09-28 17:04:00
2026-09-28 17:04:52,V0290,Carro,No_A_Centro,Agressivo,50.0,30.93,65.39,3.42,1,0,1,2026-09-28 17:04:00
2026-09-28 17:04:53,V0290,Carro,No_A_Centro,Agressivo,50.0,28.64,69.55,1.61,1,0,1,2026-09-28 17:04:00
2026-09-28 17:04:54,V0290,Carro,No_A_Centro,Agressivo,50.0,26.16,75.44,-0.16,1,0,1,2026-09-28 17:04:00
2026-09-28 17:04:55,V0290,Carro,No_A_Centro,Agressivo,50.0,24.29,56.69,5.58,0,1,1,2026-09-28 17:04:00
2026-09-28 17:04:56,V0290,Carro,No_A_Centro,Agressivo,50.0,22.0,69.72,8.08,1,1,1,2026-09-28 17:04:00
2026-09-28 17:04:57,V0290,Carro,No_A_Centro,Agressivo,50.0,19.84,65.55,6.4,1,1,1,2026-09-28 17:04:00
2026-09-28 17:04:58,V0290,Carro,No_A_Centro,Agressivo,50.0,18.19,50.14,0.17,0,0,0,2026-09-28 17:04:00
2026-09-28 17:04:59,V0290,Carro,No_A_Centro,Agressivo,50.0,15.82,72.16,-0.48,1,0,1,2026-09-28 17:04:00
2026-09-28 17:04:51,V0291,Carro,No_A_Centro,Prudente,41.66,22.96,40.1,-0.8,0,0,0,2026-09-28 17:04:00
2026-09-28 17:04:52,V0291,Carro,No_A_Centro,Prudente,44.62,23.3,42.89,0.46,0,0,0,2026-09-28 17:04:00
2026-09-28 17:04:53,V0291,Carro,No_A_Centro,Prudente,47.91,23.67,47.7,1.26,0,0,0,2026-09-28 17:04:00
2026-09-28 17:04:54,V0291,Carro,No_A_Centro,Prudente,50.0,23.96,36.57,0.82,0,0,0,2026-09-28 17:04:00
2026-09-28 17:04:55,V0291,Carro,No_A_Centro,Prudente,50.0,24.23,35.25,0.7,0,0,0,2026-09-28 17:04:00
2026-09-28 17:04:56,V0291,Carro,No_A_Centro,Prudente,50.0,24.53,37.42,-1.02,0,0,0,2026-09-28 17:04:00
2026-09-28 17:04:57,V0291,Carro,No_A_Centro,Prudente,50.0,24.85,41.4,-2.67,0,0,0,2026-09-28 17:04:00
2026-09-28 17:04:58,V0291,Carro,No_A_Centro,Prudente,50.0,25.09,31.25,-0.18,0,0,0,2026-09-28 17:04:00
2026-09-28 17:04:59,V0291,Carro,No_A_Centro,Prudente,50.0,25.41,40.41,-0.37,0,0,0,2026-09-28 17:04:00
2026-09-28 17:05:00,V0291,Carro,No_A_Centro,Prudente,50.0,25.66,32.1,-0.82,0,0,0,2026-09-28 17:05:00
2026-09-28 17:04:52,V0292,Carro,No_A_Centro,Prudente,41.18,33.0,34.49,-0.01,0,0,0,2026-09-28 17:04:00
2026-09-28 17:04:53,V0292,Carro,No_A_Centro,Prudente,42.71,31.1,35.1,0.65,0,0,0,2026-09-28 17:04:00
2026-09-28 17:04:54,V0292,Carro,No_A_Centro,Prudente,44.29,29.13,36.42,-0.1,0,0,0,2026-09-28 17:04:00
2026-09-28 17:04:55,V0292,Carro,No_A_Centro,Prudente,46.0,27.0,39.3,0.12,0,0,0,2026-09-28 17:04:00
2026-09-28 17:04:56,V0292,Carro,No_A_Centro,Prudente,48.1,24.39,48.31,-0.24,0,0,0,2026-09-28 17:04:00
2026-09-28 17:04:57,V0292,Carro,No_A_Centro,Prudente,50.0,21.9,46.09,0.48,0,0,0,2026-09-28 17:04:00
2026-09-28 17:04:58,V0292,Carro,No_A_Centro,Prudente,50.0,19.35,47.09,-0.34,0,0,0,2026-09-28 17:04:00
2026-09-28 17:04:59,V0292,Carro,No_A_Centro,Prudente,50.0,16.99,43.48,-0.06,0,0,0,2026-09-28 17:04:00
2026-09-28 17:05:00,V0292,Carro,No_A_Centro,Prudente,50.0,15.64,25.05,-1.09,0,0,0,2026-09-28 17:05:00
2026-09-28 17:05:01,V0292,Carro,No_A_Centro,Prudente,50.0,13.31,42.91,0.52,0,0,0,2026-09-28 17:05:00
2026-09-28 17:04:53,V0293,Carro,No_A_Centro,Prudente,23.73,12.9,50.72,-0.47,0,0,0,2026-09-28 17:04:00
2026-09-28 17:04:54,V0293,Carro,No_A_Centro,Prudente,20.95,13.47,40.79,1.16,0,0,0,2026-09-28 17:04:00
2026-09-28 17:04:55,V0293,Carro,No_A_Centro,Prudente,18.44,13.99,36.96,-1.01,0,0,0,2026-09-28 17:04:00
2026-09-28 17:04:56,V0293,Carro,No_A_Centro,Prudente,15.63,14.56,41.27,-1.79,0,0,0,2026-09-28 17:04:00
2026-09-28 17:04:57,V0293,Carro,No_A_Centro,Prudente,13.01,15.1,38.56,0.25,0,0,0,2026-09-28 17:04:00
2026-09-28 17:04:58,V0293,Carro,No_A_Centro,Prudente,10.38,15.64,38.65,-1.54,0,0,0,2026-09-28 17:04:00
2026-09-28 17:04:59,V0293,Carro,No_A_Centro,Prudente,7.12,16.31,47.97,0.1,0,0,0,2026-09-28 17:04:00
2026-09-28 17:05:00,V0293,Carro,No_A_Centro,Prudente,3.91,16.97,47.16,-0.26,0,0,0,2026-09-28 17:05:00
2026-09-28 17:05:01,V0293,Carro,No_A_Centro,Prudente,1.49,17.47,35.6,0.27,0,0,0,2026-09-28 17:05:00
2026-09-28 17:05:02,V0293,Carro,No_A_Centro,Prudente,0.0,18.01,38.92,-1.18,0,0,0,2026-09-28 17:05:00
2026-09-28 17:04:54,V0294,Moto,No_C_Leste,Agressivo,17.48,32.86,55.87,2.22,0,0,0,2026-09-28 17:04:00
2026-09-28 17:04:55,V0294,Moto,No_C_Leste,Agressivo,13.34,30.56,68.21,0.1,1,0,1,2026-09-28 17:04:00
2026-09-28 17:04:56,V0294,Moto,No_C_Leste,Agressivo,9.15,28.22,69.17,-2.35,1,0,1,2026-09-28 17:04:00
2026-09-28 17:04:57,V0294,Moto,No_C_Leste,Agressivo,4.96,25.9,68.94,1.01,1,0,1,2026-09-28 17:04:00
2026-09-28 17:04:58,V0294,Moto,No_C_Leste,Agressivo,1.23,23.82,61.42,4.3,1,1,1,2026-09-28 17:04:00
2026-09-28 17:04:59,V0294,Moto,No_C_Leste,Agressivo,0.0,21.51,68.58,2.98,1,0,1,2026-09-28 17:04:00
2026-09-28 17:05:00,V0294,Moto,No_C_Leste,Agressivo,0.0,19.06,72.75,-0.4,1,0,1,2026-09-28 17:05:00
2026-09-28 17:05:01,V0294,Moto,No_C_Leste,Agressivo,0.0,16.81,66.64,1.42,1,0,1,2026-09-28 17:05:00
2026-09-28 17:05:02,V0294,Moto,No_C_Leste,Agressivo,0.0,14.37,72.34,4.37,1,1,1,2026-09-28 17:05:00
2026-09-28 17:05:03,V0294,Moto,No_C_Leste,Agressivo,0.0,11.98,70.79,6.29,1,1,1,2026-09-28 17:05:00
2026-09-28 17:04:55,V0295,Carro,No_B_Norte,Infrator,29.2,37.61,92.67,4.99,1,1,1,2026-09-28 17:04:00
2026-09-28 17:04:57,V0295,Carro,No_B_Norte,Infrator,40.34,34.51,70.61,4.32,1,1,1,2026-09-28 17:04:00
2026-09-28 17:04:58,V0295,Carro,No_B_Norte,Infrator,44.43,33.37,61.22,5.58,1,1,1,2026-09-28 17:04:00
2026-09-28 17:04:59,V0295,Carro,No_B_Norte,Infrator,50.0,31.72,88.65,4.88,1,1,1,2026-09-28 17:04:00
2026-09-28 17:05:00,V0295,Carro,No_B_Norte,Infrator,50.0,30.27,78.45,-1.15,1,0,1,2026-09-28 17:05:00
2026-09-28 17:05:01,V0295,Carro,No_B_Norte,Infrator,50.0,28.61,88.74,9.37,1,1,1,2026-09-28 17:05:00
2026-09-28 17:05:02,V0295,Carro,No_B_Norte,Infrator,50.0,27.14,79.09,6.32,1,1,1,2026-09-28 17:05:00
2026-09-28 17:05:03,V0295,Carro,No_B_Norte,Infrator,50.0,25.85,69.32,6.37,1,1,1,2026-09-28 17:05:00
2026-09-28 17:05:04,V0295,Carro,No_B_Norte,Infrator,50.0,24.35,81.07,2.71,1,0,1,2026-09-28 17:05:00
2026-09-28 17:04:56,V0296,Carro,No_C_Leste,Prudente,8.71,46.94,38.62,-0.34,0,0,0,2026-09-28 17:04:00
2026-09-28 17:04:57,V0296,Carro,No_C_Leste,Prudente,7.79,49.31,36.64,0.14,0,0,0,2026-09-28 17:04:00
2026-09-28 17:04:58,V0296,Carro,No_C_Leste,Prudente,6.83,50.0,38.43,-1.6,0,0,0,2026-09-28 17:04:00
2026-09-28 17:04:59,V0296,Carro,No_C_Leste,Prudente,5.83,50.0,40.17,-0.12,0,0,0,2026-09-28 17:04:00
2026-09-28 17:05:00,V0296,Carro,No_C_Leste,Prudente,5.02,50.0,32.1,-0.59,0,0,0,2026-09-28 17:05:00
2026-09-28 17:05:01,V0296,Carro,No_C_Leste,Prudente,3.95,50.0,42.99,-1.14,0,0,0,2026-09-28 17:05:00
2026-09-28 17:05:02,V0296,Carro,No_C_Leste,Prudente,3.1,50.0,33.79,-0.32,0,0,0,2026-09-28 17:05:00
2026-09-28 17:05:03,V0296,Carro,No_C_Leste,Prudente,2.03,50.0,43.11,1.81,0,0,0,2026-09-28 17:05:00
2026-09-28 17:05:04,V0296,Carro,No_C_Leste,Prudente,0.94,50.0,43.29,1.08,0,0,0,2026-09-28 17:05:00
2026-09-28 17:05:05,V0296,Carro,No_C_Leste,Prudente,0.0,50.0,41.73,-0.69,0,0,0,2026-09-28 17:05:00
2026-09-28 17:04:57,V0297,Carro,No_C_Leste,Prudente,24.13,44.62,33.65,1.54,0,0,0,2026-09-28 17:04:00
2026-09-28 17:04:58,V0297,Carro,No_C_Leste,Prudente,25.86,46.74,39.44,0.3,0,0,0,2026-09-28 17:04:00
2026-09-28 17:04:59,V0297,Carro,No_C_Leste,Prudente,27.79,49.13,44.17,-0.63,0,0,0,2026-09-28 17:04:00
2026-09-28 17:05:00,V0297,Carro,No_C_Leste,Prudente,29.73,50.0,44.32,-2.71,0,0,0,2026-09-28 17:05:00
2026-09-28 17:05:01,V0297,Carro,No_C_Leste,Prudente,31.32,50.0,36.4,-0.92,0,0,0,2026-09-28 17:05:00
2026-09-28 17:05:02,V0297,Carro,No_C_Leste,Prudente,32.79,50.0,33.73,-0.21,0,0,0,2026-09-28 17:05:00
2026-09-28 17:05:03,V0297,Carro,No_C_Leste,Prudente,34.63,50.0,41.93,0.7,0,0,0,2026-09-28 17:05:00
2026-09-28 17:05:04,V0297,Carro,No_C_Leste,Prudente,36.43,50.0,41.2,-0.67,0,0,0,2026-09-28 17:05:00
2026-09-28 17:05:05,V0297,Carro,No_C_Leste,Prudente,38.26,50.0,41.85,0.12,0,0,0,2026-09-28 17:05:00
2026-09-28 17:05:06,V0297,Carro,No_C_Leste,Prudente,40.21,50.0,44.68,0.78,0,0,0,2026-09-28 17:05:00
2026-09-28 17:04:58,V0298,Onibus,No_A_Centro,Prudente,9.0,28.48,42.38,-0.49,0,0,0,2026-09-28 17:04:00
2026-09-28 17:04:59,V0298,Onibus,No_A_Centro,Prudente,9.32,31.2,39.52,-1.11,0,0,0,2026-09-28 17:04:00
2026-09-28 17:05:00,V0298,Onibus,No_A_Centro,Prudente,9.59,33.53,33.75,0.21,0,0,0,2026-09-28 17:05:00
2026-09-28 17:05:01,V0298,Onibus,No_A_Centro,Prudente,9.88,36.04,36.35,-1.78,0,0,0,2026-09-28 17:05:00
2026-09-28 17:05:02,V0298,Onibus,No_A_Centro,Prudente,10.15,38.42,34.44,-0.97,0,0,0,2026-09-28 17:05:00
2026-09-28 17:05:03,V0298,Onibus,No_A_Centro,Prudente,10.51,41.44,43.87,0.18,0,0,0,2026-09-28 17:05:00
2026-09-28 17:05:04,V0298,Onibus,No_A_Centro,Prudente,10.79,43.9,35.64,-0.59,0,0,0,2026-09-28 17:05:00
2026-09-28 17:05:05,V0298,Onibus,No_A_Centro,Prudente,11.17,47.11,46.56,0.94,0,0,0,2026-09-28 17:05:00
2026-09-28 17:05:06,V0298,Onibus,No_A_Centro,Prudente,11.44,49.49,34.41,1.16,0,0,0,2026-09-28 17:05:00
2026-09-28 17:05:07,V0298,Onibus,No_A_Centro,Prudente,11.76,50.0,39.6,0.8,0,0,0,2026-09-28 17:05:00
2026-09-28 17:04:59,V0299,Moto,No_B_Norte,Prudente,36.45,24.32,38.75,-1.16,0,0,0,2026-09-28 17:04:00
2026-09-28 17:05:00,V0299,Moto,No_B_Norte,Prudente,34.11,25.53,37.93,0.03,0,0,0,2026-09-28 17:05:00
2026-09-28 17:05:01,V0299,Moto,No_B_Norte,Prudente,31.19,27.03,47.31,-0.29,0,0,0,2026-09-28 17:05:00
2026-09-28 17:05:02,V0299,Moto,No_B_Norte,Prudente,28.39,28.47,45.36,1.43,0,0,0,2026-09-28 17:05:00
2026-09-28 17:05:03,V0299,Moto,No_B_Norte,Prudente,25.48,29.97,47.17,0.28,0,0,0,2026-09-28 17:05:00
2026-09-28 17:05:04,V0299,Moto,No_B_Norte,Prudente,23.61,30.93,30.18,0.46,0,0,0,2026-09-28 17:05:00
2026-09-28 17:05:05,V0299,Moto,No_B_Norte,Prudente,20.82,32.37,45.24,-0.08,0,0,0,2026-09-28 17:05:00
2026-09-28 17:05:06,V0299,Moto,No_B_Norte,Prudente,17.81,33.91,48.72,0.86,0,0,0,2026-09-28 17:05:00
2026-09-28 17:05:07,V0299,Moto,No_B_Norte,Prudente,15.16,35.28,42.84,1.09,0,0,0,2026-09-28 17:05:00
2026-09-28 17:05:08,V0299,Moto,No_B_Norte,Prudente,12.59,36.6,41.67,-2.49,0,0,0,2026-09-28 17:05:00
